ID,block,FLE_condition,speed_dva,FLE_dva,n_trials,FLE_ms,expected_trials,missing_trials,complete_cell
001,1,flashbaseline,NA,0.44761259003622056,7,NA,8,1,FALSE
001,1,petal,10,3.681693159995995,4,368.16931599959946,4,0,TRUE
001,1,petal,15,4.79097417378528,4,319.398278252352,4,0,TRUE
001,1,petal,20,5.28805763661248,4,264.402881830624,4,0,TRUE
001,1,fugal,10,1.850865986558637,4,185.0865986558637,4,0,TRUE
001,1,fugal,15,2.278661214323615,4,151.91074762157433,4,0,TRUE
001,1,fugal,20,3.7882945553291276,4,189.41472776645637,4,0,TRUE
001,2,flashbaseline,NA,0.16018594093811078,8,NA,8,0,TRUE
001,2,petal,10,3.214551672373235,4,321.4551672373235,4,0,TRUE
001,2,petal,15,4.634802598684782,4,308.9868399123188,4,0,TRUE
001,2,petal,20,5.748293693553403,4,287.4146846776701,4,0,TRUE
001,2,fugal,10,1.5662572730241995,4,156.62572730241993,4,0,TRUE
001,2,fugal,15,3.4277124408680275,4,228.51416272453517,4,0,TRUE
001,2,fugal,20,3.9016371557325,4,195.081857786625,4,0,TRUE
001,3,flashbaseline,NA,0.3707837550476473,8,NA,8,0,TRUE
001,3,petal,10,3.5383623047568475,4,353.8362304756847,4,0,TRUE
001,3,petal,15,5.376189206451725,4,358.41261376344835,4,0,TRUE
001,3,petal,20,5.353327445052795,4,267.66637225263975,4,0,TRUE
001,3,fugal,10,1.431382026881428,4,143.1382026881428,4,0,TRUE
001,3,fugal,15,3.30161770344211,4,220.10784689614067,4,0,TRUE
001,3,fugal,20,2.9623693936831925,4,148.1184696841596,4,0,TRUE
001,4,flashbaseline,NA,0.06426222690707374,8,NA,8,0,TRUE
001,4,petal,10,3.97129318875943,4,397.129318875943,4,0,TRUE
001,4,petal,15,5.31152305280279,4,354.1015368535193,4,0,TRUE
001,4,petal,20,5.479702669629237,4,273.98513348146184,4,0,TRUE
001,4,fugal,10,2.9719632055020124,4,297.1963205502012,4,0,TRUE
001,4,fugal,15,2.989406391509115,4,199.293759433941,4,0,TRUE
001,4,fugal,20,3.789898353459132,4,189.49491767295663,4,0,TRUE
001,5,flashbaseline,NA,-0.4547886429183896,8,NA,8,0,TRUE
001,5,petal,10,3.7199438663877076,4,371.9943866387708,4,0,TRUE
001,5,petal,15,4.17072175140823,4,278.0481167605487,4,0,TRUE
001,5,petal,20,4.575757685558573,4,228.78788427792864,4,0,TRUE
001,5,fugal,10,1.284860455370447,4,128.4860455370447,4,0,TRUE
001,5,fugal,15,2.440346651436445,4,162.6897767624297,4,0,TRUE
001,5,fugal,20,3.6816725624491675,4,184.08362812245838,4,0,TRUE
001,6,flashbaseline,NA,-0.15201076921615336,8,NA,8,0,TRUE
001,6,petal,10,4.153216810700233,4,415.32168107002326,4,0,TRUE
001,6,petal,15,5.49681240042082,4,366.4541600280547,4,0,TRUE
001,6,petal,20,5.702524430091238,4,285.1262215045619,4,0,TRUE
001,6,fugal,10,2.2520335073659674,4,225.20335073659675,4,0,TRUE
001,6,fugal,15,3.5495496503235877,4,236.63664335490583,4,0,TRUE
001,6,fugal,20,2.8082728660615466,4,140.41364330307732,4,0,TRUE
001,7,flashbaseline,NA,-0.43879887597035777,8,NA,8,0,TRUE
001,7,petal,10,3.7296294931216574,4,372.96294931216573,4,0,TRUE
001,7,petal,15,5.1083520212127,4,340.55680141418,4,0,TRUE
001,7,petal,20,5.50287288484682,4,275.143644242341,4,0,TRUE
001,7,fugal,10,1.781166236393595,4,178.1166236393595,4,0,TRUE
001,7,fugal,15,2.7603223864315174,4,184.02149242876783,4,0,TRUE
001,7,fugal,20,3.490896819587165,4,174.54484097935824,4,0,TRUE
001,8,flashbaseline,NA,0.07142362670939528,8,NA,8,0,TRUE
001,8,petal,10,4.848937762292837,4,484.8937762292837,4,0,TRUE
001,8,petal,15,4.994774042866013,4,332.9849361910675,4,0,TRUE
001,8,petal,20,6.198091025803915,4,309.9045512901958,4,0,TRUE
001,8,fugal,10,0.9361417173644107,4,93.61417173644107,4,0,TRUE
001,8,fugal,15,3.44893898294931,4,229.929265529954,4,0,TRUE
001,8,fugal,20,3.809364116121415,4,190.46820580607076,4,0,TRUE
001,9,flashbaseline,NA,0.7107420724410435,8,NA,8,0,TRUE
001,9,petal,10,4.22769635909066,4,422.76963590906604,4,0,TRUE
001,9,petal,15,4.512276703651055,4,300.8184469100703,4,0,TRUE
001,9,petal,20,5.401441997176407,4,270.07209985882037,4,0,TRUE
001,9,fugal,10,0.8028769666966787,4,80.28769666966787,4,0,TRUE
001,9,fugal,15,2.76939198470563,4,184.62613231370867,4,0,TRUE
001,9,fugal,20,2.886637583370036,4,144.3318791685018,4,0,TRUE
001,10,flashbaseline,NA,-0.11733732023756385,8,NA,8,0,TRUE
001,10,petal,10,3.0701070794949574,4,307.0107079494958,4,0,TRUE
001,10,petal,15,3.9804948620718603,4,265.366324138124,4,0,TRUE
001,10,petal,20,4.719962792585798,4,235.99813962928988,4,0,TRUE
001,10,fugal,10,1.580543123253535,4,158.0543123253535,4,0,TRUE
001,10,fugal,15,2.254955361628881,4,150.33035744192537,4,0,TRUE
001,10,fugal,20,3.0688691838577324,4,153.44345919288662,4,0,TRUE
001,11,flashbaseline,NA,0.14786736618388946,8,NA,8,0,TRUE
001,11,petal,10,3.260695787607575,4,326.0695787607575,4,0,TRUE
001,11,petal,15,4.43417397106957,4,295.6115980713047,4,0,TRUE
001,11,petal,20,5.489676278372357,4,274.4838139186179,4,0,TRUE
001,11,fugal,10,1.0040079393881518,4,100.40079393881518,4,0,TRUE
001,11,fugal,15,2.294245684001555,4,152.94971226677035,4,0,TRUE
001,11,fugal,20,3.5031291702427527,4,175.15645851213762,4,0,TRUE
001,12,flashbaseline,NA,-0.3764065412999599,8,NA,8,0,TRUE
001,12,petal,10,2.78933508394161,4,278.933508394161,4,0,TRUE
001,12,petal,15,2.8679686166496525,4,191.1979077766435,4,0,TRUE
001,12,petal,20,6.560607451044678,4,328.03037255223387,4,0,TRUE
001,12,fugal,10,1.8991959895417034,3,189.91959895417034,4,1,FALSE
001,12,fugal,15,1.4068430912482293,4,93.78953941654862,4,0,TRUE
001,12,fugal,20,4.43596275377366,4,221.798137688683,4,0,TRUE
002,1,flashbaseline,NA,-0.35387390006467323,8,NA,8,0,TRUE
002,1,petal,10,2.6382117364329174,4,263.82117364329173,4,0,TRUE
002,1,petal,15,4.399538178747223,4,293.30254524981484,4,0,TRUE
002,1,petal,20,5.629071480854992,4,281.4535740427496,4,0,TRUE
002,1,fugal,10,0.41485423362285573,4,41.48542336228557,4,0,TRUE
002,1,fugal,15,1.768608287682885,4,117.90721917885901,4,0,TRUE
002,1,fugal,20,1.4003212135569933,4,70.01606067784967,4,0,TRUE
002,2,flashbaseline,NA,-0.46033310904344005,8,NA,8,0,TRUE
002,2,petal,10,1.6938662772966921,4,169.38662772966921,4,0,TRUE
002,2,petal,15,2.0289635408734097,4,135.2642360582273,4,0,TRUE
002,2,petal,20,2.27894651858101,4,113.9473259290505,4,0,TRUE
002,2,fugal,10,-1.0050860803392343,4,-100.50860803392344,4,0,TRUE
002,2,fugal,15,-0.8362842866967599,4,-55.752285779783996,4,0,TRUE
002,2,fugal,20,-0.7456319785754457,4,-37.28159892877229,4,0,TRUE
002,3,flashbaseline,NA,0.0522942471256814,8,NA,8,0,TRUE
002,3,petal,10,1.2304216264999273,4,123.04216264999272,4,0,TRUE
002,3,petal,15,2.382265998106337,4,158.81773320708913,4,0,TRUE
002,3,petal,20,2.239618243500672,4,111.98091217503361,4,0,TRUE
002,3,fugal,10,0.5228124351312272,4,52.281243513122725,4,0,TRUE
002,3,fugal,15,-0.07611549121543709,4,-5.074366081029139,4,0,TRUE
002,3,fugal,20,-0.04656947433545644,4,-2.3284737167728218,4,0,TRUE
002,4,flashbaseline,NA,-0.07940549231054624,8,NA,8,0,TRUE
002,4,petal,10,1.629449943900964,4,162.9449943900964,4,0,TRUE
002,4,petal,15,3.1763434833805673,4,211.75623222537115,4,0,TRUE
002,4,petal,20,2.6141058622512428,4,130.70529311256212,4,0,TRUE
002,4,fugal,10,-1.5495888479331499,4,-154.95888479331498,4,0,TRUE
002,4,fugal,15,-0.8376066943919692,4,-55.84044629279795,4,0,TRUE
002,4,fugal,20,-0.23604012509794647,4,-11.802006254897323,4,0,TRUE
002,5,flashbaseline,NA,0.4876495375915614,8,NA,8,0,TRUE
002,5,petal,10,2.838816832669435,4,283.8816832669435,4,0,TRUE
002,5,petal,15,1.8903179641295682,4,126.02119760863789,4,0,TRUE
002,5,petal,20,1.7753451233869826,4,88.76725616934914,4,0,TRUE
002,5,fugal,10,-1.2837580611496051,4,-128.3758061149605,4,0,TRUE
002,5,fugal,15,-1.206036422927984,4,-80.40242819519894,4,0,TRUE
002,5,fugal,20,0.18127844071072524,4,9.063922035536262,4,0,TRUE
002,6,flashbaseline,NA,0.1387248382101183,8,NA,8,0,TRUE
002,6,petal,10,2.059640703975922,4,205.96407039759217,4,0,TRUE
002,6,petal,15,2.3918665319224353,4,159.457768794829,4,0,TRUE
002,6,petal,20,2.3226116389601876,4,116.13058194800938,4,0,TRUE
002,6,fugal,10,0.4480603779684815,4,44.80603779684815,4,0,TRUE
002,6,fugal,15,-0.785371270556563,4,-52.358084703770864,4,0,TRUE
002,6,fugal,20,-0.6293352935214902,4,-31.46676467607451,4,0,TRUE
002,7,flashbaseline,NA,-0.8179986494117273,8,NA,8,0,TRUE
002,7,petal,10,2.2242096200349764,4,222.42096200349764,4,0,TRUE
002,7,petal,15,1.6421312967042947,4,109.47541978028632,4,0,TRUE
002,7,petal,20,4.139707860634315,4,206.98539303171574,4,0,TRUE
002,7,fugal,10,-0.37118523566399525,4,-37.118523566399524,4,0,TRUE
002,7,fugal,15,0.37218796429153156,4,24.81253095276877,4,0,TRUE
002,7,fugal,20,-0.1515722478374324,4,-7.578612391871619,4,0,TRUE
002,8,flashbaseline,NA,-0.4916621166293065,8,NA,8,0,TRUE
002,8,petal,10,3.0166055458417076,4,301.6605545841707,4,0,TRUE
002,8,petal,15,2.9230825540081478,4,194.87217026720984,4,0,TRUE
002,8,petal,20,3.3833949640164898,4,169.16974820082447,4,0,TRUE
002,8,fugal,10,-1.9162638080587109,4,-191.62638080587107,4,0,TRUE
002,8,fugal,15,-0.4051735830320526,4,-27.01157220213684,4,0,TRUE
002,8,fugal,20,0.7464090576129114,4,37.320452880645576,4,0,TRUE
002,9,flashbaseline,NA,-0.02604499793145343,8,NA,8,0,TRUE
002,9,petal,10,3.394622794133345,4,339.4622794133345,4,0,TRUE
002,9,petal,15,3.4738419128564075,4,231.58946085709383,4,0,TRUE
002,9,petal,20,3.73465386923866,4,186.732693461933,4,0,TRUE
002,9,fugal,10,-0.39694560903010373,4,-39.69456090301037,4,0,TRUE
002,9,fugal,15,-0.9460314994673257,4,-63.06876663115504,4,0,TRUE
002,9,fugal,20,-0.8498513824137774,4,-42.49256912068887,4,0,TRUE
002,10,flashbaseline,NA,0.007483246789172046,8,NA,8,0,TRUE
002,10,petal,10,2.1564725902501998,4,215.64725902501996,4,0,TRUE
002,10,petal,15,2.258792029352669,4,150.5861352901779,4,0,TRUE
002,10,petal,20,3.5924246645456877,4,179.62123322728436,4,0,TRUE
002,10,fugal,10,0.1403986802421444,4,14.039868024214442,4,0,TRUE
002,10,fugal,15,0.5541657045196773,4,36.944380301311824,4,0,TRUE
002,10,fugal,20,0.45733934752888994,4,22.866967376444496,4,0,TRUE
002,11,flashbaseline,NA,-0.31222327720638005,8,NA,8,0,TRUE
002,11,petal,10,0.8557440345321428,4,85.57440345321427,4,0,TRUE
002,11,petal,15,4.042794585307762,4,269.51963902051745,4,0,TRUE
002,11,petal,20,3.22680222265014,4,161.340111132507,4,0,TRUE
002,11,fugal,10,-0.055836964634385026,4,-5.5836964634385025,4,0,TRUE
002,11,fugal,15,-1.770281159811115,4,-118.01874398740766,4,0,TRUE
002,11,fugal,20,-1.2727839147049813,4,-63.63919573524907,4,0,TRUE
002,12,flashbaseline,NA,0.38887688674373516,8,NA,8,0,TRUE
002,12,petal,10,2.3626504463471116,4,236.26504463471116,4,0,TRUE
002,12,petal,15,2.3491936567491427,4,156.61291044994286,4,0,TRUE
002,12,petal,20,3.6482692606355624,4,182.41346303177812,4,0,TRUE
002,12,fugal,10,-1.1767358453458785,4,-117.67358453458785,4,0,TRUE
002,12,fugal,15,0.02974266211931298,4,1.9828441412875322,4,0,TRUE
002,12,fugal,20,-1.4013413662468663,4,-70.06706831234331,4,0,TRUE
003,1,flashbaseline,NA,0.3310098223782527,8,NA,8,0,TRUE
003,1,petal,10,2.5903670238822,4,259.03670238821996,4,0,TRUE
003,1,petal,15,3.67250674103943,4,244.83378273596202,4,0,TRUE
003,1,petal,20,5.0515648007002,4,252.57824003501,4,0,TRUE
003,1,fugal,10,0.764083601623341,4,76.4083601623341,4,0,TRUE
003,1,fugal,15,0.251217220437407,4,16.747814695827135,4,0,TRUE
003,1,fugal,20,-0.34819129084802014,4,-17.409564542401007,4,0,TRUE
003,2,flashbaseline,NA,0.06623917972319998,8,NA,8,0,TRUE
003,2,petal,10,2.7260552246332157,4,272.6055224633216,4,0,TRUE
003,2,petal,15,3.127345406224705,4,208.48969374831367,4,0,TRUE
003,2,petal,20,4.811896912835666,4,240.5948456417833,4,0,TRUE
003,2,fugal,10,-0.2441799458751509,4,-24.41799458751509,4,0,TRUE
003,2,fugal,15,1.0403965444720011,4,69.35976963146675,4,0,TRUE
003,2,fugal,20,0.71762342387604106,4,35.881171193802054,4,0,TRUE
003,3,flashbaseline,NA,-0.4019245722986575,8,NA,8,0,TRUE
003,3,petal,10,1.72521353589292,4,172.521353589292,4,0,TRUE
003,3,petal,15,3.2974117526444315,4,219.82745017629543,4,0,TRUE
003,3,petal,20,5.424481146794728,4,271.22405733973636,4,0,TRUE
003,3,fugal,10,0.0066777514327919785,4,0.6677751432791978,4,0,TRUE
003,3,fugal,15,0.43380582368543497,4,28.920388245695662,4,0,TRUE
003,3,fugal,20,1.5164053495610452,4,75.82026747805226,4,0,TRUE
003,4,flashbaseline,NA,0.654638966792487,8,NA,8,0,TRUE
003,4,petal,10,2.288724982599195,4,228.8724982599195,4,0,TRUE
003,4,petal,15,3.5642943046741173,4,237.61962031160783,4,0,TRUE
003,4,petal,20,3.7462676063132148,4,187.31338031566074,4,0,TRUE
003,4,fugal,10,0.9390551107221994,4,93.90551107221994,4,0,TRUE
003,4,fugal,15,1.984440033100289,4,132.29600220668596,4,0,TRUE
003,4,fugal,20,1.2966994416858009,4,64.83497208429004,4,0,TRUE
003,5,flashbaseline,NA,0.12280310046672312,8,NA,8,0,TRUE
003,5,petal,10,2.374826196489704,4,237.4826196489704,4,0,TRUE
003,5,petal,15,3.78032871088578,4,252.021914059052,4,0,TRUE
003,5,petal,20,4.94968333795025,4,247.48416689751252,4,0,TRUE
003,5,fugal,10,1.197330022224565,4,119.7330022224565,4,0,TRUE
003,5,fugal,15,1.950154337061065,4,130.01028913740433,4,0,TRUE
003,5,fugal,20,1.074321192609514,4,53.7160596304757,4,0,TRUE
003,6,flashbaseline,NA,-0.5959749105630944,8,NA,8,0,TRUE
003,6,petal,10,2.104200691532604,4,210.4200691532604,4,0,TRUE
003,6,petal,15,4.538388158553213,4,302.5592105702142,4,0,TRUE
003,6,petal,20,4.956936077460592,4,247.84680387302961,4,0,TRUE
003,6,fugal,10,1.1391652190955208,4,113.91652190955207,4,0,TRUE
003,6,fugal,15,-0.8910158613572858,4,-59.401057423819054,4,0,TRUE
003,6,fugal,20,0.22802244872274935,4,11.401122436137468,4,0,TRUE
003,7,flashbaseline,NA,0.3657299215176306,8,NA,8,0,TRUE
003,7,petal,10,2.157406349927744,4,215.7406349927744,4,0,TRUE
003,7,petal,15,3.286821053408632,4,219.12140356057546,4,0,TRUE
003,7,petal,20,4.510085149994683,4,225.50425749973414,4,0,TRUE
003,7,fugal,10,0.9680394199180102,4,96.80394199180103,4,0,TRUE
003,7,fugal,15,1.4009202099316147,4,93.39468066210765,4,0,TRUE
003,7,fugal,20,-0.5348604387604474,4,-26.74302193802237,4,0,TRUE
003,8,flashbaseline,NA,0.6644762914317728,8,NA,8,0,TRUE
003,8,petal,10,3.5270364308713353,4,352.7036430871335,4,0,TRUE
003,8,petal,15,2.6171491921384122,4,174.4766128092275,4,0,TRUE
003,8,petal,20,5.0407129141941045,4,252.03564570970522,4,0,TRUE
003,8,fugal,10,0.7511084614412785,4,75.11084614412786,4,0,TRUE
003,8,fugal,15,1.1930358973684665,4,79.5357264912311,4,0,TRUE
003,8,fugal,20,0.003307117484075084,4,0.1653558742037542,4,0,TRUE
003,9,flashbaseline,NA,0.7890766140538928,8,NA,8,0,TRUE
003,9,petal,10,1.8390124938476582,4,183.90124938476583,4,0,TRUE
003,9,petal,15,3.63308536745487,4,242.205691163658,4,0,TRUE
003,9,petal,20,4.2796282773448375,4,213.98141386724188,4,0,TRUE
003,9,fugal,10,-0.3571362423260267,4,-35.713624232602676,4,0,TRUE
003,9,fugal,15,1.7197627906906068,4,114.6508527127071,4,0,TRUE
003,9,fugal,20,2.8976986931804225,4,144.88493465902113,4,0,TRUE
003,10,flashbaseline,NA,-0.45311599677495334,8,NA,8,0,TRUE
003,10,petal,10,2.402263975664215,4,240.22639756642147,4,0,TRUE
003,10,petal,15,2.6061246657075876,4,173.74164438050585,4,0,TRUE
003,10,petal,20,5.652272373639493,4,282.61361868197463,4,0,TRUE
003,10,fugal,10,-0.9674392931935075,4,-96.74392931935074,4,0,TRUE
003,10,fugal,15,0.8659242374584672,4,57.72828249723115,4,0,TRUE
003,10,fugal,20,1.1099027430783925,4,55.49513715391963,4,0,TRUE
003,11,flashbaseline,NA,-0.6696132354001156,8,NA,8,0,TRUE
003,11,petal,10,2.7561466173915226,4,275.61466173915227,4,0,TRUE
003,11,petal,15,4.39407421346308,4,292.9382808975387,4,0,TRUE
003,11,petal,20,4.474178471787898,4,223.70892358939489,4,0,TRUE
003,11,fugal,10,0.5277900937898102,4,52.77900937898102,4,0,TRUE
003,11,fugal,15,1.1621201424904424,4,77.47467616602948,4,0,TRUE
003,11,fugal,20,1.2572649720395703,4,62.86324860197852,4,0,TRUE
003,12,flashbaseline,NA,0.27884689380673117,8,NA,8,0,TRUE
003,12,petal,10,2.80680905355336,4,280.68090535533594,4,0,TRUE
003,12,petal,15,4.58345912942823,4,305.56394196188205,4,0,TRUE
003,12,petal,20,5.4461896143217,4,272.309480716085,4,0,TRUE
003,12,fugal,10,-0.605959022544647,4,-60.59590225446469,4,0,TRUE
003,12,fugal,15,1.8096921520857268,4,120.64614347238178,4,0,TRUE
003,12,fugal,20,2.519545935669668,4,125.97729678348341,4,0,TRUE
004,1,flashbaseline,NA,0.165171431112434,8,NA,8,0,TRUE
004,1,petal,10,4.01849634301816,4,401.849634301816,4,0,TRUE
004,1,petal,15,3.7266678263146225,4,248.44452175430817,4,0,TRUE
004,1,petal,20,5.281886528533757,4,264.0943264266878,4,0,TRUE
004,1,fugal,10,2.8142751146915073,4,281.4275114691507,4,0,TRUE
004,1,fugal,15,3.3418194105645727,4,222.78796070430485,4,0,TRUE
004,1,fugal,20,4.378468221367703,4,218.92341106838515,4,0,TRUE
004,2,flashbaseline,NA,-0.6545646727590542,8,NA,8,0,TRUE
004,2,petal,10,3.6234880071659323,4,362.34880071659325,4,0,TRUE
004,2,petal,15,4.6262904154565225,4,308.4193610304348,4,0,TRUE
004,2,petal,20,5.0919967912537505,4,254.5998395626875,4,0,TRUE
004,2,fugal,10,0.7322167956290782,4,73.22167956290781,4,0,TRUE
004,2,fugal,15,2.8321621459600475,4,188.81080973066983,4,0,TRUE
004,2,fugal,20,4.038387722974765,4,201.91938614873823,4,0,TRUE
004,3,flashbaseline,NA,0.40867028755609736,8,NA,8,0,TRUE
004,3,petal,10,3.4584175473747973,4,345.84175473747973,4,0,TRUE
004,3,petal,15,4.293610987481543,4,286.24073249876955,4,0,TRUE
004,3,petal,20,5.033761782801572,4,251.68808914007863,4,0,TRUE
004,3,fugal,10,1.0663095539799967,4,106.63095539799967,4,0,TRUE
004,3,fugal,15,1.7503924105220374,4,116.69282736813582,4,0,TRUE
004,3,fugal,20,1.7980698071674688,4,89.90349035837345,4,0,TRUE
004,4,flashbaseline,NA,0.14886591577820185,8,NA,8,0,TRUE
004,4,petal,10,2.926103339043525,4,292.61033390435256,4,0,TRUE
004,4,petal,15,3.879354634506475,4,258.62364230043164,4,0,TRUE
004,4,petal,20,4.550459147930592,4,227.52295739652962,4,0,TRUE
004,4,fugal,10,0.6593544637247322,4,65.93544637247321,4,0,TRUE
004,4,fugal,15,1.4972229121668825,4,99.8148608111255,4,0,TRUE
004,4,fugal,20,1.990308503024179,4,99.51542515120896,4,0,TRUE
004,5,flashbaseline,NA,-0.07112785351232132,8,NA,8,0,TRUE
004,5,petal,10,2.780245765874435,4,278.0245765874435,4,0,TRUE
004,5,petal,15,4.33318109989153,3,288.8787399927687,4,1,FALSE
004,5,petal,20,5.074259081252043,4,253.71295406260214,4,0,TRUE
004,5,fugal,10,0.987182790690403,4,98.7182790690403,4,0,TRUE
004,5,fugal,15,1.7230421720825677,4,114.86947813883783,4,0,TRUE
004,5,fugal,20,1.9312732517332176,4,96.56366258666088,4,0,TRUE
004,6,flashbaseline,NA,-0.21830037959214024,8,NA,8,0,TRUE
004,6,petal,10,2.36391122751983,4,236.39112275198298,4,0,TRUE
004,6,petal,15,4.657284112982633,4,310.48560753217555,4,0,TRUE
004,6,petal,20,4.244355392628903,3,212.21776963144518,4,1,FALSE
004,6,fugal,10,-0.541058168868872,4,-54.105816886887204,4,0,TRUE
004,6,fugal,15,0.9483495868327041,4,63.22330578884694,4,0,TRUE
004,6,fugal,20,1.2105273874280476,4,60.526369371402374,4,0,TRUE
004,7,flashbaseline,NA,-0.40411807891409474,8,NA,8,0,TRUE
004,7,petal,10,2.9589148478743477,4,295.89148478743476,4,0,TRUE
004,7,petal,15,3.848507604717552,4,256.5671736478368,4,0,TRUE
004,7,petal,20,4.860522318566065,4,243.02611592830323,4,0,TRUE
004,7,fugal,10,0.9762167415230735,4,97.62167415230735,4,0,TRUE
004,7,fugal,15,0.7194521290644678,4,47.96347527096452,4,0,TRUE
004,7,fugal,20,0.6620545233453033,4,33.10272616726517,4,0,TRUE
004,8,flashbaseline,NA,-0.19391066131505852,8,NA,8,0,TRUE
004,8,petal,10,3.0786103137777725,4,307.86103137777724,4,0,TRUE
004,8,petal,15,3.2737631716006623,4,218.25087810671081,4,0,TRUE
004,8,petal,20,4.952117461270193,4,247.60587306350965,4,0,TRUE
004,8,fugal,10,-0.40703923511617174,4,-40.70392351161718,4,0,TRUE
004,8,fugal,15,0.3956568085510642,4,26.37712057007095,4,0,TRUE
004,8,fugal,20,1.2998663566870508,4,64.99331783435254,4,0,TRUE
004,9,flashbaseline,NA,-0.2593476831748314,8,NA,8,0,TRUE
004,9,petal,10,2.9469450827708177,4,294.69450827708175,4,0,TRUE
004,9,petal,15,4.28092472755201,4,285.3949818368007,4,0,TRUE
004,9,petal,20,4.210624870150583,4,210.53124350752913,4,0,TRUE
004,9,fugal,10,-0.12797345727663553,4,-12.797345727663552,4,0,TRUE
004,9,fugal,15,1.5280076699081433,4,101.86717799387623,4,0,TRUE
004,9,fugal,20,0.5846845012951278,4,29.23422506475639,4,0,TRUE
004,10,flashbaseline,NA,0.2844228524713979,8,NA,8,0,TRUE
004,10,petal,10,2.830979868177865,4,283.0979868177865,4,0,TRUE
004,10,petal,15,4.20195414275157,4,280.130276183438,4,0,TRUE
004,10,petal,20,4.267664802660085,4,213.38324013300425,4,0,TRUE
004,10,fugal,10,0.4574847301810178,4,45.748473018101784,4,0,TRUE
004,10,fugal,15,1.3629351029621368,4,90.86234019747579,4,0,TRUE
004,10,fugal,20,0.6324567521266992,4,31.622837606334954,4,0,TRUE
004,11,flashbaseline,NA,-0.39472720974235503,8,NA,8,0,TRUE
004,11,petal,10,3.442811759821085,4,344.2811759821085,4,0,TRUE
004,11,petal,15,3.88884900368509,4,259.25660024567264,4,0,TRUE
004,11,petal,20,5.077771479188625,4,253.88857395943126,4,0,TRUE
004,11,fugal,10,-0.36479534263648744,4,-36.479534263648745,4,0,TRUE
004,11,fugal,15,-0.3216950777634328,4,-21.446338517562186,4,0,TRUE
004,11,fugal,20,1.510794276117608,4,75.5397138058804,4,0,TRUE
004,12,flashbaseline,NA,0.031055310837992733,8,NA,8,0,TRUE
004,12,petal,10,2.9576706620349276,4,295.76706620349273,4,0,TRUE
004,12,petal,15,3.4490088913284827,4,229.9339260885655,4,0,TRUE
004,12,petal,20,4.42108401041217,4,221.0542005206085,4,0,TRUE
004,12,fugal,10,-0.9533334681422098,4,-95.33334681422099,4,0,TRUE
004,12,fugal,15,0.5324464740247221,4,35.49643160164814,4,0,TRUE
004,12,fugal,20,0.5982919362083688,4,29.91459681041844,4,0,TRUE
005,1,flashbaseline,NA,0.259478052125,8,NA,8,0,TRUE
005,1,petal,10,1.4531335525,4,145.31335525,4,0,TRUE
005,1,petal,15,1.3560549325,4,90.40366216666666,4,0,TRUE
005,1,petal,20,2.008245254,4,100.4122627,4,0,TRUE
005,1,fugal,10,-0.37154906625,4,-37.154906624999995,4,0,TRUE
005,1,fugal,15,0.11842888800000001,4,7.895259200000001,4,0,TRUE
005,1,fugal,20,-0.69009719275,4,-34.504859637500005,4,0,TRUE
005,2,flashbaseline,NA,-0.27051780875000003,8,NA,8,0,TRUE
005,2,petal,10,1.9721278715000001,4,197.21278715000003,4,0,TRUE
005,2,petal,15,1.40030170225,4,93.35344681666666,4,0,TRUE
005,2,petal,20,2.63761082125,4,131.8805410625,4,0,TRUE
005,2,fugal,10,-1.5463384115,4,-154.63384115,4,0,TRUE
005,2,fugal,15,-1.4058814327500002,4,-93.72542885000001,4,0,TRUE
005,2,fugal,20,0.1954409475,4,9.772047375,4,0,TRUE
005,3,flashbaseline,NA,0.550031321375,8,NA,8,0,TRUE
005,3,petal,10,1.9392675405,4,193.92675404999997,4,0,TRUE
005,3,petal,15,2.39403569825,4,159.60237988333333,4,0,TRUE
005,3,petal,20,2.161030664,4,108.05153320000001,4,0,TRUE
005,3,fugal,10,-0.29412334775000004,4,-29.412334775000005,4,0,TRUE
005,3,fugal,15,-0.29074456775,4,-19.382971183333332,4,0,TRUE
005,3,fugal,20,0.018944081750000064,4,0.9472040875000032,4,0,TRUE
005,4,flashbaseline,NA,-0.20053863287499998,8,NA,8,0,TRUE
005,4,petal,10,1.0349426765,4,103.49426765,4,0,TRUE
005,4,petal,15,1.67281719925,4,111.52114661666667,4,0,TRUE
005,4,petal,20,2.2813083387499997,4,114.06541693749999,4,0,TRUE
005,4,fugal,10,-0.76441609625,4,-76.44160962499998,4,0,TRUE
005,4,fugal,15,1.506115888,3,100.40772586666667,4,1,FALSE
005,4,fugal,20,-0.19452164049999995,4,-9.726082024999997,4,0,TRUE
005,5,flashbaseline,NA,0.11550860400000007,8,NA,8,0,TRUE
005,5,petal,10,1.44552596725,4,144.552596725,4,0,TRUE
005,5,petal,15,1.9180173557500002,4,127.86782371666669,4,0,TRUE
005,5,petal,20,1.50826504075,4,75.4132520375,4,0,TRUE
005,5,fugal,10,-1.366296305,4,-136.62963050000002,4,0,TRUE
005,5,fugal,15,-1.0123992,4,-67.49328,4,0,TRUE
005,5,fugal,20,-1.94512478825,4,-97.2562394125,4,0,TRUE
005,6,flashbaseline,NA,-0.034456004374999905,8,NA,8,0,TRUE
005,6,petal,10,1.23408340625,4,123.408340625,4,0,TRUE
005,6,petal,15,1.48573036975,4,99.04869131666666,4,0,TRUE
005,6,petal,20,1.49894905975,4,74.9474529875,4,0,TRUE
005,6,fugal,10,-0.872146573,4,-87.2146573,4,0,TRUE
005,6,fugal,15,-0.2876905525,4,-19.179370166666665,4,0,TRUE
005,6,fugal,20,0.07173413650000007,4,3.5867068250000034,4,0,TRUE
005,7,flashbaseline,NA,0.5056629232500001,8,NA,8,0,TRUE
005,7,petal,10,0.79285402725,4,79.285402725,4,0,TRUE
005,7,petal,15,1.2364788875000001,4,82.43192583333334,4,0,TRUE
005,7,petal,20,0.6396214687499999,4,31.981073437499994,4,0,TRUE
005,7,fugal,10,-0.22201448199999993,4,-22.201448199999994,4,0,TRUE
005,7,fugal,15,-1.83067802725,4,-122.04520181666668,4,0,TRUE
005,7,fugal,20,-0.84402329,4,-42.2011645,4,0,TRUE
005,8,flashbaseline,NA,-0.5410083371250001,8,NA,8,0,TRUE
005,8,petal,10,0.8129283647499999,4,81.29283647499999,4,0,TRUE
005,8,petal,15,1.3197765510000001,4,87.98510340000001,4,0,TRUE
005,8,petal,20,1.23360062225,4,61.6800311125,4,0,TRUE
005,8,fugal,10,-1.65301379325,4,-165.301379325,4,0,TRUE
005,8,fugal,15,-0.437919998,4,-29.194666533333333,4,0,TRUE
005,8,fugal,20,-0.028826148750000002,4,-1.4413074375000001,4,0,TRUE
005,9,flashbaseline,NA,-0.38005507825000007,8,NA,8,0,TRUE
005,9,petal,10,1.329136784,4,132.91367839999998,4,0,TRUE
005,9,petal,15,2.923998814,4,194.93325426666667,4,0,TRUE
005,9,petal,20,2.5089791015,4,125.448955075,4,0,TRUE
005,9,fugal,10,-0.10333829625000002,4,-10.333829625000002,4,0,TRUE
005,9,fugal,15,-0.31657902425,4,-21.10526828333333,4,0,TRUE
005,9,fugal,20,0.9437487817499999,4,47.18743908749999,4,0,TRUE
005,10,flashbaseline,NA,-0.5240384097499999,8,NA,8,0,TRUE
005,10,petal,10,1.50416618975,4,150.416618975,4,0,TRUE
005,10,petal,15,2.0785562635,4,138.57041756666666,4,0,TRUE
005,10,petal,20,1.7015164622499999,4,85.07582311249999,4,0,TRUE
005,10,fugal,10,-0.42760226525,4,-42.760226525,4,0,TRUE
005,10,fugal,15,0.43255297825,4,28.836865216666666,4,0,TRUE
005,10,fugal,20,-0.25725986725,4,-12.862993362500001,4,0,TRUE
005,11,flashbaseline,NA,0.24149959562499995,8,NA,8,0,TRUE
005,11,petal,10,2.394471346,4,239.4471346,4,0,TRUE
005,11,petal,15,2.551638401,4,170.10922673333334,4,0,TRUE
005,11,petal,20,2.80811598925,4,140.4057994625,4,0,TRUE
005,11,fugal,10,-1.21804840275,4,-121.804840275,4,0,TRUE
005,11,fugal,15,-0.413815226,4,-27.58768173333333,4,0,TRUE
005,11,fugal,20,-0.20593612725,4,-10.2968063625,4,0,TRUE
005,12,flashbaseline,NA,0.14468415012500002,8,NA,8,0,TRUE
005,12,petal,10,1.440133311,4,144.01333110000002,4,0,TRUE
005,12,petal,15,2.6853764225,4,179.02509483333336,4,0,TRUE
005,12,petal,20,3.2402036462500003,4,162.01018231250004,4,0,TRUE
005,12,fugal,10,-0.7309526637499999,4,-73.095266375,4,0,TRUE
005,12,fugal,15,-0.8043793545,4,-53.625290299999996,4,0,TRUE
005,12,fugal,20,-0.993108898,4,-49.6554449,4,0,TRUE
006,1,flashbaseline,NA,-0.5367183271908034,8,NA,8,0,TRUE
006,1,petal,10,4.075657829517365,4,407.5657829517365,4,0,TRUE
006,1,petal,15,4.852280459634468,4,323.4853639756312,4,0,TRUE
006,1,petal,20,4.453107805389465,4,222.65539026947323,4,0,TRUE
006,1,fugal,10,-0.8982137549297707,4,-89.82137549297707,4,0,TRUE
006,1,fugal,15,-0.5758205293701295,4,-38.388035291341964,4,0,TRUE
006,1,fugal,20,-1.8683825580009472,4,-93.41912790004736,4,0,TRUE
006,2,flashbaseline,NA,-0.42963166181699536,8,NA,8,0,TRUE
006,2,petal,10,2.9005802538816328,4,290.0580253881633,4,0,TRUE
006,2,petal,15,4.2277043928830524,4,281.8469595255368,4,0,TRUE
006,2,petal,20,4.2848652758799926,4,214.24326379399963,4,0,TRUE
006,2,fugal,10,-1.3248595586715717,3,-132.48595586715717,4,1,FALSE
006,2,fugal,15,-1.4503647608057022,4,-96.69098405371349,4,0,TRUE
006,2,fugal,20,-1.398788425584889,4,-69.93942127924444,4,0,TRUE
006,3,flashbaseline,NA,0.34645886551499233,8,NA,8,0,TRUE
006,3,petal,10,2.92045429332575,4,292.045429332575,4,0,TRUE
006,3,petal,15,3.1757811358708374,4,211.71874239138916,4,0,TRUE
006,3,petal,20,4.66471021152543,4,233.2355105762715,4,0,TRUE
006,3,fugal,10,-1.5558754253416947,4,-155.58754253416944,4,0,TRUE
006,3,fugal,15,-1.3268141289328332,4,-88.45427526218889,4,0,TRUE
006,3,fugal,20,-1.094617559667165,4,-54.730877983358255,4,0,TRUE
006,4,flashbaseline,NA,0.20216569024567566,8,NA,8,0,TRUE
006,4,petal,10,2.7406479830574475,4,274.0647983057448,4,0,TRUE
006,4,petal,15,4.21223599852168,4,280.81573323477863,4,0,TRUE
006,4,petal,20,4.3347720732056025,4,216.73860366028015,4,0,TRUE
006,4,fugal,10,-0.5621162796363376,4,-56.21162796363376,4,0,TRUE
006,4,fugal,15,-0.8120177377697897,4,-54.134515851319314,4,0,TRUE
006,4,fugal,20,-1.51820861037914,4,-75.91043051895699,4,0,TRUE
006,5,flashbaseline,NA,0.045945367716026475,8,NA,8,0,TRUE
006,5,petal,10,2.29191195316003,4,229.191195316003,4,0,TRUE
006,5,petal,15,2.65243680949953,4,176.829120633302,4,0,TRUE
006,5,petal,20,2.9456909646710576,4,147.2845482335529,4,0,TRUE
006,5,fugal,10,-0.9775398409840155,4,-97.75398409840156,4,0,TRUE
006,5,fugal,15,-2.091085887327669,4,-139.4057258218446,4,0,TRUE
006,5,fugal,20,-2.076509416722076,4,-103.8254708361038,4,0,TRUE
006,6,flashbaseline,NA,-0.4088658749932361,8,NA,8,0,TRUE
006,6,petal,10,2.2877967824264065,4,228.77967824264064,4,0,TRUE
006,6,petal,15,1.3717429776244452,4,91.44953184162968,4,0,TRUE
006,6,petal,20,3.324111199017295,4,166.20555995086474,4,0,TRUE
006,6,fugal,10,-1.6295580144033597,4,-162.95580144033596,4,0,TRUE
006,6,fugal,15,-2.1956470755974857,4,-146.37647170649907,4,0,TRUE
006,6,fugal,20,-2.037713325527432,4,-101.8856662763716,4,0,TRUE
006,7,flashbaseline,NA,-0.018347688157303726,8,NA,8,0,TRUE
006,7,petal,10,1.7778018571791376,4,177.78018571791375,4,0,TRUE
006,7,petal,15,2.074247023155915,4,138.283134877061,4,0,TRUE
006,7,petal,20,2.522082950799145,4,126.10414753995724,4,0,TRUE
006,7,fugal,10,-0.8534065250656198,4,-85.34065250656198,4,0,TRUE
006,7,fugal,15,-0.934073455610211,4,-62.271563707347404,4,0,TRUE
006,7,fugal,20,-1.874594814750695,4,-93.72974073753474,4,0,TRUE
006,8,flashbaseline,NA,0.29045424681247434,8,NA,8,0,TRUE
006,8,petal,10,1.8108831143523827,4,181.08831143523827,4,0,TRUE
006,8,petal,15,1.5056650168838734,4,100.37766779225824,4,0,TRUE
006,8,petal,20,2.2259310287605776,4,111.29655143802889,4,0,TRUE
006,8,fugal,10,-1.3080946433110565,4,-130.80946433110566,4,0,TRUE
006,8,fugal,15,-1.305163126995227,4,-87.01087513301515,4,0,TRUE
006,8,fugal,20,-1.1218444126898368,4,-56.09222063449184,4,0,TRUE
006,9,flashbaseline,NA,-0.031685082401695486,8,NA,8,0,TRUE
006,9,petal,10,1.7544291681970239,4,175.4429168197024,4,0,TRUE
006,9,petal,15,1.7820400950609652,4,118.80267300406435,4,0,TRUE
006,9,petal,20,2.26524071186468,4,113.262035593234,4,0,TRUE
006,9,fugal,10,-1.2640256987953808,4,-126.40256987953808,4,0,TRUE
006,9,fugal,15,-1.7527545873516412,4,-116.85030582344275,4,0,TRUE
006,9,fugal,20,-1.74237384113006,4,-87.118692056503,4,0,TRUE
006,10,flashbaseline,NA,-0.012815644093607581,8,NA,8,0,TRUE
006,10,petal,10,1.4374723934947466,4,143.74723934947468,4,0,TRUE
006,10,petal,15,1.97867440591868,4,131.91162706124535,4,0,TRUE
006,10,petal,20,2.4078466778343013,4,120.39233389171507,4,0,TRUE
006,10,fugal,10,-1.2204711300363142,4,-122.04711300363142,4,0,TRUE
006,10,fugal,15,-1.9975079471147459,4,-133.16719647431637,4,0,TRUE
006,10,fugal,20,-2.603316694308175,4,-130.16583471540875,4,0,TRUE
006,11,flashbaseline,NA,0.4537836237945398,8,NA,8,0,TRUE
006,11,petal,10,1.9627776118746825,4,196.27776118746826,4,0,TRUE
006,11,petal,15,1.7148649843560781,4,114.32433229040521,4,0,TRUE
006,11,petal,20,2.7682835166554773,4,138.41417583277388,4,0,TRUE
006,11,fugal,10,-1.68404753258367,3,-168.40475325836698,4,1,FALSE
006,11,fugal,15,-1.791940991998782,4,-119.4627327999188,4,0,TRUE
006,11,fugal,20,-1.5950539595557085,4,-79.75269797778542,4,0,TRUE
006,12,flashbaseline,NA,-0.28721802434593224,8,NA,8,0,TRUE
006,12,petal,10,2.1711214356532977,4,217.11214356532977,4,0,TRUE
006,12,petal,15,1.3507376655014225,4,90.04917770009483,4,0,TRUE
006,12,petal,20,2.628248948272282,4,131.4124474136141,4,0,TRUE
006,12,fugal,10,-1.633715253336534,4,-163.3715253336534,4,0,TRUE
006,12,fugal,15,-1.9916713682656426,4,-132.77809121770952,4,0,TRUE
006,12,fugal,20,-1.3469162908584207,4,-67.34581454292103,4,0,TRUE
007,1,flashbaseline,NA,-0.4579890876803949,8,NA,8,0,TRUE
007,1,petal,10,1.804448853216718,4,180.4448853216718,4,0,TRUE
007,1,petal,15,1.338912466861479,4,89.26083112409859,4,0,TRUE
007,1,petal,20,2.02735904565979,4,101.36795228298949,4,0,TRUE
007,1,fugal,10,1.6848366746944208,4,168.48366746944208,4,0,TRUE
007,1,fugal,15,0.5533075564913141,4,36.887170432754274,4,0,TRUE
007,1,fugal,20,0.9482377545826894,4,47.41188772913448,4,0,TRUE
007,2,flashbaseline,NA,-0.8818494764205822,8,NA,8,0,TRUE
007,2,petal,10,1.2415941009770894,4,124.15941009770896,4,0,TRUE
007,2,petal,15,1.8857170979767,4,125.71447319844667,4,0,TRUE
007,2,petal,20,2.90905898106117,4,145.4529490530585,4,0,TRUE
007,2,fugal,10,1.2864170586323225,4,128.64170586323226,4,0,TRUE
007,2,fugal,15,0.29906856585135955,4,19.937904390090637,4,0,TRUE
007,2,fugal,20,2.087281476227644,4,104.3640738113822,4,0,TRUE
007,3,flashbaseline,NA,0.25469531973614346,8,NA,8,0,TRUE
007,3,petal,10,1.1290071528494416,4,112.90071528494417,4,0,TRUE
007,3,petal,15,1.7692954920004624,4,117.95303280003083,4,0,TRUE
007,3,petal,20,3.6885744612751874,4,184.42872306375938,4,0,TRUE
007,3,fugal,10,1.4768774249761933,4,147.68774249761935,4,0,TRUE
007,3,fugal,15,1.7561152369465214,4,117.0743491297681,4,0,TRUE
007,3,fugal,20,1.8277463084550385,4,91.38731542275193,4,0,TRUE
007,4,flashbaseline,NA,0.011489538067890492,8,NA,8,0,TRUE
007,4,petal,10,1.6166409841497345,4,161.66409841497344,4,0,TRUE
007,4,petal,15,1.9888568035650624,4,132.59045357100416,4,0,TRUE
007,4,petal,20,2.9477112905300573,4,147.38556452650286,4,0,TRUE
007,4,fugal,10,0.7564792953236885,4,75.64792953236885,4,0,TRUE
007,4,fugal,15,1.4947130374607511,4,99.64753583071673,4,0,TRUE
007,4,fugal,20,1.2786692748218995,4,63.933463741094975,4,0,TRUE
007,5,flashbaseline,NA,-0.16734915484054694,8,NA,8,0,TRUE
007,5,petal,10,2.8179844371201326,4,281.79844371201324,4,0,TRUE
007,5,petal,15,1.5790656867709056,4,105.27104578472704,4,0,TRUE
007,5,petal,20,2.123146499856214,4,106.15732499281069,4,0,TRUE
007,5,fugal,10,0.5493756817313478,4,54.93756817313478,4,0,TRUE
007,5,fugal,15,0.7770805423834155,4,51.8053694922277,4,0,TRUE
007,5,fugal,20,2.079053810547391,4,103.95269052736955,4,0,TRUE
007,6,flashbaseline,NA,-0.25070370811482323,8,NA,8,0,TRUE
007,6,petal,10,1.0189279532051232,4,101.89279532051232,4,0,TRUE
007,6,petal,15,2.0775267871943677,4,138.50178581295785,4,0,TRUE
007,6,petal,20,3.04178466065789,4,152.0892330328945,4,0,TRUE
007,6,fugal,10,-0.29788277061689494,4,-29.788277061689495,4,0,TRUE
007,6,fugal,15,1.152886937970005,4,76.85912919800033,4,0,TRUE
007,6,fugal,20,0.3533765072017976,4,17.66882536008988,4,0,TRUE
007,7,flashbaseline,NA,-0.5013407137828065,8,NA,8,0,TRUE
007,7,petal,10,1.6353678052944263,4,163.5367805294426,4,0,TRUE
007,7,petal,15,2.253543089417925,4,150.236205961195,4,0,TRUE
007,7,petal,20,2.52971859198874,4,126.485929599437,4,0,TRUE
007,7,fugal,10,0.3606775944740209,4,36.06775944740209,4,0,TRUE
007,7,fugal,15,0.7067872777128206,4,47.11915184752137,4,0,TRUE
007,7,fugal,20,1.2049098227176227,4,60.24549113588114,4,0,TRUE
007,8,flashbaseline,NA,-0.5543949868309357,8,NA,8,0,TRUE
007,8,petal,10,2.0143565799966696,4,201.43565799966694,4,0,TRUE
007,8,petal,15,3.038634324485505,4,202.57562163236702,4,0,TRUE
007,8,petal,20,1.654709970624579,4,82.73549853122894,4,0,TRUE
007,8,fugal,10,0.1857859095053075,4,18.57859095053075,4,0,TRUE
007,8,fugal,15,1.5081810291193076,4,100.54540194128718,4,0,TRUE
007,8,fugal,20,1.0219722544934433,4,51.098612724672165,4,0,TRUE
007,9,flashbaseline,NA,-0.08149309598142303,8,NA,8,0,TRUE
007,9,petal,10,1.8470320796957607,4,184.70320796957606,4,0,TRUE
007,9,petal,15,2.3171489864695176,4,154.47659909796783,4,0,TRUE
007,9,petal,20,3.1571920938050826,4,157.85960469025412,4,0,TRUE
007,9,fugal,10,-0.22497806210392973,4,-22.497806210392973,4,0,TRUE
007,9,fugal,15,0.5084363945851,4,33.89575963900667,4,0,TRUE
007,9,fugal,20,0.5140355463847865,4,25.701777319239326,4,0,TRUE
007,10,flashbaseline,NA,0.6687397183666941,8,NA,8,0,TRUE
007,10,petal,10,2.4079713673432477,4,240.79713673432477,4,0,TRUE
007,10,petal,15,0.9415230967353724,4,62.768206449024824,4,0,TRUE
007,10,petal,20,3.3177441828680925,4,165.88720914340462,4,0,TRUE
007,10,fugal,10,0.419737896985881,4,41.9737896985881,4,0,TRUE
007,10,fugal,15,0.40117278954392954,4,26.74485263626197,4,0,TRUE
007,10,fugal,20,0.6714817273622595,4,33.57408636811297,4,0,TRUE
007,11,flashbaseline,NA,-0.6217718886283833,8,NA,8,0,TRUE
007,11,petal,10,2.0846203420926974,4,208.46203420926972,4,0,TRUE
007,11,petal,15,2.6452659830424503,4,176.35106553616336,4,0,TRUE
007,11,petal,20,3.62760032818876,4,181.38001640943799,4,0,TRUE
007,11,fugal,10,0.3450884845119099,4,34.50884845119099,4,0,TRUE
007,11,fugal,15,0.3920033201769433,4,26.133554678462886,4,0,TRUE
007,11,fugal,20,-0.25844940646199305,4,-12.922470323099652,4,0,TRUE
007,12,flashbaseline,NA,-0.16666583623322145,8,NA,8,0,TRUE
007,12,petal,10,1.90723429004504,4,190.723429004504,4,0,TRUE
007,12,petal,15,3.601617483337675,4,240.10783222251166,4,0,TRUE
007,12,petal,20,3.57002364413409,4,178.5011822067045,4,0,TRUE
007,12,fugal,10,0.7951660402298868,4,79.51660402298869,4,0,TRUE
007,12,fugal,15,0.10496253628103253,4,6.997502418735502,4,0,TRUE
007,12,fugal,20,0.2786489642573561,4,13.932448212867802,4,0,TRUE
008,1,flashbaseline,NA,-0.39204171938195115,8,NA,8,0,TRUE
008,1,petal,10,2.2009525911684573,4,220.09525911684574,4,0,TRUE
008,1,petal,15,1.1712353867777336,4,78.08235911851557,4,0,TRUE
008,1,petal,20,2.7623553519063244,4,138.11776759531622,4,0,TRUE
008,1,fugal,10,0.754205580009127,4,75.4205580009127,4,0,TRUE
008,1,fugal,15,1.1607656229694463,4,77.38437486462975,4,0,TRUE
008,1,fugal,20,1.2763444662592225,4,63.81722331296112,4,0,TRUE
008,2,flashbaseline,NA,-0.11523559335381262,8,NA,8,0,TRUE
008,2,petal,10,2.702848844736305,4,270.2848844736305,4,0,TRUE
008,2,petal,15,1.7186794255965496,4,114.57862837310331,4,0,TRUE
008,2,petal,20,1.8796283286973972,4,93.98141643486986,4,0,TRUE
008,2,fugal,10,-0.49580989950111903,4,-49.580989950111906,4,0,TRUE
008,2,fugal,15,-1.1733117435072957,4,-78.22078290048638,4,0,TRUE
008,2,fugal,20,-0.4364735630224687,4,-21.823678151123435,4,0,TRUE
008,3,flashbaseline,NA,-0.42615816183656624,8,NA,8,0,TRUE
008,3,petal,10,2.4072555059751473,4,240.7255505975147,4,0,TRUE
008,3,petal,15,2.5196481740209276,4,167.9765449347285,4,0,TRUE
008,3,petal,20,2.3374065040178102,4,116.8703252008905,4,0,TRUE
008,3,fugal,10,0.20320116406261443,4,20.320116406261445,4,0,TRUE
008,3,fugal,15,-1.8855195744321769,4,-125.70130496214513,4,0,TRUE
008,3,fugal,20,-1.8940092886134736,4,-94.70046443067368,4,0,TRUE
008,4,flashbaseline,NA,0.23964730730294354,8,NA,8,0,TRUE
008,4,petal,10,2.2315566219146747,4,223.15566219146748,4,0,TRUE
008,4,petal,15,2.726978663117125,4,181.79857754114167,4,0,TRUE
008,4,petal,20,4.24435732161441,4,212.21786608072048,4,0,TRUE
008,4,fugal,10,-1.3081864916572574,4,-130.81864916572576,4,0,TRUE
008,4,fugal,15,-1.7350655272775923,4,-115.67103515183949,4,0,TRUE
008,4,fugal,20,-1.6059340334644225,4,-80.29670167322114,4,0,TRUE
008,5,flashbaseline,NA,0.5224031115565613,8,NA,8,0,TRUE
008,5,petal,10,1.1831428287679773,4,118.31428287679772,4,0,TRUE
008,5,petal,15,1.8017563422415281,4,120.11708948276855,4,0,TRUE
008,5,petal,20,3.140448735821175,4,157.02243679105874,4,0,TRUE
008,5,fugal,10,0.05681855515563361,4,5.6818555155633605,4,0,TRUE
008,5,fugal,15,-0.585811664913209,4,-39.054110994213936,4,0,TRUE
008,5,fugal,20,1.7062306862425602,4,85.31153431212802,4,0,TRUE
008,6,flashbaseline,NA,0.3953813491164613,8,NA,8,0,TRUE
008,6,petal,10,2.001382204988495,4,200.1382204988495,4,0,TRUE
008,6,petal,15,2.98819986274962,4,199.213324183308,4,0,TRUE
008,6,petal,20,2.7207473116537417,4,136.03736558268707,4,0,TRUE
008,6,fugal,10,-0.5386492305457153,4,-53.864923054571534,4,0,TRUE
008,6,fugal,15,-0.7467337524406168,4,-49.78225016270778,4,0,TRUE
008,6,fugal,20,-0.178133334301103,4,-8.90666671505515,4,0,TRUE
008,7,flashbaseline,NA,-0.6579819630387952,8,NA,8,0,TRUE
008,7,petal,10,2.3431425208089705,4,234.31425208089703,4,0,TRUE
008,7,petal,15,2.8954287138988892,4,193.0285809265926,4,0,TRUE
008,7,petal,20,3.2858538714751027,4,164.29269357375514,4,0,TRUE
008,7,fugal,10,-0.5059644877737031,4,-50.59644877737031,4,0,TRUE
008,7,fugal,15,-0.2896927031684428,4,-19.312846877896188,4,0,TRUE
008,7,fugal,20,-0.4672794645524952,4,-23.363973227624758,4,0,TRUE
008,8,flashbaseline,NA,-0.12174773333329059,8,NA,8,0,TRUE
008,8,petal,10,0.8464057316558424,4,84.64057316558424,4,0,TRUE
008,8,petal,15,2.8341458459873423,4,188.94305639915615,4,0,TRUE
008,8,petal,20,2.6677410495339595,4,133.38705247669796,4,0,TRUE
008,8,fugal,10,-1.2593886606989324,4,-125.93886606989324,4,0,TRUE
008,8,fugal,15,-1.5536445153105043,4,-103.57630102070028,4,0,TRUE
008,8,fugal,20,-2.7877449224119273,4,-139.38724612059636,4,0,TRUE
008,9,flashbaseline,NA,-0.35947994670155237,8,NA,8,0,TRUE
008,9,petal,10,0.7609371822229243,4,76.09371822229242,4,0,TRUE
008,9,petal,15,1.7525208978502815,4,116.8347265233521,4,0,TRUE
008,9,petal,20,2.534338471992125,4,126.71692359960623,4,0,TRUE
008,9,fugal,10,-0.9744219850966958,4,-97.44219850966958,4,0,TRUE
008,9,fugal,15,-0.5215127449614563,4,-34.767516330763755,4,0,TRUE
008,9,fugal,20,-2.3485339621267625,4,-117.42669810633812,4,0,TRUE
008,10,flashbaseline,NA,-0.19244698565802332,8,NA,8,0,TRUE
008,10,petal,10,0.5786642471226167,4,57.86642471226167,4,0,TRUE
008,10,petal,15,1.9678906279926625,4,131.19270853284416,4,0,TRUE
008,10,petal,20,2.4907573400662826,4,124.53786700331412,4,0,TRUE
008,10,fugal,10,-1.9785964813523131,4,-197.85964813523134,4,0,TRUE
008,10,fugal,15,-0.6511505652433272,4,-43.41003768288847,4,0,TRUE
008,10,fugal,20,0.2015314791918053,4,10.076573959590265,4,0,TRUE
008,11,flashbaseline,NA,0.42497051469379754,8,NA,8,0,TRUE
008,11,petal,10,2.7322320506238253,4,273.22320506238253,4,0,TRUE
008,11,petal,15,2.164609774608254,4,144.30731830721695,4,0,TRUE
008,11,petal,20,2.305401809605229,4,115.27009048026144,4,0,TRUE
008,11,fugal,10,-0.3234010658471765,4,-32.34010658471765,4,0,TRUE
008,11,fugal,15,-0.9112636870823643,4,-60.750912472157616,4,0,TRUE
008,11,fugal,20,-1.1187217451148217,4,-55.936087255741086,4,0,TRUE
008,12,flashbaseline,NA,-1.690419183537628e-4,8,NA,8,0,TRUE
008,12,petal,10,1.670812047511572,4,167.0812047511572,4,0,TRUE
008,12,petal,15,2.381410217920555,4,158.7606811947037,4,0,TRUE
008,12,petal,20,2.094177003024875,4,104.70885015124377,4,0,TRUE
008,12,fugal,10,-1.3388867186824749,4,-133.88867186824749,4,0,TRUE
008,12,fugal,15,-1.767112795142359,4,-117.80751967615727,4,0,TRUE
008,12,fugal,20,-1.3206057561273554,4,-66.03028780636777,4,0,TRUE
009,1,flashbaseline,NA,0.21723699407729857,8,NA,8,0,TRUE
009,1,petal,10,2.08781153752872,4,208.781153752872,4,0,TRUE
009,1,petal,15,1.6144305159983936,4,107.62870106655957,4,0,TRUE
009,1,petal,20,3.6709931885052827,4,183.54965942526414,4,0,TRUE
009,1,fugal,10,0.3958924765814905,4,39.58924765814905,4,0,TRUE
009,1,fugal,15,-0.950861590052135,4,-63.390772670142326,4,0,TRUE
009,1,fugal,20,0.13768212115544898,4,6.884106057772449,4,0,TRUE
009,2,flashbaseline,NA,-0.10216387070619452,8,NA,8,0,TRUE
009,2,petal,10,3.29916514822376,4,329.916514822376,4,0,TRUE
009,2,petal,15,3.362187022556435,4,224.14580150376236,4,0,TRUE
009,2,petal,20,4.221998786509587,4,211.09993932547937,4,0,TRUE
009,2,fugal,10,0.8812246695642925,4,88.12246695642925,4,0,TRUE
009,2,fugal,15,-0.10821908861261997,4,-7.214605907507998,4,0,TRUE
009,2,fugal,20,0.6128452919908813,4,30.642264599544067,4,0,TRUE
009,3,flashbaseline,NA,-0.43466950201770105,8,NA,8,0,TRUE
009,3,petal,10,3.9138793603500703,4,391.38793603500704,4,0,TRUE
009,3,petal,15,3.8706444041112076,4,258.04296027408054,4,0,TRUE
009,3,petal,20,5.66016736743772,4,283.008368371886,4,0,TRUE
009,3,fugal,10,0.646071807795864,4,64.60718077958641,4,0,TRUE
009,3,fugal,15,0.9591212926898928,4,63.941419512659515,4,0,TRUE
009,3,fugal,20,0.453623153104879,4,22.68115765524395,4,0,TRUE
009,4,flashbaseline,NA,-0.45988467970394126,8,NA,8,0,TRUE
009,4,petal,10,3.3000202977612774,4,330.00202977612776,4,0,TRUE
009,4,petal,15,4.04574079322221,4,269.71605288148066,4,0,TRUE
009,4,petal,20,5.355541331571304,4,267.7770665785652,4,0,TRUE
009,4,fugal,10,0.3962492020703666,4,39.62492020703666,4,0,TRUE
009,4,fugal,15,0.4293389246499195,4,28.6225949766613,4,0,TRUE
009,4,fugal,20,-0.20553235633805916,4,-10.27661781690296,4,0,TRUE
009,5,flashbaseline,NA,0.4789082508751138,8,NA,8,0,TRUE
009,5,petal,10,2.7886701225568578,4,278.8670122556858,4,0,TRUE
009,5,petal,15,4.9940112634748,4,332.93408423165334,4,0,TRUE
009,5,petal,20,5.042196278707816,4,252.10981393539078,4,0,TRUE
009,5,fugal,10,-0.6570781013022924,4,-65.70781013022923,4,0,TRUE
009,5,fugal,15,-0.21612872105454048,4,-14.408581403636033,4,0,TRUE
009,5,fugal,20,0.05031013965111819,4,2.5155069825559098,4,0,TRUE
009,6,flashbaseline,NA,-0.4794466747774367,8,NA,8,0,TRUE
009,6,petal,10,2.1285083423729474,4,212.85083423729472,4,0,TRUE
009,6,petal,15,3.9441572859765124,4,262.94381906510085,4,0,TRUE
009,6,petal,20,5.815764537640318,4,290.78822688201586,4,0,TRUE
009,6,fugal,10,-0.4081842329577824,4,-40.81842329577824,4,0,TRUE
009,6,fugal,15,-0.9897131703497287,4,-65.98087802331524,4,0,TRUE
009,6,fugal,20,-1.0181480315674325,4,-50.907401578371626,4,0,TRUE
009,7,flashbaseline,NA,0.0211322110162101,8,NA,8,0,TRUE
009,7,petal,10,3.5989605811434977,4,359.8960581143498,4,0,TRUE
009,7,petal,15,4.13350799238636,4,275.567199492424,4,0,TRUE
009,7,petal,20,5.3786127040039755,4,268.93063520019876,4,0,TRUE
009,7,fugal,10,0.13691448410498502,4,13.691448410498502,4,0,TRUE
009,7,fugal,15,1.4035078948338788,4,93.56719298892526,4,0,TRUE
009,7,fugal,20,-0.055606110627886784,4,-2.7803055313943394,4,0,TRUE
009,8,flashbaseline,NA,0.0415895684339874,8,NA,8,0,TRUE
009,8,petal,10,2.6871507402516,4,268.71507402516,4,0,TRUE
009,8,petal,15,3.6932619919551852,4,246.21746613034568,4,0,TRUE
009,8,petal,20,5.1562419699932605,4,257.812098499663,4,0,TRUE
009,8,fugal,10,0.83009227442053235,4,83.00922744205323,4,0,TRUE
009,8,fugal,15,1.037134362849165,4,69.142290856611,4,0,TRUE
009,8,fugal,20,0.9565617500510049,4,47.82808750255024,4,0,TRUE
009,9,flashbaseline,NA,0.12503371933777574,8,NA,8,0,TRUE
009,9,petal,10,2.3831964117047324,4,238.31964117047323,4,0,TRUE
009,9,petal,15,2.9738076758738776,4,198.25384505825852,4,0,TRUE
009,9,petal,20,5.181419149242985,4,259.07095746214924,4,0,TRUE
009,9,fugal,10,0.8525383394565984,4,85.25383394565985,4,0,TRUE
009,9,fugal,15,-0.1067676471266738,4,-7.117843141778254,4,0,TRUE
009,9,fugal,20,1.3529751812383954,4,67.64875906191978,4,0,TRUE
009,10,flashbaseline,NA,-0.02478707859171514,8,NA,8,0,TRUE
009,10,petal,10,2.0107816767174573,4,201.07816767174575,4,0,TRUE
009,10,petal,15,3.899720073730083,4,259.9813382486722,4,0,TRUE
009,10,petal,20,4.302363882505485,4,215.11819412527427,4,0,TRUE
009,10,fugal,10,0.9993284804556897,4,99.93284804556897,4,0,TRUE
009,10,fugal,15,0.24216068965255794,4,16.144045976837198,4,0,TRUE
009,10,fugal,20,1.5005931583403862,4,75.0296579170193,4,0,TRUE
009,11,flashbaseline,NA,-0.545286261672495,8,NA,8,0,TRUE
009,11,petal,10,2.7457764448368076,4,274.5776444836808,4,0,TRUE
009,11,petal,15,3.0966245878566876,4,206.44163919044584,4,0,TRUE
009,11,petal,20,5.613626578351735,4,280.68132891758677,4,0,TRUE
009,11,fugal,10,1.589068962065035,4,158.9068962065035,4,0,TRUE
009,11,fugal,15,1.1987332307806002,4,79.91554871870667,4,0,TRUE
009,11,fugal,20,0.678769224565464,4,33.9384612282732,4,0,TRUE
009,12,flashbaseline,NA,0.36337267249830213,8,NA,8,0,TRUE
009,12,petal,10,1.5930276747293992,4,159.30276747293993,4,0,TRUE
009,12,petal,15,3.659967656724425,4,243.99784378162835,4,0,TRUE
009,12,petal,20,5.346058587881043,4,267.30292939405217,4,0,TRUE
009,12,fugal,10,0.6279005860483811,4,62.79005860483811,4,0,TRUE
009,12,fugal,15,1.6634966813924046,4,110.89977875949364,4,0,TRUE
009,12,fugal,20,3.390931892837775,4,169.54659464188876,4,0,TRUE
010,1,flashbaseline,NA,-0.21100244262677584,8,NA,8,0,TRUE
010,1,petal,10,2.91153646779004,4,291.153646779004,4,0,TRUE
010,1,petal,15,3.025766308676997,4,201.71775391179978,4,0,TRUE
010,1,petal,20,3.1642633486682126,4,158.21316743341063,4,0,TRUE
010,1,fugal,10,0.28256310900331677,4,28.256310900331677,4,0,TRUE
010,1,fugal,15,-0.5137665333202753,4,-34.25110222135169,4,0,TRUE
010,1,fugal,20,-0.8090729634507342,4,-40.45364817253671,4,0,TRUE
010,2,flashbaseline,NA,-0.42242830882323595,8,NA,8,0,TRUE
010,2,petal,10,2.83891143752239,4,283.89114375223903,4,0,TRUE
010,2,petal,15,3.379347485864325,4,225.28983239095498,4,0,TRUE
010,2,petal,20,0.2404942299301493,4,12.024711496507464,4,0,TRUE
010,2,fugal,10,-1.0855200464906283,4,-108.55200464906282,4,0,TRUE
010,2,fugal,15,-0.2910131695641517,4,-19.400877970943444,4,0,TRUE
010,2,fugal,20,-0.712492836757073,4,-35.624641837853645,4,0,TRUE
010,3,flashbaseline,NA,1.063744388878159,8,NA,8,0,TRUE
010,3,petal,10,1.8976710233208467,4,189.76710233208465,4,0,TRUE
010,3,petal,15,4.125323739002095,4,275.02158260013965,4,0,TRUE
010,3,petal,20,3.082723427107733,4,154.13617135538667,4,0,TRUE
010,3,fugal,10,-0.032981712665965945,4,-3.2981712665965945,4,0,TRUE
010,3,fugal,15,-0.16021618771323226,4,-10.68107918088215,4,0,TRUE
010,3,fugal,20,0.3864469357164124,4,19.32234678582062,4,0,TRUE
010,4,flashbaseline,NA,-0.36671256488609283,8,NA,8,0,TRUE
010,4,petal,10,1.9938965202038323,4,199.3896520203832,4,0,TRUE
010,4,petal,15,3.105563856016053,4,207.0375904010702,4,0,TRUE
010,4,petal,20,1.6160817178062326,4,80.80408589031163,4,0,TRUE
010,4,fugal,10,-0.7188080112169528,4,-71.88080112169528,4,0,TRUE
010,4,fugal,15,-0.8082397240202098,4,-53.882648268013995,4,0,TRUE
010,4,fugal,20,-0.8991315515808143,4,-44.95657757904072,4,0,TRUE
010,5,flashbaseline,NA,0.11068868757864733,8,NA,8,0,TRUE
010,5,petal,10,1.933310878615654,4,193.3310878615654,4,0,TRUE
010,5,petal,15,3.2327443528979125,4,215.51629019319415,4,0,TRUE
010,5,petal,20,2.5438684815470824,4,127.19342407735412,4,0,TRUE
010,5,fugal,10,-1.183851787324925,4,-118.3851787324925,4,0,TRUE
010,5,fugal,15,-1.4889088105701125,4,-99.26058737134083,4,0,TRUE
010,5,fugal,20,0.5010444640990862,4,25.05222320495431,4,0,TRUE
010,6,flashbaseline,NA,-0.011687210214209043,8,NA,8,0,TRUE
010,6,petal,10,2.161103825921762,4,216.1103825921762,4,0,TRUE
010,6,petal,15,1.334541929961965,4,88.96946199746434,4,0,TRUE
010,6,petal,20,1.2996420347489412,4,64.98210173744707,4,0,TRUE
010,6,fugal,10,-2.0583509117600878,4,-205.8350911760088,4,0,TRUE
010,6,fugal,15,-3.0766861919085726,4,-205.11241279390487,4,0,TRUE
010,6,fugal,20,-2.7150052292702647,4,-135.75026146351323,4,0,TRUE
010,7,flashbaseline,NA,-0.5041190456520475,8,NA,8,0,TRUE
010,7,petal,10,0.7166748361159554,4,71.66748361159554,4,0,TRUE
010,7,petal,15,1.2989735542759333,4,86.59823695172888,4,0,TRUE
010,7,petal,20,0.06538937374534032,4,3.269468687267016,4,0,TRUE
010,7,fugal,10,-2.3213178672269104,4,-232.13178672269103,4,0,TRUE
010,7,fugal,15,-2.705295130956645,4,-180.35300873044298,4,0,TRUE
010,7,fugal,20,-3.5141986825523652,4,-175.70993412761825,4,0,TRUE
010,8,flashbaseline,NA,0.9127613636679704,8,NA,8,0,TRUE
010,8,petal,10,0.6501928611063406,4,65.01928611063406,4,0,TRUE
010,8,petal,15,0.2959939420040507,4,19.732929466936714,4,0,TRUE
010,8,petal,20,-0.3577512884031022,4,-17.887564420155112,4,0,TRUE
010,8,fugal,10,-1.36278583244066,4,-136.278583244066,4,0,TRUE
010,8,fugal,15,-3.134463663120088,4,-208.96424420800585,4,0,TRUE
010,8,fugal,20,-4.241148438712415,4,-212.05742193562074,4,0,TRUE
010,9,flashbaseline,NA,-0.12273774722395145,8,NA,8,0,TRUE
010,9,petal,10,0.5081655792272032,4,50.816557922720314,4,0,TRUE
010,9,petal,15,0.11059626889317928,4,7.373084592878619,4,0,TRUE
010,9,petal,20,0.8832762740066142,4,44.163813700330714,4,0,TRUE
010,9,fugal,10,-2.8826809091104373,4,-288.2680909110437,4,0,TRUE
010,9,fugal,15,-2.1160825498835063,4,-141.07216999223377,4,0,TRUE
010,9,fugal,20,-2.0866172723866923,4,-104.33086361933461,4,0,TRUE
010,10,flashbaseline,NA,0.6154307923961521,8,NA,8,0,TRUE
010,10,petal,10,0.6456797103003256,4,64.56797103003257,4,0,TRUE
010,10,petal,15,0.1934607550530122,4,12.897383670200814,4,0,TRUE
010,10,petal,20,1.0246141856830873,4,51.230709284154365,4,0,TRUE
010,10,fugal,10,-2.5584772096450177,4,-255.84772096450175,4,0,TRUE
010,10,fugal,15,-2.91935455355518,4,-194.6236369036787,4,0,TRUE
010,10,fugal,20,-3.527794844828483,4,-176.38974224142416,4,0,TRUE
010,11,flashbaseline,NA,-0.1487571375543492,8,NA,8,0,TRUE
010,11,petal,10,2.9450099404758823,4,294.5009940475882,4,0,TRUE
010,11,petal,15,1.2004180976276668,4,80.02787317517779,4,0,TRUE
010,11,petal,20,3.70612929721589,4,185.3064648607945,4,0,TRUE
010,11,fugal,10,-3.35980548140502,4,-335.980548140502,4,0,TRUE
010,11,fugal,15,-3.6646905745972025,4,-244.31270497314682,4,0,TRUE
010,11,fugal,20,-1.9484490397497158,4,-97.4224519874858,4,0,TRUE
010,12,flashbaseline,NA,0.10278384521242709,8,NA,8,0,TRUE
010,12,petal,10,1.1194561503874605,4,111.94561503874604,4,0,TRUE
010,12,petal,15,0.690197636997126,4,46.013175799808394,4,0,TRUE
010,12,petal,20,1.1224127958351624,4,56.120639791758116,4,0,TRUE
010,12,fugal,10,-3.55287914883433,4,-355.287914883433,4,0,TRUE
010,12,fugal,15,-1.9544480716169594,4,-130.2965381077973,4,0,TRUE
010,12,fugal,20,-2.7882031162277974,4,-139.41015581138987,4,0,TRUE
011,1,flashbaseline,NA,-0.9305018596266756,8,NA,8,0,TRUE
011,1,petal,10,2.4948607443622173,4,249.4860744362217,4,0,TRUE
011,1,petal,15,2.0762315590540594,4,138.41543727027064,4,0,TRUE
011,1,petal,20,1.7154281806284792,4,85.77140903142397,4,0,TRUE
011,1,fugal,10,2.1038884414894974,4,210.38884414894974,4,0,TRUE
011,1,fugal,15,1.6859757605943222,4,112.39838403962148,4,0,TRUE
011,1,fugal,20,3.2525981844745075,4,162.62990922372538,4,0,TRUE
011,2,flashbaseline,NA,0.10396894077461163,8,NA,8,0,TRUE
011,2,petal,10,1.4847430600301967,4,148.47430600301968,4,0,TRUE
011,2,petal,15,3.139355054598555,4,209.290336973237,4,0,TRUE
011,2,petal,20,2.6703228673108117,4,133.5161433655406,4,0,TRUE
011,2,fugal,10,2.2583125802478974,4,225.83125802478972,4,0,TRUE
011,2,fugal,15,3.150600203539045,4,210.04001356926966,4,0,TRUE
011,2,fugal,20,3.12596274667059,4,156.29813733352952,4,0,TRUE
011,3,flashbaseline,NA,-0.4432221027697786,8,NA,8,0,TRUE
011,3,petal,10,1.3344907622001785,4,133.44907622001784,4,0,TRUE
011,3,petal,15,1.9857844090923855,4,132.3856272728257,4,0,TRUE
011,3,petal,20,4.0942452942082745,4,204.71226471041373,4,0,TRUE
011,3,fugal,10,2.00288718499667,4,200.28871849966697,4,0,TRUE
011,3,fugal,15,3.77969080753903,4,251.97938716926865,4,0,TRUE
011,3,fugal,20,3.1929819414368756,4,159.64909707184378,4,0,TRUE
011,4,flashbaseline,NA,-0.11871842214314857,8,NA,8,0,TRUE
011,4,petal,10,1.6275019643623343,4,162.75019643623344,4,0,TRUE
011,4,petal,15,2.8278848053237176,4,188.52565368824784,4,0,TRUE
011,4,petal,20,3.63831154832277,4,181.91557741613852,4,0,TRUE
011,4,fugal,10,3.1315790518811726,4,313.15790518811724,4,0,TRUE
011,4,fugal,15,2.437554200048265,4,162.503613336551,4,0,TRUE
011,4,fugal,20,4.949970384995917,4,247.4985192497959,4,0,TRUE
011,5,flashbaseline,NA,0.5048837402891964,8,NA,8,0,TRUE
011,5,petal,10,2.164248725719707,4,216.42487257197072,4,0,TRUE
011,5,petal,15,3.4806126384127927,4,232.04084256085284,4,0,TRUE
011,5,petal,20,3.5915774902173183,4,179.57887451086592,4,0,TRUE
011,5,fugal,10,3.7186217182293664,3,371.8621718229366,4,1,FALSE
011,5,fugal,15,3.9208038533748053,4,261.38692355832035,4,0,TRUE
011,5,fugal,20,3.6652027763639725,4,183.26013881819864,4,0,TRUE
011,6,flashbaseline,NA,0.5333914386010158,8,NA,8,0,TRUE
011,6,petal,10,1.81848927250406,4,181.848927250406,4,0,TRUE
011,6,petal,15,3.04486736971251,4,202.991157980834,4,0,TRUE
011,6,petal,20,4.758153483288945,4,237.90767416444726,4,0,TRUE
011,6,fugal,10,4.159223521795968,4,415.9223521795968,4,0,TRUE
011,6,fugal,15,1.8762111767947098,4,125.08074511964732,4,0,TRUE
011,6,fugal,20,3.6535335848237125,4,182.67667924118564,4,0,TRUE
011,7,flashbaseline,NA,-0.6008335623470913,8,NA,8,0,TRUE
011,7,petal,10,2.7665850399588052,4,276.65850399588055,4,0,TRUE
011,7,petal,15,2.302376899234127,4,153.49179328227513,4,0,TRUE
011,7,petal,20,4.58440688230191,4,229.22034411509551,4,0,TRUE
011,7,fugal,10,1.8305326575054854,4,183.05326575054852,4,0,TRUE
011,7,fugal,15,2.08242859208687,4,138.82857280579134,4,0,TRUE
011,7,fugal,20,3.1508673623222903,4,157.54336811611452,4,0,TRUE
011,8,flashbaseline,NA,0.3299756587203605,8,NA,8,0,TRUE
011,8,petal,10,3.1907907004423794,4,319.079070044238,4,0,TRUE
011,8,petal,15,3.9337000534064748,4,262.2466702270983,4,0,TRUE
011,8,petal,20,4.08111185699236,4,204.055592849618,4,0,TRUE
011,8,fugal,10,2.0534272199238215,4,205.34272199238217,4,0,TRUE
011,8,fugal,15,2.5681568384248323,4,171.21045589498883,4,0,TRUE
011,8,fugal,20,2.9943608100020827,4,149.7180405001041,4,0,TRUE
011,9,flashbaseline,NA,0.1959081727996574,8,NA,8,0,TRUE
011,9,petal,10,2.55553524830577,4,255.55352483057703,4,0,TRUE
011,9,petal,15,1.6827828878018583,4,112.18552585345722,4,0,TRUE
011,9,petal,20,5.534342042883745,4,276.71710214418727,4,0,TRUE
011,9,fugal,10,2.986564010504126,4,298.65640105041257,4,0,TRUE
011,9,fugal,15,2.4008564744297125,4,160.05709829531418,4,0,TRUE
011,9,fugal,20,3.29206868191207,4,164.6034340956035,4,0,TRUE
011,10,flashbaseline,NA,-1.2951402740566842,8,NA,8,0,TRUE
011,10,petal,10,2.7351473074205677,4,273.51473074205677,4,0,TRUE
011,10,petal,15,4.347069218785262,4,289.80461458568413,4,0,TRUE
011,10,petal,20,5.3595351431822404,4,267.976757159112,4,0,TRUE
011,10,fugal,10,2.852190615924945,4,285.2190615924945,4,0,TRUE
011,10,fugal,15,3.431529643520433,3,228.7686429013622,4,1,FALSE
011,10,fugal,20,5.113229783275727,4,255.6614891637864,4,0,TRUE
011,11,flashbaseline,NA,-0.10535574461180969,8,NA,8,0,TRUE
011,11,petal,10,2.36919705714942,4,236.919705714942,4,0,TRUE
011,11,petal,15,2.7841219467199974,4,185.60812978133316,4,0,TRUE
011,11,petal,20,4.868011179746414,4,243.40055898732072,4,0,TRUE
011,11,fugal,10,0.9916275490423854,4,99.16275490423854,4,0,TRUE
011,11,fugal,15,4.2490279961157675,4,283.2685330743845,4,0,TRUE
011,11,fugal,20,2.4637015691707576,4,123.18507845853787,4,0,TRUE
011,12,flashbaseline,NA,-0.5555768401504848,8,NA,8,0,TRUE
011,12,petal,10,2.400121622711866,4,240.0121622711866,4,0,TRUE
011,12,petal,15,2.710513890718535,4,180.70092604790233,4,0,TRUE
011,12,petal,20,4.1756470894054125,4,208.78235447027063,4,0,TRUE
011,12,fugal,10,2.572078444120832,4,257.2078444120832,4,0,TRUE
011,12,fugal,15,3.4909802653800477,4,232.73201769200318,4,0,TRUE
011,12,fugal,20,4.165716771009833,4,208.28583855049163,4,0,TRUE
012,1,flashbaseline,NA,-0.26066866376356856,8,NA,8,0,TRUE
012,1,petal,10,3.170569602918455,4,317.0569602918455,4,0,TRUE
012,1,petal,15,3.6430116509307524,4,242.8674433953835,4,0,TRUE
012,1,petal,20,3.5221599821449274,4,176.10799910724637,4,0,TRUE
012,1,fugal,10,1.1536596913324524,4,115.36596913324523,4,0,TRUE
012,1,fugal,15,0.3254714748778746,4,21.69809832519164,4,0,TRUE
012,1,fugal,20,1.313325087470855,4,65.66625437354276,4,0,TRUE
012,2,flashbaseline,NA,0.052677292072495774,8,NA,8,0,TRUE
012,2,petal,10,4.175044801406273,4,417.50448014062727,4,0,TRUE
012,2,petal,15,3.642106950724775,4,242.80713004831833,4,0,TRUE
012,2,petal,20,4.440648121312267,4,222.03240606561337,4,0,TRUE
012,2,fugal,10,0.19751493694755923,4,19.751493694755922,4,0,TRUE
012,2,fugal,15,0.060621348404590214,4,4.041423226972681,4,0,TRUE
012,2,fugal,20,0.17936957836923073,4,8.968478918461535,4,0,TRUE
012,3,flashbaseline,NA,0.3415800584967695,8,NA,8,0,TRUE
012,3,petal,10,2.2396088678625365,4,223.96088678625364,4,0,TRUE
012,3,petal,15,2.4456088935515945,4,163.04059290343963,4,0,TRUE
012,3,petal,20,3.6719670197948124,4,183.59835098974062,4,0,TRUE
012,3,fugal,10,1.0385010279359683,4,103.85010279359683,4,0,TRUE
012,3,fugal,15,1.158963542212249,4,77.26423614748327,4,0,TRUE
012,3,fugal,20,2.2861430116494867,4,114.30715058247435,4,0,TRUE
012,4,flashbaseline,NA,0.22832027494149507,8,NA,8,0,TRUE
012,4,petal,10,2.3358283427003346,4,233.58283427003346,4,0,TRUE
012,4,petal,15,4.328883595183905,4,288.592239678927,4,0,TRUE
012,4,petal,20,4.06860872357732,4,203.430436178866,4,0,TRUE
012,4,fugal,10,1.553361490655823,4,155.3361490655823,4,0,TRUE
012,4,fugal,15,2.1562800380253724,4,143.75200253502481,4,0,TRUE
012,4,fugal,20,0.9587540381367143,4,47.93770190683572,4,0,TRUE
012,5,flashbaseline,NA,-0.8883465866423694,8,NA,8,0,TRUE
012,5,petal,10,3.5252714656440025,4,352.52714656440025,4,0,TRUE
012,5,petal,15,3.249337438547385,4,216.622495903159,4,0,TRUE
012,5,petal,20,4.438591643971455,4,221.92958219857272,4,0,TRUE
012,5,fugal,10,1.0529624473249104,4,105.29624473249103,4,0,TRUE
012,5,fugal,15,2.37356270483746,4,158.23751365583067,4,0,TRUE
012,5,fugal,20,0.47787067249233534,4,23.893533624616765,4,0,TRUE
012,6,flashbaseline,NA,0.15178589735908843,8,NA,8,0,TRUE
012,6,petal,10,2.2705283116784054,4,227.05283116784054,4,0,TRUE
012,6,petal,15,3.05705100823936,4,203.80340054929067,4,0,TRUE
012,6,petal,20,4.032843838483975,4,201.64219192419878,4,0,TRUE
012,6,fugal,10,0.879607806442764,4,87.9607806442764,4,0,TRUE
012,6,fugal,15,1.9437265224672569,4,129.5817681644838,4,0,TRUE
012,6,fugal,20,1.805543660283925,4,90.27718301419625,4,0,TRUE
012,7,flashbaseline,NA,0.752619898676494,8,NA,8,0,TRUE
012,7,petal,10,2.5668449038810435,4,256.6844903881044,4,0,TRUE
012,7,petal,15,2.6191418547808554,4,174.60945698539035,4,0,TRUE
012,7,petal,20,4.688316406719288,4,234.41582033596438,4,0,TRUE
012,7,fugal,10,-0.028815614594172756,4,-2.8815614594172754,4,0,TRUE
012,7,fugal,15,0.15391613740101245,4,10.261075826734164,4,0,TRUE
012,7,fugal,20,3.3403766511180555,4,167.01883255590278,4,0,TRUE
012,8,flashbaseline,NA,0.8238890470140434,8,NA,8,0,TRUE
012,8,petal,10,3.58544447696825,4,358.54444769682505,4,0,TRUE
012,8,petal,15,3.0017091387197126,4,200.11394258131418,4,0,TRUE
012,8,petal,20,4.124332718052571,4,206.21663590262855,4,0,TRUE
012,8,fugal,10,0.45729891997890776,4,45.72989199789078,4,0,TRUE
012,8,fugal,15,1.5246779717100845,4,101.64519811400564,4,0,TRUE
012,8,fugal,20,1.7789968440771067,4,88.94984220385534,4,0,TRUE
012,9,flashbaseline,NA,0.09601832525838973,8,NA,8,0,TRUE
012,9,petal,10,2.4357309492995,4,243.57309492995,4,0,TRUE
012,9,petal,15,1.882512443254949,4,125.50082955032993,4,0,TRUE
012,9,petal,20,2.0505729011446503,4,102.52864505723251,4,0,TRUE
012,9,fugal,10,-0.4849258965570826,4,-48.49258965570826,4,0,TRUE
012,9,fugal,15,0.17689485645052222,4,11.792990430034815,4,0,TRUE
012,9,fugal,20,0.6950981961471135,4,34.75490980735567,4,0,TRUE
012,10,flashbaseline,NA,0.1762648190051183,8,NA,8,0,TRUE
012,10,petal,10,4.781407968131368,4,478.1407968131368,4,0,TRUE
012,10,petal,15,2.875865491432115,4,191.72436609547432,4,0,TRUE
012,10,petal,20,5.797173797894308,4,289.85868989471544,4,0,TRUE
012,10,fugal,10,0.001342358964122048,4,0.1342358964122048,4,0,TRUE
012,10,fugal,15,-0.3888742487243508,4,-25.924949914956716,4,0,TRUE
012,10,fugal,20,1.7026489553335842,4,85.1324477666792,4,0,TRUE
012,11,flashbaseline,NA,0.46286148799040244,8,NA,8,0,TRUE
012,11,petal,10,3.4539587314058173,4,345.3958731405817,4,0,TRUE
012,11,petal,15,5.321458493468297,4,354.7638995645531,4,0,TRUE
012,11,petal,20,5.488195117088413,4,274.4097558544206,4,0,TRUE
012,11,fugal,10,-1.0422250764727479,4,-104.22250764727478,4,0,TRUE
012,11,fugal,15,1.2671557769183837,4,84.47705179455892,4,0,TRUE
012,11,fugal,20,1.0198798427063975,4,50.99399213531988,4,0,TRUE
012,12,flashbaseline,NA,-0.16025358240256601,8,NA,8,0,TRUE
012,12,petal,10,3.045799342693415,4,304.5799342693415,4,0,TRUE
012,12,petal,15,2.6719988980661475,4,178.13325987107652,4,0,TRUE
012,12,petal,20,5.3244543263710025,4,266.2227163185501,4,0,TRUE
012,12,fugal,10,0.0723988875906833,4,7.2398887590683305,4,0,TRUE
012,12,fugal,15,1.611820513121187,4,107.4547008747458,4,0,TRUE
012,12,fugal,20,-0.03949138060909496,4,-1.9745690304547479,4,0,TRUE
013,1,flashbaseline,NA,-0.12829169569202858,8,NA,8,0,TRUE
013,1,petal,10,1.663165049554494,4,166.31650495544943,4,0,TRUE
013,1,petal,15,1.6156669380689999,4,107.7111292046,4,0,TRUE
013,1,petal,20,3.864950722330885,4,193.24753611654427,4,0,TRUE
013,1,fugal,10,-1.665820996762895,4,-166.58209967628952,4,0,TRUE
013,1,fugal,15,-0.9239807602548971,4,-61.598717350326474,4,0,TRUE
013,1,fugal,20,-1.2378449616582767,4,-61.89224808291384,4,0,TRUE
013,2,flashbaseline,NA,0.16164015065351434,8,NA,8,0,TRUE
013,2,petal,10,2.1257843507466125,4,212.57843507466126,4,0,TRUE
013,2,petal,15,2.47561148934554,4,165.0407659563693,4,0,TRUE
013,2,petal,20,1.815556915722635,4,90.77784578613175,4,0,TRUE
013,2,fugal,10,-0.8219078388897614,4,-82.19078388897613,4,0,TRUE
013,2,fugal,15,-0.8632537144500151,4,-57.55024763000101,4,0,TRUE
013,2,fugal,20,-1.8971158891121418,4,-94.85579445560708,4,0,TRUE
013,3,flashbaseline,NA,0.00904690271209102,8,NA,8,0,TRUE
013,3,petal,10,2.89997951210037,4,289.997951210037,4,0,TRUE
013,3,petal,15,2.7994612402187666,4,186.63074934791777,4,0,TRUE
013,3,petal,20,3.9842273730954423,4,199.21136865477212,4,0,TRUE
013,3,fugal,10,-2.349725868676547,4,-234.9725868676547,4,0,TRUE
013,3,fugal,15,-1.6752249247705064,4,-111.6816616513671,4,0,TRUE
013,3,fugal,20,-1.601794179875987,4,-80.08970899379935,4,0,TRUE
013,4,flashbaseline,NA,-0.7958338749700393,8,NA,8,0,TRUE
013,4,petal,10,2.342107797624836,4,234.21077976248358,4,0,TRUE
013,4,petal,15,3.27179682366517,4,218.11978824434468,4,0,TRUE
013,4,petal,20,3.702481475613382,4,185.1240737806691,4,0,TRUE
013,4,fugal,10,-2.124388346484244,4,-212.43883464842443,4,0,TRUE
013,4,fugal,15,-0.9459770720083973,4,-63.06513813389315,4,0,TRUE
013,4,fugal,20,-1.6145947488072476,4,-80.72973744036238,4,0,TRUE
013,5,flashbaseline,NA,0.11770196472797988,8,NA,8,0,TRUE
013,5,petal,10,3.5466413679609325,4,354.66413679609326,4,0,TRUE
013,5,petal,15,4.345464095373515,4,289.69760635823434,4,0,TRUE
013,5,petal,20,3.386367718588695,4,169.31838592943475,4,0,TRUE
013,5,fugal,10,-1.3489998284291063,4,-134.89998284291065,4,0,TRUE
013,5,fugal,15,-1.7689399523238514,4,-117.92933015492342,4,0,TRUE
013,5,fugal,20,-2.2401997263068374,4,-112.00998631534188,4,0,TRUE
013,6,flashbaseline,NA,0.12983597337248493,8,NA,8,0,TRUE
013,6,petal,10,2.6263785436598424,4,262.63785436598425,4,0,TRUE
013,6,petal,15,2.74026651019307,4,182.68443401287135,4,0,TRUE
013,6,petal,20,4.172157800083218,4,208.60789000416088,4,0,TRUE
013,6,fugal,10,-1.1840388578903944,4,-118.40388578903945,4,0,TRUE
013,6,fugal,15,-0.9470810813247172,4,-63.13873875498115,4,0,TRUE
013,6,fugal,20,-2.7999471947107524,4,-139.99735973553763,4,0,TRUE
013,7,flashbaseline,NA,-0.5918986869613752,8,NA,8,0,TRUE
013,7,petal,10,2.756402340811025,4,275.6402340811025,4,0,TRUE
013,7,petal,15,3.5394776782702824,4,235.96517855135215,4,0,TRUE
013,7,petal,20,3.543140767507655,4,177.15703837538274,4,0,TRUE
013,7,fugal,10,-1.4171573970849476,4,-141.71573970849477,4,0,TRUE
013,7,fugal,15,-1.630626788269149,4,-108.70845255127661,4,0,TRUE
013,7,fugal,20,-1.9899729141239273,4,-99.49864570619636,4,0,TRUE
013,8,flashbaseline,NA,-0.2903755390916213,8,NA,8,0,TRUE
013,8,petal,10,3.2653926492372376,4,326.53926492372375,4,0,TRUE
013,8,petal,15,3.7319373514270424,4,248.79582342846948,4,0,TRUE
013,8,petal,20,3.2851882504523076,4,164.25941252261538,4,0,TRUE
013,8,fugal,10,-1.5314811842357778,4,-153.14811842357778,4,0,TRUE
013,8,fugal,15,-2.5770886148415473,4,-171.80590765610316,4,0,TRUE
013,8,fugal,20,-1.9604916681821178,4,-98.02458340910589,4,0,TRUE
013,9,flashbaseline,NA,0.36213588205790104,8,NA,8,0,TRUE
013,9,petal,10,3.1554932891005825,4,315.54932891005825,4,0,TRUE
013,9,petal,15,3.1640401330448076,4,210.93600886965382,4,0,TRUE
013,9,petal,20,3.547879455691832,4,177.3939727845916,4,0,TRUE
013,9,fugal,10,-2.373667019285971,4,-237.36670192859708,4,0,TRUE
013,9,fugal,15,-2.401434363765387,4,-160.0956242510258,4,0,TRUE
013,9,fugal,20,-2.1913251104298674,4,-109.56625552149337,4,0,TRUE
013,10,flashbaseline,NA,-0.4870600847039157,8,NA,8,0,TRUE
013,10,petal,10,1.6149233006111898,4,161.492330061119,4,0,TRUE
013,10,petal,15,3.3254528485161425,4,221.69685656774283,4,0,TRUE
013,10,petal,20,3.0905832854815976,4,154.52916427407987,4,0,TRUE
013,10,fugal,10,-1.5544793301423194,4,-155.44793301423192,4,0,TRUE
013,10,fugal,15,-2.821174224180755,4,-188.07828161205035,4,0,TRUE
013,10,fugal,20,-2.61841729512766,4,-130.920864756383,4,0,TRUE
013,11,flashbaseline,NA,-0.2249337389502627,8,NA,8,0,TRUE
013,11,petal,10,3.076506219072382,4,307.65062190723825,4,0,TRUE
013,11,petal,15,3.1815432751836803,4,212.10288501224537,4,0,TRUE
013,11,petal,20,3.8066216293293627,4,190.33108146646813,4,0,TRUE
013,11,fugal,10,-2.463835721108455,4,-246.38357211084553,4,0,TRUE
013,11,fugal,15,-2.469413318258555,4,-164.62755455057032,4,0,TRUE
013,11,fugal,20,-2.1179531970341055,4,-105.89765985170527,4,0,TRUE
013,12,flashbaseline,NA,-0.3181667833268456,8,NA,8,0,TRUE
013,12,petal,10,2.479355930995565,4,247.9355930995565,4,0,TRUE
013,12,petal,15,2.5391736487964875,4,169.27824325309916,4,0,TRUE
013,12,petal,20,3.5902867474256825,4,179.51433737128414,4,0,TRUE
013,12,fugal,10,-2.0018130016880167,4,-200.18130016880167,4,0,TRUE
013,12,fugal,15,-0.7721117189029449,4,-51.47411459352966,4,0,TRUE
013,12,fugal,20,-2.1172511793495974,4,-105.86255896747987,4,0,TRUE
014,1,flashbaseline,NA,0.25030652046185026,8,NA,8,0,TRUE
014,1,petal,10,5.63611656230628,4,563.611656230628,4,0,TRUE
014,1,petal,15,3.6347225054216477,4,242.31483369477652,4,0,TRUE
014,1,petal,20,5.404828901075075,4,270.24144505375375,4,0,TRUE
014,1,fugal,10,-3.0090790192323977,4,-300.9079019232398,4,0,TRUE
014,1,fugal,15,-1.2540312782159684,4,-83.60208521439789,4,0,TRUE
014,1,fugal,20,-1.6663109923054276,4,-83.31554961527138,4,0,TRUE
014,2,flashbaseline,NA,-0.6384602860688278,8,NA,8,0,TRUE
014,2,petal,10,4.393150649879375,4,439.3150649879375,4,0,TRUE
014,2,petal,15,4.361621226180873,4,290.7747484120582,4,0,TRUE
014,2,petal,20,4.130186320658877,4,206.50931603294387,4,0,TRUE
014,2,fugal,10,-2.1059321033585174,4,-210.59321033585175,4,0,TRUE
014,2,fugal,15,-1.266372582496854,4,-84.4248388331236,4,0,TRUE
014,2,fugal,20,-0.042964804603675466,4,-2.1482402301837733,4,0,TRUE
014,3,flashbaseline,NA,0.2009284491804726,8,NA,8,0,TRUE
014,3,petal,10,3.22771834692384,4,322.771834692384,4,0,TRUE
014,3,petal,15,4.918300044057993,4,327.8866696038662,4,0,TRUE
014,3,petal,20,4.797963039117775,4,239.89815195588875,4,0,TRUE
014,3,fugal,10,-2.05355764239462,4,-205.35576423946196,4,0,TRUE
014,3,fugal,15,-2.853815494330895,4,-190.25436628872632,4,0,TRUE
014,3,fugal,20,-1.9139381552161063,4,-95.69690776080532,4,0,TRUE
014,4,flashbaseline,NA,0.23731730873731016,8,NA,8,0,TRUE
014,4,petal,10,5.410501698792047,4,541.0501698792048,4,0,TRUE
014,4,petal,15,4.304961095690615,4,286.9974063793743,4,0,TRUE
014,4,petal,20,3.672277433286265,4,183.61387166431325,4,0,TRUE
014,4,fugal,10,-1.5214963799500232,4,-152.1496379950023,4,0,TRUE
014,4,fugal,15,-1.806468912706356,4,-120.4312608470904,4,0,TRUE
014,4,fugal,20,-0.16443332824921353,4,-8.221666412460676,4,0,TRUE
014,5,flashbaseline,NA,-0.5708701303121092,8,NA,8,0,TRUE
014,5,petal,10,3.7831923202943525,4,378.3192320294352,4,0,TRUE
014,5,petal,15,4.401890779543905,4,293.459385302927,4,0,TRUE
014,5,petal,20,4.601051926183257,4,230.05259630916285,4,0,TRUE
014,5,fugal,10,-1.8657829783998934,4,-186.57829783998932,4,0,TRUE
014,5,fugal,15,-4.256618212639127,4,-283.7745475092752,4,0,TRUE
014,5,fugal,20,-1.926321105219958,4,-96.3160552609979,4,0,TRUE
014,6,flashbaseline,NA,0.2665200606948638,8,NA,8,0,TRUE
014,6,petal,10,3.86838794802771,4,386.838794802771,4,0,TRUE
014,6,petal,15,4.905905287357298,4,327.06035249048654,4,0,TRUE
014,6,petal,20,2.467054647896157,4,123.35273239480784,4,0,TRUE
014,6,fugal,10,-2.3296703805078116,4,-232.96703805078118,4,0,TRUE
014,6,fugal,15,-0.44697503016941104,4,-29.7983353446274,4,0,TRUE
014,6,fugal,20,-1.2719718975739056,4,-63.59859487869528,4,0,TRUE
014,7,flashbaseline,NA,-0.3165201211205664,8,NA,8,0,TRUE
014,7,petal,10,3.5879957290583224,4,358.79957290583224,4,0,TRUE
014,7,petal,15,4.409788862210933,4,293.9859241473955,4,0,TRUE
014,7,petal,20,4.175600918119888,4,208.7800459059944,4,0,TRUE
014,7,fugal,10,-2.499176991644609,4,-249.91769916446088,4,0,TRUE
014,7,fugal,15,-1.3991480006506953,4,-93.27653337671302,4,0,TRUE
014,7,fugal,20,-3.6862788779930025,4,-184.3139438996501,4,0,TRUE
014,8,flashbaseline,NA,0.017492134442473883,8,NA,8,0,TRUE
014,8,petal,10,4.034036245769853,4,403.4036245769853,4,0,TRUE
014,8,petal,15,5.260547452312975,4,350.70316348753164,4,0,TRUE
014,8,petal,20,4.419441461272695,4,220.97207306363472,4,0,TRUE
014,8,fugal,10,-2.266475610507718,4,-226.6475610507718,4,0,TRUE
014,8,fugal,15,-2.7611179573444877,4,-184.0745304896325,4,0,TRUE
014,8,fugal,20,-2.7106457428443806,4,-135.53228714221905,4,0,TRUE
014,9,flashbaseline,NA,0.20153023829972916,8,NA,8,0,TRUE
014,9,petal,10,3.3995889741938345,4,339.95889741938345,4,0,TRUE
014,9,petal,15,2.4645575067560737,4,164.30383378373824,4,0,TRUE
014,9,petal,20,3.7782122556930338,4,188.91061278465168,4,0,TRUE
014,9,fugal,10,-2.3569661267670026,4,-235.69661267670025,4,0,TRUE
014,9,fugal,15,-1.6148065676115282,4,-107.65377117410188,4,0,TRUE
014,9,fugal,20,-2.343132377591915,4,-117.15661887959575,4,0,TRUE
014,10,flashbaseline,NA,1.0306063861696195,8,NA,8,0,TRUE
014,10,petal,10,4.109254419428483,4,410.9254419428483,4,0,TRUE
014,10,petal,15,3.8748993679160124,4,258.3266245277341,4,0,TRUE
014,10,petal,20,3.9235549070309923,4,196.17774535154962,4,0,TRUE
014,10,fugal,10,-1.7573711856950625,4,-175.73711856950624,4,0,TRUE
014,10,fugal,15,-2.1268339234300275,4,-141.7889282286685,4,0,TRUE
014,10,fugal,20,-3.904612964064868,4,-195.2306482032434,4,0,TRUE
014,11,flashbaseline,NA,-0.5177520377915301,8,NA,8,0,TRUE
014,11,petal,10,5.042510726276268,4,504.2510726276268,4,0,TRUE
014,11,petal,15,4.849423437706062,4,323.29489584707085,4,0,TRUE
014,11,petal,20,4.81956605101636,4,240.978302550818,4,0,TRUE
014,11,fugal,10,-1.3958038641928174,4,-139.58038641928175,4,0,TRUE
014,11,fugal,15,-3.018139692408065,4,-201.20931282720431,4,0,TRUE
014,11,fugal,20,-1.3328645395635645,4,-66.64322697817823,4,0,TRUE
014,12,flashbaseline,NA,0.8760947813362102,8,NA,8,0,TRUE
014,12,petal,10,2.32669341671677,4,232.66934167167702,4,0,TRUE
014,12,petal,15,4.375018998205685,4,291.66793321371233,4,0,TRUE
014,12,petal,20,4.9841003688170025,4,249.20501844085013,4,0,TRUE
014,12,fugal,10,0.2849589042269855,4,28.495890422698547,4,0,TRUE
014,12,fugal,15,-1.8773931995807633,4,-125.15954663871756,4,0,TRUE
014,12,fugal,20,-0.6754654489652532,4,-33.77327244826266,4,0,TRUE
015,1,flashbaseline,NA,0.04620641287499999,8,NA,8,0,TRUE
015,1,petal,10,1.83971872675,4,183.971872675,4,0,TRUE
015,1,petal,15,2.70814259725,4,180.54283981666669,4,0,TRUE
015,1,petal,20,3.03211678775,4,151.6058393875,4,0,TRUE
015,1,fugal,10,0.32107097024999987,4,32.10709702499999,4,0,TRUE
015,1,fugal,15,1.36750641225,4,91.16709415,4,0,TRUE
015,1,fugal,20,2.12452123175,4,106.2260615875,4,0,TRUE
015,2,flashbaseline,NA,0.17243363187499997,8,NA,8,0,TRUE
015,2,petal,10,1.6783342220000002,4,167.83342220000003,4,0,TRUE
015,2,petal,15,2.3429206735,4,156.19471156666668,4,0,TRUE
015,2,petal,20,2.5968705012499997,4,129.8435250625,4,0,TRUE
015,2,fugal,10,0.45576637825,4,45.576637825,4,0,TRUE
015,2,fugal,15,1.635195065,4,109.01300433333333,4,0,TRUE
015,2,fugal,20,1.46898512425,4,73.4492562125,4,0,TRUE
015,3,flashbaseline,NA,0.6959878445000001,8,NA,8,0,TRUE
015,3,petal,10,1.75143526175,4,175.143526175,4,0,TRUE
015,3,petal,15,2.9079351517500003,4,193.86234345000003,4,0,TRUE
015,3,petal,20,2.822209324,4,141.11046620000002,4,0,TRUE
015,3,fugal,10,1.2047981486666666,3,120.47981486666666,4,1,FALSE
015,3,fugal,15,1.5731184495,4,104.87456329999999,4,0,TRUE
015,3,fugal,20,2.34269424475,4,117.13471223750001,4,0,TRUE
015,4,flashbaseline,NA,0.18229087999999993,8,NA,8,0,TRUE
015,4,petal,10,2.6131974319999998,4,261.31974319999995,4,0,TRUE
015,4,petal,15,2.80504628675,4,187.00308578333332,4,0,TRUE
015,4,petal,20,4.73767259075,4,236.8836295375,4,0,TRUE
015,4,fugal,10,-0.42412512449999995,4,-42.412512449999994,4,0,TRUE
015,4,fugal,15,1.8134848182499999,4,120.89898788333332,4,0,TRUE
015,4,fugal,20,1.30007871925,4,65.00393596250001,4,0,TRUE
015,5,flashbaseline,NA,-0.382422954375,8,NA,8,0,TRUE
015,5,petal,10,2.07560085525,4,207.560085525,4,0,TRUE
015,5,petal,15,4.43583888175,4,295.72259211666665,4,0,TRUE
015,5,petal,20,4.822549098,4,241.12745489999998,4,0,TRUE
015,5,fugal,10,0.7389584885,4,73.89584885000001,4,0,TRUE
015,5,fugal,15,1.45069725225,4,96.71315014999999,4,0,TRUE
015,5,fugal,20,1.1117387795,4,55.586938975,4,0,TRUE
015,6,flashbaseline,NA,0.32624837975,8,NA,8,0,TRUE
015,6,petal,10,2.16622387175,4,216.622387175,4,0,TRUE
015,6,petal,15,3.207750424,4,213.85002826666667,4,0,TRUE
015,6,petal,20,4.06759704775,4,203.37985238749997,4,0,TRUE
015,6,fugal,10,1.9323008945,4,193.23008945,4,0,TRUE
015,6,fugal,15,0.1471177515,4,9.8078501,4,0,TRUE
015,6,fugal,20,0.0747304125,4,3.736520625,4,0,TRUE
015,7,flashbaseline,NA,0.428814451875,8,NA,8,0,TRUE
015,7,petal,10,2.7344473275,4,273.44473274999996,4,0,TRUE
015,7,petal,15,3.39838987475,4,226.55932498333334,4,0,TRUE
015,7,petal,20,5.2280333895,4,261.401669475,4,0,TRUE
015,7,fugal,10,-0.9821958215,4,-98.21958215,4,0,TRUE
015,7,fugal,15,-1.3048892465000002,4,-86.99261643333335,4,0,TRUE
015,7,fugal,20,1.7812228652500002,4,89.0611432625,4,0,TRUE
015,8,flashbaseline,NA,0.08130337375000014,8,NA,8,0,TRUE
015,8,petal,10,2.04174499775,4,204.174499775,4,0,TRUE
015,8,petal,15,4.03537813925,4,269.0252092833333,4,0,TRUE
015,8,petal,20,5.60676070175,4,280.3380350875,4,0,TRUE
015,8,fugal,10,0.49808550650000005,4,49.80855065000001,4,0,TRUE
015,8,fugal,15,-0.005633979749999962,4,-0.3755986499999975,4,0,TRUE
015,8,fugal,20,-0.12714324975000002,4,-6.357162487500001,4,0,TRUE
015,9,flashbaseline,NA,0.25579788624999994,8,NA,8,0,TRUE
015,9,petal,10,1.87450316825,4,187.450316825,4,0,TRUE
015,9,petal,15,3.73432068375,4,248.95471225000003,4,0,TRUE
015,9,petal,20,5.40197896025,4,270.0989480125,4,0,TRUE
015,9,fugal,10,1.2761005085,4,127.61005085,4,0,TRUE
015,9,fugal,15,0.6411240007499999,4,42.74160004999999,4,0,TRUE
015,9,fugal,20,2.19785556975,4,109.89277848750001,4,0,TRUE
015,10,flashbaseline,NA,0.17212926612499999,8,NA,8,0,TRUE
015,10,petal,10,2.5714820185,4,257.14820184999996,4,0,TRUE
015,10,petal,15,3.80853056225,4,253.90203748333334,4,0,TRUE
015,10,petal,20,4.97528375875,4,248.7641879375,4,0,TRUE
015,10,fugal,10,0.5932883215,4,59.32883215,4,0,TRUE
015,10,fugal,15,-0.75478095575,4,-50.31873038333334,4,0,TRUE
015,10,fugal,20,2.5622496755,4,128.11248377500002,4,0,TRUE
015,11,flashbaseline,NA,-1.233509528375,8,NA,8,0,TRUE
015,11,petal,10,3.07264806775,4,307.264806775,4,0,TRUE
015,11,petal,15,3.51306951375,4,234.20463425000003,4,0,TRUE
015,11,petal,20,5.9557404385,4,297.78702192500003,4,0,TRUE
015,11,fugal,10,0.10861754599999997,4,10.861754599999998,4,0,TRUE
015,11,fugal,15,-0.10619677399999998,4,-7.0797849333333325,4,0,TRUE
015,11,fugal,20,1.8191610075,4,90.958050375,4,0,TRUE
015,12,flashbaseline,NA,-0.37637718425,8,NA,8,0,TRUE
015,12,petal,10,2.4953728975,4,249.53728974999999,4,0,TRUE
015,12,petal,15,3.7102647705000003,4,247.35098470000003,4,0,TRUE
015,12,petal,20,5.20032571975,4,260.01628598750005,4,0,TRUE
015,12,fugal,10,-0.21951200375000002,4,-21.951200375,4,0,TRUE
015,12,fugal,15,4.331409706,4,288.76064706666665,4,0,TRUE
015,12,fugal,20,3.485544,4,174.2772,4,0,TRUE
016,1,flashbaseline,NA,0.2774925063562477,8,NA,8,0,TRUE
016,1,petal,10,3.1495869280054123,4,314.95869280054126,4,0,TRUE
016,1,petal,15,3.9101340928332875,4,260.67560618888587,4,0,TRUE
016,1,petal,20,5.003851756763767,4,250.1925878381884,4,0,TRUE
016,1,fugal,10,-1.8541640053918422,4,-185.41640053918422,4,0,TRUE
016,1,fugal,15,-1.5721886715073137,4,-104.81257810048758,4,0,TRUE
016,1,fugal,20,-2.8006976542137623,4,-140.03488271068812,4,0,TRUE
016,2,flashbaseline,NA,0.07026622728731052,8,NA,8,0,TRUE
016,2,petal,10,3.6779054051141773,4,367.79054051141776,4,0,TRUE
016,2,petal,15,3.49669508940367,4,233.11300596024466,4,0,TRUE
016,2,petal,20,4.731613001335343,4,236.58065006676716,4,0,TRUE
016,2,fugal,10,0.19456996206844973,4,19.456996206844973,4,0,TRUE
016,2,fugal,15,-0.3497137142376018,4,-23.314247615840117,4,0,TRUE
016,2,fugal,20,0.6566385019676632,4,32.83192509838316,4,0,TRUE
016,3,flashbaseline,NA,-0.4225893098093339,8,NA,8,0,TRUE
016,3,petal,10,2.9188861163519952,4,291.88861163519954,4,0,TRUE
016,3,petal,15,4.275262107093475,4,285.01747380623164,4,0,TRUE
016,3,petal,20,4.203693046007892,4,210.1846523003946,4,0,TRUE
016,3,fugal,10,-1.2835114807289978,4,-128.35114807289978,4,0,TRUE
016,3,fugal,15,-1.3205359968888175,4,-88.03573312592117,4,0,TRUE
016,3,fugal,20,-0.22451690620178005,4,-11.225845310089003,4,0,TRUE
016,4,flashbaseline,NA,0.7468277417257976,8,NA,8,0,TRUE
016,4,petal,10,1.8894453244486276,4,188.94453244486274,4,0,TRUE
016,4,petal,15,3.8847843836425526,4,258.98562557617015,4,0,TRUE
016,4,petal,20,3.7733585308617124,4,188.66792654308563,4,0,TRUE
016,4,fugal,10,-1.8855062824361974,4,-188.55062824361974,4,0,TRUE
016,4,fugal,15,-1.6037480350950972,4,-106.91653567300648,4,0,TRUE
016,4,fugal,20,-1.2999086351590847,4,-64.99543175795424,4,0,TRUE
016,5,flashbaseline,NA,-0.9512087831087809,8,NA,8,0,TRUE
016,5,petal,10,2.7337957761643685,4,273.37957761643685,4,0,TRUE
016,5,petal,15,3.61186774462749,4,240.791182975166,4,0,TRUE
016,5,petal,20,4.128919199606408,4,206.4459599803204,4,0,TRUE
016,5,fugal,10,-0.9750221735575539,4,-97.5022173557554,4,0,TRUE
016,5,fugal,15,-0.7486834884333783,4,-49.91223256222522,4,0,TRUE
016,5,fugal,20,-0.13549014880400628,4,-6.774507440200314,4,0,TRUE
016,6,flashbaseline,NA,-0.026967259372865426,8,NA,8,0,TRUE
016,6,petal,10,2.271854273035345,4,227.18542730353448,4,0,TRUE
016,6,petal,15,3.125673842858467,4,208.37825619056446,4,0,TRUE
016,6,petal,20,3.9291774912007926,4,196.45887456003962,4,0,TRUE
016,6,fugal,10,-1.0122868184994651,4,-101.22868184994651,4,0,TRUE
016,6,fugal,15,-1.9551925321557837,4,-130.34616881038556,4,0,TRUE
016,6,fugal,20,0.530632496186733,4,26.53162480933665,4,0,TRUE
016,7,flashbaseline,NA,0.2964433818822277,8,NA,8,0,TRUE
016,7,petal,10,2.7265308919524776,4,272.6530891952478,4,0,TRUE
016,7,petal,15,3.351643856037585,4,223.442923735839,4,0,TRUE
016,7,petal,20,3.42696430725116,4,171.34821536255802,4,0,TRUE
016,7,fugal,10,-0.4817659881551927,4,-48.17659881551927,4,0,TRUE
016,7,fugal,15,0.15223562510561825,4,10.149041673707885,4,0,TRUE
016,7,fugal,20,0.09609832975463173,4,4.804916487731586,4,0,TRUE
016,8,flashbaseline,NA,-0.4086462740157973,8,NA,8,0,TRUE
016,8,petal,10,1.690297061201122,4,169.0297061201122,4,0,TRUE
016,8,petal,15,1.8426087510066875,4,122.84058340044584,4,0,TRUE
016,8,petal,20,3.9522630619829076,4,197.61315309914536,4,0,TRUE
016,8,fugal,10,-0.2018112048138518,4,-20.181120481385182,4,0,TRUE
016,8,fugal,15,-0.5350229034420242,4,-35.66819356280161,4,0,TRUE
016,8,fugal,20,-1.1814028061720268,4,-59.07014030860134,4,0,TRUE
016,9,flashbaseline,NA,0.5755648832784548,8,NA,8,0,TRUE
016,9,petal,10,3.0286305732993526,4,302.86305732993526,4,0,TRUE
016,9,petal,15,3.5712422767656724,4,238.0828184510448,4,0,TRUE
016,9,petal,20,4.82684484716046,4,241.34224235802301,4,0,TRUE
016,9,fugal,10,-0.5472939819071185,4,-54.729398190711855,4,0,TRUE
016,9,fugal,15,1.0416950028338876,4,69.44633352225918,4,0,TRUE
016,9,fugal,20,0.4573232240120393,4,22.866161200601965,4,0,TRUE
016,10,flashbaseline,NA,-0.0013433730909361286,8,NA,8,0,TRUE
016,10,petal,10,2.0869843106388988,4,208.69843106388987,4,0,TRUE
016,10,petal,15,2.5610337699127426,4,170.7355846608495,4,0,TRUE
016,10,petal,20,3.6315852282588548,4,181.5792614129427,4,0,TRUE
016,10,fugal,10,-1.1430607409487135,4,-114.30607409487133,4,0,TRUE
016,10,fugal,15,-0.18775432582970733,4,-12.516955055313822,4,0,TRUE
016,10,fugal,20,-1.6446079776370253,4,-82.23039888185127,4,0,TRUE
016,11,flashbaseline,NA,0.6468643022297684,8,NA,8,0,TRUE
016,11,petal,10,2.48178142742194,4,248.17814274219398,4,0,TRUE
016,11,petal,15,2.467036961922655,4,164.4691307948437,4,0,TRUE
016,11,petal,20,3.306907919094267,4,165.34539595471338,4,0,TRUE
016,11,fugal,10,-0.45499877110634096,4,-45.499877110634095,4,0,TRUE
016,11,fugal,15,-0.34677950290470044,4,-23.11863352698003,4,0,TRUE
016,11,fugal,20,-1.4206327388500122,4,-71.03163694250061,4,0,TRUE
016,12,flashbaseline,NA,0.6055035219046168,8,NA,8,0,TRUE
016,12,petal,10,2.408718971949738,4,240.8718971949738,4,0,TRUE
016,12,petal,15,3.2858378673161113,4,219.05585782107408,4,0,TRUE
016,12,petal,20,3.806709907436555,4,190.33549537182776,4,0,TRUE
016,12,fugal,10,-1.2512007660089235,4,-125.12007660089236,4,0,TRUE
016,12,fugal,15,0.5501691847781892,4,36.677945651879284,4,0,TRUE
016,12,fugal,20,-0.7100039232860605,4,-35.50019616430303,4,0,TRUE
017,1,flashbaseline,NA,-0.35451752901620637,8,NA,8,0,TRUE
017,1,petal,10,3.16410109172008,4,316.410109172008,4,0,TRUE
017,1,petal,15,4.6128305138539325,4,307.5220342569288,4,0,TRUE
017,1,petal,20,5.96521011226603,4,298.2605056133015,4,0,TRUE
017,1,fugal,10,0.5558836770560105,4,55.58836770560105,4,0,TRUE
017,1,fugal,15,2.978122229049573,4,198.5414819366382,4,0,TRUE
017,1,fugal,20,3.2270057064950635,4,161.35028532475317,4,0,TRUE
017,2,flashbaseline,NA,-0.2798990760924738,8,NA,8,0,TRUE
017,2,petal,10,3.2231513928639925,4,322.31513928639924,4,0,TRUE
017,2,petal,15,5.304682902533813,4,353.64552683558753,4,0,TRUE
017,2,petal,20,5.9028841257976525,4,295.1442062898826,4,0,TRUE
017,2,fugal,10,2.662093311344557,4,266.2093311344557,4,0,TRUE
017,2,fugal,15,1.8818455625769968,4,125.45637083846644,4,0,TRUE
017,2,fugal,20,4.268593433648882,4,213.4296716824441,4,0,TRUE
017,3,flashbaseline,NA,-0.5802293956871674,8,NA,8,0,TRUE
017,3,petal,10,5.200354325491018,4,520.0354325491018,4,0,TRUE
017,3,petal,15,5.099070675794337,4,339.93804505295583,4,0,TRUE
017,3,petal,20,6.5007654926250105,4,325.0382746312505,4,0,TRUE
017,3,fugal,10,1.9042831941597052,4,190.42831941597052,4,0,TRUE
017,3,fugal,15,1.7068485361800954,4,113.78990241200636,4,0,TRUE
017,3,fugal,20,2.570805493351814,4,128.54027466759072,4,0,TRUE
017,4,flashbaseline,NA,0.48582110535672507,8,NA,8,0,TRUE
017,4,petal,10,4.098404841654427,4,409.8404841654427,4,0,TRUE
017,4,petal,15,4.312820410722535,4,287.5213607148357,4,0,TRUE
017,4,petal,20,6.246113210905173,4,312.30566054525866,4,0,TRUE
017,4,fugal,10,1.1224567045086178,4,112.24567045086178,4,0,TRUE
017,4,fugal,15,3.8036145123084397,4,253.57430082056266,4,0,TRUE
017,4,fugal,20,3.25451160917014,4,162.72558045850698,4,0,TRUE
017,5,flashbaseline,NA,-0.02654789009109909,8,NA,8,0,TRUE
017,5,petal,10,3.8979129666644274,4,389.79129666644275,4,0,TRUE
017,5,petal,15,5.136503200884575,4,342.43354672563834,4,0,TRUE
017,5,petal,20,4.724676783658593,4,236.23383918292964,4,0,TRUE
017,5,fugal,10,0.343688560622308,4,34.3688560622308,4,0,TRUE
017,5,fugal,15,1.77806775908699,4,118.53785060579932,4,0,TRUE
017,5,fugal,20,3.1086871292781564,4,155.43435646390782,4,0,TRUE
017,6,flashbaseline,NA,0.19245358121607237,8,NA,8,0,TRUE
017,6,petal,10,2.7344063319852974,4,273.4406331985297,4,0,TRUE
017,6,petal,15,3.35313165440345,4,223.54211029356333,4,0,TRUE
017,6,petal,20,5.032121150420705,4,251.60605752103527,4,0,TRUE
017,6,fugal,10,0.031713080924492654,4,3.1713080924492654,4,0,TRUE
017,6,fugal,15,0.692129845400505,4,46.141989693367,4,0,TRUE
017,6,fugal,20,0.813292597343143,4,40.664629867157146,4,0,TRUE
017,7,flashbaseline,NA,0.4338017817109879,8,NA,8,0,TRUE
017,7,petal,10,3.970600680944985,4,397.0600680944985,4,0,TRUE
017,7,petal,15,3.3396669741793827,4,222.64446494529219,4,0,TRUE
017,7,petal,20,4.004687085210188,4,200.2343542605094,4,0,TRUE
017,7,fugal,10,1.55557954983897,4,155.557954983897,4,0,TRUE
017,7,fugal,15,1.509170043977811,4,100.6113362651874,4,0,TRUE
017,7,fugal,20,0.7184422558458823,4,35.92211279229411,4,0,TRUE
017,8,flashbaseline,NA,0.4768295002611809,8,NA,8,0,TRUE
017,8,petal,10,2.3001804618755477,4,230.01804618755477,4,0,TRUE
017,8,petal,15,4.23544780876336,4,282.36318725089063,4,0,TRUE
017,8,petal,20,5.06966135450097,4,253.48306772504847,4,0,TRUE
017,8,fugal,10,0.6126009512972072,4,61.26009512972071,4,0,TRUE
017,8,fugal,15,1.255008560679784,4,83.66723737865227,4,0,TRUE
017,8,fugal,20,2.219115464317568,4,110.9557732158784,4,0,TRUE
017,9,flashbaseline,NA,0.43314042283636744,8,NA,8,0,TRUE
017,9,petal,10,4.74379782214774,4,474.379782214774,4,0,TRUE
017,9,petal,15,3.6162272458136075,4,241.08181638757384,4,0,TRUE
017,9,petal,20,5.729115550667365,4,286.45577753336823,4,0,TRUE
017,9,fugal,10,1.8326769645334187,4,183.26769645334187,4,0,TRUE
017,9,fugal,15,2.712862925533465,4,180.85752836889765,4,0,TRUE
017,9,fugal,20,3.0692434716899775,4,153.46217358449888,4,0,TRUE
017,10,flashbaseline,NA,0.43270412235347616,8,NA,8,0,TRUE
017,10,petal,10,2.8514003842338775,4,285.14003842338775,4,0,TRUE
017,10,petal,15,4.627398756839843,4,308.49325045598954,4,0,TRUE
017,10,petal,20,3.404027223127975,4,170.20136115639875,4,0,TRUE
017,10,fugal,10,-0.508587992924138,4,-50.858799292413806,4,0,TRUE
017,10,fugal,15,1.5556534696984585,4,103.71023131323057,4,0,TRUE
017,10,fugal,20,2.1970002868085468,4,109.85001434042734,4,0,TRUE
017,11,flashbaseline,NA,-0.8579401311208915,8,NA,8,0,TRUE
017,11,petal,10,2.5416050283946174,4,254.16050283946174,4,0,TRUE
017,11,petal,15,4.748406023002167,4,316.56040153347783,4,0,TRUE
017,11,petal,20,4.336760414337507,4,216.83802071687535,4,0,TRUE
017,11,fugal,10,0.008120330023625,4,0.8120330023625,4,0,TRUE
017,11,fugal,15,-2.1232255874673553,4,-141.54837249782366,4,0,TRUE
017,11,fugal,20,2.256797995029584,4,112.8398997514792,4,0,TRUE
017,12,flashbaseline,NA,0.17865530522539497,8,NA,8,0,TRUE
017,12,petal,10,3.1792001861722126,4,317.9200186172212,4,0,TRUE
017,12,petal,15,4.086649275309775,4,272.4432850206517,4,0,TRUE
017,12,petal,20,3.2296120754186077,4,161.48060377093037,4,0,TRUE
017,12,fugal,10,0.28460446485294344,4,28.460446485294344,4,0,TRUE
017,12,fugal,15,1.4617925610842517,4,97.45283740561678,4,0,TRUE
017,12,fugal,20,2.3685836901579926,4,118.42918450789963,4,0,TRUE
018,1,flashbaseline,NA,0.31671133461242607,8,NA,8,0,TRUE
018,1,petal,10,2.403228713571945,4,240.3228713571945,4,0,TRUE
018,1,petal,15,3.1863142173741825,4,212.4209478249455,4,0,TRUE
018,1,petal,20,2.827326338743255,4,141.36631693716276,4,0,TRUE
018,1,fugal,10,-0.6421385843542196,4,-64.21385843542195,4,0,TRUE
018,1,fugal,15,-0.16395769982489472,4,-10.930513321659648,4,0,TRUE
018,1,fugal,20,-0.6073916110223407,4,-30.36958055111704,4,0,TRUE
018,2,flashbaseline,NA,0.22201747046873366,8,NA,8,0,TRUE
018,2,petal,10,2.1185945042631027,4,211.85945042631027,4,0,TRUE
018,2,petal,15,2.6692658093688824,4,177.9510539579255,4,0,TRUE
018,2,petal,20,2.0253223254065253,4,101.26611627032626,4,0,TRUE
018,2,fugal,10,-0.6902738866636544,4,-69.02738866636544,4,0,TRUE
018,2,fugal,15,-0.774216960775739,4,-51.61446405171593,4,0,TRUE
018,2,fugal,20,0.91979128683153,4,45.9895643415765,4,0,TRUE
018,3,flashbaseline,NA,0.045855424319577565,8,NA,8,0,TRUE
018,3,petal,10,2.138261718848085,4,213.8261718848085,4,0,TRUE
018,3,petal,15,2.55597708832091,4,170.39847255472733,4,0,TRUE
018,3,petal,20,3.9102833421552425,4,195.51416710776212,4,0,TRUE
018,3,fugal,10,-0.11095525114127908,4,-11.095525114127907,4,0,TRUE
018,3,fugal,15,-0.37529844617238556,4,-25.019896411492372,4,0,TRUE
018,3,fugal,20,-0.5583319510852875,4,-27.916597554264378,4,0,TRUE
018,4,flashbaseline,NA,0.24712332355564992,8,NA,8,0,TRUE
018,4,petal,10,1.873758961597294,4,187.37589615972942,4,0,TRUE
018,4,petal,15,2.0932660120220774,4,139.5510674681385,4,0,TRUE
018,4,petal,20,2.536148700692955,4,126.80743503464775,4,0,TRUE
018,4,fugal,10,-1.8455676509427559,4,-184.5567650942756,4,0,TRUE
018,4,fugal,15,-1.577313132102162,4,-105.1542088068108,4,0,TRUE
018,4,fugal,20,-0.9918716169138875,4,-49.593580845694376,4,0,TRUE
018,5,flashbaseline,NA,0.17052320254123876,8,NA,8,0,TRUE
018,5,petal,10,1.4337760440226945,4,143.37760440226947,4,0,TRUE
018,5,petal,15,2.1962637731647785,4,146.4175848776519,4,0,TRUE
018,5,petal,20,2.328550549718336,4,116.42752748591681,4,0,TRUE
018,5,fugal,10,-0.8642932631818074,4,-86.42932631818074,4,0,TRUE
018,5,fugal,15,-1.089860064991491,4,-72.6573376660994,4,0,TRUE
018,5,fugal,20,-0.6203253447670856,4,-31.016267238354278,4,0,TRUE
018,6,flashbaseline,NA,0.13927449189641888,8,NA,8,0,TRUE
018,6,petal,10,3.48773774661258,4,348.77377466125796,4,0,TRUE
018,6,petal,15,1.8533222253010375,4,123.55481502006917,4,0,TRUE
018,6,petal,20,2.4966673214392148,4,124.83336607196074,4,0,TRUE
018,6,fugal,10,-1.2001978139123184,4,-120.01978139123185,4,0,TRUE
018,6,fugal,15,-1.80225526995633,4,-120.150351330422,4,0,TRUE
018,6,fugal,20,-1.07303779581577,4,-53.6518897907885,4,0,TRUE
018,7,flashbaseline,NA,-0.1499809634569239,8,NA,8,0,TRUE
018,7,petal,10,1.9877534023390173,4,198.77534023390172,4,0,TRUE
018,7,petal,15,2.4997602562680026,4,166.65068375120018,4,0,TRUE
018,7,petal,20,2.5358685891752426,4,126.79342945876212,4,0,TRUE
018,7,fugal,10,-1.626111391429698,4,-162.61113914296982,4,0,TRUE
018,7,fugal,15,-2.40326238847827,4,-160.21749256521798,4,0,TRUE
018,7,fugal,20,-2.0769783025130275,4,-103.84891512565137,4,0,TRUE
018,8,flashbaseline,NA,0.03693070413423116,8,NA,8,0,TRUE
018,8,petal,10,2.3538156568785245,4,235.38156568785246,4,0,TRUE
018,8,petal,15,2.4110072316247395,4,160.7338154416493,4,0,TRUE
018,8,petal,20,3.4833327807150125,4,174.16663903575065,4,0,TRUE
018,8,fugal,10,-2.258359090161395,4,-225.83590901613948,4,0,TRUE
018,8,fugal,15,-2.025131716518274,4,-135.0087811012183,4,0,TRUE
018,8,fugal,20,-1.006635777262269,4,-50.331788863113445,4,0,TRUE
018,9,flashbaseline,NA,0.19736348108038132,8,NA,8,0,TRUE
018,9,petal,10,2.6280125277893833,4,262.80125277893836,4,0,TRUE
018,9,petal,15,2.6472954002455378,4,176.4863600163692,4,0,TRUE
018,9,petal,20,2.4299514923156513,4,121.49757461578255,4,0,TRUE
018,9,fugal,10,-1.3148289606108252,4,-131.48289606108253,4,0,TRUE
018,9,fugal,15,-2.2778841312839564,4,-151.85894208559708,4,0,TRUE
018,9,fugal,20,-1.861491774033838,4,-93.0745887016919,4,0,TRUE
018,10,flashbaseline,NA,-0.4298754809552287,8,NA,8,0,TRUE
018,10,petal,10,3.2347780602637872,4,323.4778060263787,4,0,TRUE
018,10,petal,15,1.3832267182458335,4,92.21511454972224,4,0,TRUE
018,10,petal,20,1.4848495008056888,4,74.24247504028445,4,0,TRUE
018,10,fugal,10,-0.9694356290248041,4,-96.94356290248041,4,0,TRUE
018,10,fugal,15,-0.15024988341712325,4,-10.016658894474885,4,0,TRUE
018,10,fugal,20,-0.97590804418457,4,-48.7954022092285,4,0,TRUE
018,11,flashbaseline,NA,-0.11003771315494737,8,NA,8,0,TRUE
018,11,petal,10,3.6114911220137502,4,361.14911220137503,4,0,TRUE
018,11,petal,15,1.825567093752757,4,121.70447291685046,4,0,TRUE
018,11,petal,20,2.750465347975484,4,137.5232673987742,4,0,TRUE
018,11,fugal,10,-1.6373943468264374,4,-163.73943468264375,4,0,TRUE
018,11,fugal,15,-1.974471104848715,4,-131.63140698991432,4,0,TRUE
018,11,fugal,20,-2.5070252355843783,4,-125.3512617792189,4,0,TRUE
018,12,flashbaseline,NA,-0.3836462128194989,8,NA,8,0,TRUE
018,12,petal,10,1.3645247507445013,4,136.45247507445012,4,0,TRUE
018,12,petal,15,2.352570037014106,4,156.83800246760705,4,0,TRUE
018,12,petal,20,2.4946752871099718,4,124.73376435549858,4,0,TRUE
018,12,fugal,10,-0.5872100732036165,4,-58.72100732036165,4,0,TRUE
018,12,fugal,15,-1.4577627906981276,4,-97.18418604654184,4,0,TRUE
018,12,fugal,20,-0.7161618285743565,4,-35.80809142871782,4,0,TRUE
019,1,flashbaseline,NA,0.3415511448904256,8,NA,8,0,TRUE
019,1,petal,10,4.283102595141045,4,428.31025951410453,4,0,TRUE
019,1,petal,15,1.2214043243843387,4,81.42695495895592,4,0,TRUE
019,1,petal,20,2.9850641369350424,4,149.2532068467521,4,0,TRUE
019,1,fugal,10,0.930571398013556,4,93.0571398013556,4,0,TRUE
019,1,fugal,15,1.663977553642277,4,110.93183690948513,4,0,TRUE
019,1,fugal,20,2.6200322985071276,4,131.0016149253564,4,0,TRUE
019,2,flashbaseline,NA,0.18916278964277222,8,NA,8,0,TRUE
019,2,petal,10,3.4961959241116,4,349.61959241116,4,0,TRUE
019,2,petal,15,3.1138688013957974,4,207.5912534263865,4,0,TRUE
019,2,petal,20,3.8602248541493576,4,193.0112427074679,4,0,TRUE
019,2,fugal,10,1.3369284748667607,4,133.69284748667607,4,0,TRUE
019,2,fugal,15,2.4465776930129173,4,163.1051795341945,4,0,TRUE
019,2,fugal,20,1.9362100108767297,4,96.81050054383648,4,0,TRUE
019,3,flashbaseline,NA,-0.28881932204566185,8,NA,8,0,TRUE
019,3,petal,10,2.92155332432242,4,292.155332432242,4,0,TRUE
019,3,petal,15,2.0115686947056566,4,134.10457964704378,4,0,TRUE
019,3,petal,20,3.791058055847465,4,189.55290279237323,4,0,TRUE
019,3,fugal,10,0.6318649754324177,4,63.186497543241764,4,0,TRUE
019,3,fugal,15,-1.190641104657401,4,-79.37607364382673,4,0,TRUE
019,3,fugal,20,2.09465753756465,4,104.73287687823249,4,0,TRUE
019,4,flashbaseline,NA,0.06758932600710248,8,NA,8,0,TRUE
019,4,petal,10,2.6387471082590177,4,263.87471082590173,4,0,TRUE
019,4,petal,15,2.6433663729603034,4,176.22442486402022,4,0,TRUE
019,4,petal,20,5.32142512541665,4,266.0712562708325,4,0,TRUE
019,4,fugal,10,1.201627658162041,4,120.16276581620411,4,0,TRUE
019,4,fugal,15,2.078733757380023,4,138.58225049200152,4,0,TRUE
019,4,fugal,20,2.3168672960610355,4,115.84336480305177,4,0,TRUE
019,5,flashbaseline,NA,0.2269340171136875,8,NA,8,0,TRUE
019,5,petal,10,2.76764359399448,4,276.764359399448,4,0,TRUE
019,5,petal,15,3.0054240745503114,4,200.36160497002075,4,0,TRUE
019,5,petal,20,3.8505288508147277,4,192.52644254073638,4,0,TRUE
019,5,fugal,10,0.8072357162543433,4,80.72357162543433,4,0,TRUE
019,5,fugal,15,0.7698298389939047,4,51.32198926626031,4,0,TRUE
019,5,fugal,20,1.9821392418695756,4,99.10696209347877,4,0,TRUE
019,6,flashbaseline,NA,-0.08206771792548384,8,NA,8,0,TRUE
019,6,petal,10,2.053795095853295,4,205.37950958532952,4,0,TRUE
019,6,petal,15,3.818505846095035,4,254.56705640633564,4,0,TRUE
019,6,petal,20,3.7939720728163726,4,189.69860364081865,4,0,TRUE
019,6,fugal,10,0.6992789439454548,4,69.92789439454548,4,0,TRUE
019,6,fugal,15,2.035120708376525,4,135.67471389176833,4,0,TRUE
019,6,fugal,20,2.7806986710280523,4,139.03493355140262,4,0,TRUE
019,7,flashbaseline,NA,-0.02625664524783755,8,NA,8,0,TRUE
019,7,petal,10,2.5154507181660453,4,251.54507181660452,4,0,TRUE
019,7,petal,15,2.72880291410411,4,181.92019427360734,4,0,TRUE
019,7,petal,20,4.113274027965278,4,205.6637013982639,4,0,TRUE
019,7,fugal,10,0.5206663663342885,4,52.06663663342885,4,0,TRUE
019,7,fugal,15,0.4597997867040895,4,30.653319113605967,4,0,TRUE
019,7,fugal,20,1.76216444917952,4,88.10822245897602,4,0,TRUE
019,8,flashbaseline,NA,0.474722583986886,8,NA,8,0,TRUE
019,8,petal,10,2.14122455766592,4,214.122455766592,4,0,TRUE
019,8,petal,15,3.0386586440145424,4,202.57724293430283,4,0,TRUE
019,8,petal,20,3.2611941904624127,4,163.05970952312063,4,0,TRUE
019,8,fugal,10,0.4153613663213592,4,41.53613663213592,4,0,TRUE
019,8,fugal,15,0.5811476584527157,4,38.74317723018105,4,0,TRUE
019,8,fugal,20,1.9547819642404676,4,97.73909821202338,4,0,TRUE
019,9,flashbaseline,NA,-0.037128015407822096,8,NA,8,0,TRUE
019,9,petal,10,2.66797313372345,4,266.797313372345,4,0,TRUE
019,9,petal,15,3.46175223937825,4,230.78348262521666,4,0,TRUE
019,9,petal,20,5.142331716699387,4,257.1165858349694,4,0,TRUE
019,9,fugal,10,0.5064160152060111,4,50.641601520601114,4,0,TRUE
019,9,fugal,15,2.2197821311390302,4,147.98547540926867,4,0,TRUE
019,9,fugal,20,1.8293877787295123,4,91.46938893647562,4,0,TRUE
019,10,flashbaseline,NA,-0.4921718987859053,8,NA,8,0,TRUE
019,10,petal,10,3.323230801360165,4,332.32308013601653,4,0,TRUE
019,10,petal,15,4.827398076000698,4,321.82653840004656,4,0,TRUE
019,10,petal,20,5.800815186554347,4,290.04075932771735,4,0,TRUE
019,10,fugal,10,0.9266939152844409,4,92.66939152844408,4,0,TRUE
019,10,fugal,15,1.2422654610353625,4,82.81769740235751,4,0,TRUE
019,10,fugal,20,3.0946218981495526,4,154.73109490747763,4,0,TRUE
019,11,flashbaseline,NA,0.23468091065147578,8,NA,8,0,TRUE
019,11,petal,10,3.0903428437316602,4,309.03428437316603,4,0,TRUE
019,11,petal,15,3.97353879733097,4,264.90258648873134,4,0,TRUE
019,11,petal,20,4.517908840968603,4,225.8954420484301,4,0,TRUE
019,11,fugal,10,1.370391315939861,4,137.03913159398613,4,0,TRUE
019,11,fugal,15,2.51509553246426,4,167.67303549761732,4,0,TRUE
019,11,fugal,20,1.0620907599721885,4,53.10453799860942,4,0,TRUE
019,12,flashbaseline,NA,0.1572400475304173,8,NA,8,0,TRUE
019,12,petal,10,2.207852336427857,4,220.7852336427857,4,0,TRUE
019,12,petal,15,2.7320658514645144,4,182.1377234309676,4,0,TRUE
019,12,petal,20,4.627799445118807,4,231.38997225594036,4,0,TRUE
019,12,fugal,10,1.585440579198077,4,158.5440579198077,4,0,TRUE
019,12,fugal,15,0.5945560612894668,4,39.63707075263112,4,0,TRUE
019,12,fugal,20,1.6213644457562075,4,81.06822228781039,4,0,TRUE
020,1,flashbaseline,NA,-0.43040259170229755,8,NA,8,0,TRUE
020,1,petal,10,2.6674414800042907,3,266.74414800042905,4,1,FALSE
020,1,petal,15,5.424301589250833,4,361.6201059500555,4,0,TRUE
020,1,petal,20,6.343349830277512,4,317.16749151387563,4,0,TRUE
020,1,fugal,10,1.05688862431143,3,105.688862431143,4,1,FALSE
020,1,fugal,15,4.345537397800262,4,289.7024931866842,4,0,TRUE
020,1,fugal,20,4.336172422231233,4,216.80862111156162,4,0,TRUE
020,2,flashbaseline,NA,-0.7997123712717421,8,NA,8,0,TRUE
020,2,petal,10,3.7474912924562123,4,374.7491292456212,4,0,TRUE
020,2,petal,15,5.2253339653662625,4,348.35559769108414,4,0,TRUE
020,2,petal,20,5.12569418903203,4,256.28470945160154,4,0,TRUE
020,2,fugal,10,3.147404738577152,4,314.7404738577152,4,0,TRUE
020,2,fugal,15,3.98997548073556,4,265.99836538237065,4,0,TRUE
020,2,fugal,20,5.236870197274575,4,261.84350986372874,4,0,TRUE
020,3,flashbaseline,NA,-0.33757366845757836,8,NA,8,0,TRUE
020,3,petal,10,3.76245951729177,4,376.245951729177,4,0,TRUE
020,3,petal,15,4.570476024751367,4,304.69840165009117,4,0,TRUE
020,3,petal,20,5.863821102515793,4,293.19105512578966,4,0,TRUE
020,3,fugal,10,2.9640147193286026,4,296.40147193286026,4,0,TRUE
020,3,fugal,15,3.87345535209785,3,258.23035680652333,4,1,FALSE
020,3,fugal,20,4.908627557976324,3,245.4313778988162,4,1,FALSE
020,4,flashbaseline,NA,0.6572498655233092,8,NA,8,0,TRUE
020,4,petal,10,3.8436908888611,4,384.36908888611,4,0,TRUE
020,4,petal,15,5.3978558052567704,4,359.85705368378467,4,0,TRUE
020,4,petal,20,5.3119997728602,4,265.59998864300997,4,0,TRUE
020,4,fugal,10,3.719213627369423,4,371.92136273694234,4,0,TRUE
020,4,fugal,15,3.835612754918525,4,255.70751699456835,4,0,TRUE
020,4,fugal,20,4.310194046786978,4,215.5097023393489,4,0,TRUE
020,5,flashbaseline,NA,-0.6606512011125847,8,NA,8,0,TRUE
020,5,petal,10,3.335086003914176,4,333.5086003914176,4,0,TRUE
020,5,petal,15,5.531072691291888,4,368.7381794194592,4,0,TRUE
020,5,petal,20,6.140504881140767,4,307.0252440570383,4,0,TRUE
020,5,fugal,10,2.704269912221645,4,270.42699122216453,4,0,TRUE
020,5,fugal,15,3.3566759012171774,4,223.7783934144785,4,0,TRUE
020,5,fugal,20,4.8153627924920395,4,240.768139624602,4,0,TRUE
020,6,flashbaseline,NA,0.02250376849765645,8,NA,8,0,TRUE
020,6,petal,10,4.603561524464094,4,460.35615244640945,4,0,TRUE
020,6,petal,15,5.307387366319298,4,353.82582442128654,4,0,TRUE
020,6,petal,20,5.7044071765922,4,285.22035882961,4,0,TRUE
020,6,fugal,10,2.535322454741548,4,253.53224547415476,4,0,TRUE
020,6,fugal,15,3.508195504195833,4,233.8797002797222,4,0,TRUE
020,6,fugal,20,4.355702655865517,4,217.7851327932759,4,0,TRUE
020,7,flashbaseline,NA,-0.15849411954646403,8,NA,8,0,TRUE
020,7,petal,10,4.12984139309828,4,412.98413930982804,4,0,TRUE
020,7,petal,15,4.09863130123553,4,273.2420867490353,4,0,TRUE
020,7,petal,20,5.84537743344102,4,292.26887167205103,4,0,TRUE
020,7,fugal,10,3.1221571240618973,4,312.2157124061897,4,0,TRUE
020,7,fugal,15,3.0760258715305726,4,205.0683914353715,4,0,TRUE
020,7,fugal,20,3.6858724297431924,4,184.2936214871596,4,0,TRUE
020,8,flashbaseline,NA,-0.3160010296276498,8,NA,8,0,TRUE
020,8,petal,10,4.3467923859084605,4,434.67923859084607,4,0,TRUE
020,8,petal,15,4.6180285644514,4,307.8685709634267,4,0,TRUE
020,8,petal,20,5.47707070131481,4,273.8535350657405,4,0,TRUE
020,8,fugal,10,2.48715801280363,4,248.71580128036302,4,0,TRUE
020,8,fugal,15,4.238226903463652,4,282.54846023091017,4,0,TRUE
020,8,fugal,20,5.1345442473262555,4,256.7272123663128,4,0,TRUE
020,9,flashbaseline,NA,-0.5181172566646283,8,NA,8,0,TRUE
020,9,petal,10,3.3268555737306027,4,332.68555737306025,4,0,TRUE
020,9,petal,15,5.422732301330882,4,361.51548675539215,4,0,TRUE
020,9,petal,20,6.0429000569653075,4,302.1450028482654,4,0,TRUE
020,9,fugal,10,1.6329807539659753,4,163.2980753965975,4,0,TRUE
020,9,fugal,15,3.6485371229127352,4,243.23580819418237,4,0,TRUE
020,9,fugal,20,4.54146467125622,4,227.073233562811,4,0,TRUE
020,10,flashbaseline,NA,0.3324290579267704,8,NA,8,0,TRUE
020,10,petal,10,3.532938168162295,4,353.29381681622954,4,0,TRUE
020,10,petal,15,4.203036013832542,4,280.2024009221695,4,0,TRUE
020,10,petal,20,5.897786108518387,4,294.88930542591936,4,0,TRUE
020,10,fugal,10,1.8618455447188893,4,186.18455447188893,4,0,TRUE
020,10,fugal,15,2.63690901691979,4,175.79393446131937,4,0,TRUE
020,10,fugal,20,3.6456722880911148,4,182.28361440455572,4,0,TRUE
020,11,flashbaseline,NA,0.21861874222599914,8,NA,8,0,TRUE
020,11,petal,10,2.99307616683389,4,299.30761668338903,4,0,TRUE
020,11,petal,15,4.854862195919788,4,323.65747972798584,4,0,TRUE
020,11,petal,20,6.038794084059195,4,301.9397042029598,4,0,TRUE
020,11,fugal,10,1.753000653410363,4,175.30006534103632,4,0,TRUE
020,11,fugal,15,3.770313696207275,4,251.35424641381837,4,0,TRUE
020,11,fugal,20,4.441770463916942,4,222.0885231958471,4,0,TRUE
020,12,flashbaseline,NA,-0.743311875777516,8,NA,8,0,TRUE
020,12,petal,10,3.8221797513598696,4,382.217975135987,4,0,TRUE
020,12,petal,15,4.557320571537578,4,303.82137143583856,4,0,TRUE
020,12,petal,20,6.455298051945983,4,322.7649025972991,4,0,TRUE
020,12,fugal,10,3.2796978396329246,4,327.96978396329246,4,0,TRUE
020,12,fugal,15,4.0808433342040225,4,272.0562222802682,4,0,TRUE
020,12,fugal,20,4.074203837710467,4,203.71019188552336,4,0,TRUE
021,1,flashbaseline,NA,-0.015156243404761183,8,NA,8,0,TRUE
021,1,petal,10,3.4901293201255625,4,349.01293201255623,4,0,TRUE
021,1,petal,15,4.89730677058684,4,326.48711803912266,4,0,TRUE
021,1,petal,20,5.914787118116385,4,295.73935590581925,4,0,TRUE
021,1,fugal,10,1.0407933839793926,4,104.07933839793925,4,0,TRUE
021,1,fugal,15,1.7421435906567413,4,116.14290604378276,4,0,TRUE
021,1,fugal,20,3.352514811396825,4,167.62574056984124,4,0,TRUE
021,2,flashbaseline,NA,0.2681858613997913,8,NA,8,0,TRUE
021,2,petal,10,3.3999763809436625,4,339.9976380943662,4,0,TRUE
021,2,petal,15,3.8723701081252,4,258.15800720834665,4,0,TRUE
021,2,petal,20,3.637062021636205,4,181.85310108181025,4,0,TRUE
021,2,fugal,10,-1.0119483630698891,4,-101.19483630698892,4,0,TRUE
021,2,fugal,15,-2.47167640370644,4,-164.77842691376264,4,0,TRUE
021,2,fugal,20,-2.3258862328468366,4,-116.29431164234182,4,0,TRUE
021,3,flashbaseline,NA,0.43466311430611,8,NA,8,0,TRUE
021,3,petal,10,2.3669278668100078,4,236.69278668100077,4,0,TRUE
021,3,petal,15,3.211158163681575,4,214.07721091210502,4,0,TRUE
021,3,petal,20,3.8584353773991173,4,192.92176886995588,4,0,TRUE
021,3,fugal,10,-1.5495821111275976,4,-154.95821111275976,4,0,TRUE
021,3,fugal,15,-1.4390516938142297,4,-95.93677958761532,4,0,TRUE
021,3,fugal,20,-2.7683284273237803,4,-138.416421366189,4,0,TRUE
021,4,flashbaseline,NA,0.2522659222203344,8,NA,8,0,TRUE
021,4,petal,10,2.854172446895003,4,285.4172446895003,4,0,TRUE
021,4,petal,15,3.3722688662783225,4,224.81792441855484,4,0,TRUE
021,4,petal,20,3.9706848252939926,4,198.53424126469963,4,0,TRUE
021,4,fugal,10,-1.792162946572525,4,-179.2162946572525,4,0,TRUE
021,4,fugal,15,-1.3795075249854345,4,-91.9671683323623,4,0,TRUE
021,4,fugal,20,-0.11628268494763691,4,-5.814134247381845,4,0,TRUE
021,5,flashbaseline,NA,-0.4146852344855726,8,NA,8,0,TRUE
021,5,petal,10,2.71085743286323,4,271.085743286323,4,0,TRUE
021,5,petal,15,3.5815789341068625,4,238.77192894045749,4,0,TRUE
021,5,petal,20,3.7478911314881502,4,187.39455657440752,4,0,TRUE
021,5,fugal,10,-2.0432543876575284,4,-204.32543876575284,4,0,TRUE
021,5,fugal,15,-2.209816823259084,4,-147.3211215506056,4,0,TRUE
021,5,fugal,20,-0.778303326451627,4,-38.91516632258135,4,0,TRUE
021,6,flashbaseline,NA,0.19628783907920133,8,NA,8,0,TRUE
021,6,petal,10,2.91249495801774,4,291.249495801774,4,0,TRUE
021,6,petal,15,2.760241019875225,4,184.0160679916817,4,0,TRUE
021,6,petal,20,3.4680921743059425,4,173.40460871529712,4,0,TRUE
021,6,fugal,10,-0.6431138546119909,4,-64.3113854611991,4,0,TRUE
021,6,fugal,15,-2.594091331155571,4,-172.93942207703807,4,0,TRUE
021,6,fugal,20,-2.1172001365828423,4,-105.86000682914212,4,0,TRUE
021,7,flashbaseline,NA,-0.056546453025870046,8,NA,8,0,TRUE
021,7,petal,10,2.4181512935979774,4,241.81512935979774,4,0,TRUE
021,7,petal,15,4.35081097773928,4,290.0540651826187,4,0,TRUE
021,7,petal,20,4.003908764170408,4,200.1954382085204,4,0,TRUE
021,7,fugal,10,-0.8794188577679227,4,-87.94188577679226,4,0,TRUE
021,7,fugal,15,-1.5325324371711941,4,-102.16882914474627,4,0,TRUE
021,7,fugal,20,-2.0804470415533336,4,-104.02235207766668,4,0,TRUE
021,8,flashbaseline,NA,-0.41127171583884564,8,NA,8,0,TRUE
021,8,petal,10,1.43958433243718,4,143.958433243718,4,0,TRUE
021,8,petal,15,3.2269287698792977,4,215.12858465861984,4,0,TRUE
021,8,petal,20,4.369097168392208,4,218.4548584196104,4,0,TRUE
021,8,fugal,10,-2.2546198091008094,4,-225.46198091008094,4,0,TRUE
021,8,fugal,15,-1.63463933042416,4,-108.97595536161067,4,0,TRUE
021,8,fugal,20,-0.09212060327565,4,-4.6060301637825,4,0,TRUE
021,9,flashbaseline,NA,0.20964541417979748,8,NA,8,0,TRUE
021,9,petal,10,3.4820697395605373,4,348.20697395605373,4,0,TRUE
021,9,petal,15,4.148443837719553,4,276.5629225146368,4,0,TRUE
021,9,petal,20,4.532072726128193,4,226.6036363064096,4,0,TRUE
021,9,fugal,10,-0.537209283037237,4,-53.7209283037237,4,0,TRUE
021,9,fugal,15,-1.0986022966634739,4,-73.24015311089825,4,0,TRUE
021,9,fugal,20,0.22812276935919723,4,11.406138467959861,4,0,TRUE
021,10,flashbaseline,NA,-0.013831178061418758,8,NA,8,0,TRUE
021,10,petal,10,3.7315038054735297,4,373.15038054735294,4,0,TRUE
021,10,petal,15,3.85431374510704,4,256.9542496738026,4,0,TRUE
021,10,petal,20,3.9640977610710575,4,198.20488805355288,4,0,TRUE
021,10,fugal,10,-2.3869609926386737,4,-238.69609926386738,4,0,TRUE
021,10,fugal,15,-1.1041082565096947,4,-73.60721710064631,4,0,TRUE
021,10,fugal,20,-0.5159887058124213,4,-25.799435290621066,4,0,TRUE
021,11,flashbaseline,NA,0.5207070597083948,8,NA,8,0,TRUE
021,11,petal,10,3.9454600067682173,4,394.54600067682173,4,0,TRUE
021,11,petal,15,4.259749594782282,4,283.9833063188188,4,0,TRUE
021,11,petal,20,3.9878983976710805,4,199.39491988355402,4,0,TRUE
021,11,fugal,10,-0.7564911459590749,4,-75.64911459590748,4,0,TRUE
021,11,fugal,15,-1.9259126383531138,4,-128.39417589020758,4,0,TRUE
021,11,fugal,20,-0.17908695995828072,4,-8.954347997914036,4,0,TRUE
021,12,flashbaseline,NA,0.5719934600707162,8,NA,8,0,TRUE
021,12,petal,10,4.263990708060082,4,426.39907080600824,4,0,TRUE
021,12,petal,15,4.153006009894505,4,276.86706732630034,4,0,TRUE
021,12,petal,20,4.856397332855355,4,242.81986664276775,4,0,TRUE
021,12,fugal,10,-1.7382463588624926,4,-173.82463588624924,4,0,TRUE
021,12,fugal,15,-1.5528871593944586,4,-103.52581062629724,4,0,TRUE
021,12,fugal,20,0.33514718524261256,4,16.757359262130628,4,0,TRUE
022,1,flashbaseline,NA,-0.34889813314737705,8,NA,8,0,TRUE
022,1,petal,10,2.747382513388425,4,274.7382513388425,4,0,TRUE
022,1,petal,15,3.375485247525395,4,225.03234983502634,4,0,TRUE
022,1,petal,20,4.81911278221371,4,240.95563911068552,4,0,TRUE
022,1,fugal,10,1.553199248196665,4,155.3199248196665,4,0,TRUE
022,1,fugal,15,1.8824449012978346,4,125.49632675318898,4,0,TRUE
022,1,fugal,20,2.80472528553025,4,140.23626427651251,4,0,TRUE
022,2,flashbaseline,NA,-0.13156376521915678,8,NA,8,0,TRUE
022,2,petal,10,2.4322924203437326,4,243.22924203437327,4,0,TRUE
022,2,petal,15,3.6407205090421875,4,242.7147006028125,4,0,TRUE
022,2,petal,20,5.4315167579901376,4,271.5758378995069,4,0,TRUE
022,2,fugal,10,1.8686146229807525,4,186.86146229807525,4,0,TRUE
022,2,fugal,15,2.80887039015331,4,187.25802601022065,4,0,TRUE
022,2,fugal,20,3.2737071884812576,4,163.68535942406288,4,0,TRUE
022,3,flashbaseline,NA,-0.050495251040400785,8,NA,8,0,TRUE
022,3,petal,10,3.604900079702637,4,360.4900079702637,4,0,TRUE
022,3,petal,15,4.332263406647347,4,288.8175604431565,4,0,TRUE
022,3,petal,20,4.016432394485809,4,200.82161972429046,4,0,TRUE
022,3,fugal,10,1.5750238345355527,4,157.50238345355527,4,0,TRUE
022,3,fugal,15,2.4882301621894953,4,165.882010812633,4,0,TRUE
022,3,fugal,20,2.8591224672175275,4,142.95612336087638,4,0,TRUE
022,4,flashbaseline,NA,0.4917946111604158,8,NA,8,0,TRUE
022,4,petal,10,2.3420944423719576,4,234.20944423719575,4,0,TRUE
022,4,petal,15,2.4771554882289477,4,165.14369921526318,4,0,TRUE
022,4,petal,20,4.068066726024718,4,203.4033363012359,4,0,TRUE
022,4,fugal,10,1.792387440230097,4,179.2387440230097,4,0,TRUE
022,4,fugal,15,1.5681625350614001,4,104.54416900409335,4,0,TRUE
022,4,fugal,20,2.073537155449902,4,103.6768577724951,4,0,TRUE
022,5,flashbaseline,NA,-0.6449383923130372,8,NA,8,0,TRUE
022,5,petal,10,2.36871613367418,4,236.87161336741804,4,0,TRUE
022,5,petal,15,2.29511343774163,4,153.00756251610864,4,0,TRUE
022,5,petal,20,4.455083099871008,4,222.7541549935504,4,0,TRUE
022,5,fugal,10,0.7373774268408375,4,73.73774268408376,4,0,TRUE
022,5,fugal,15,1.0748118764939525,4,71.65412509959683,4,0,TRUE
022,5,fugal,20,1.582260821002476,4,79.1130410501238,4,0,TRUE
022,6,flashbaseline,NA,-0.2980851582946767,8,NA,8,0,TRUE
022,6,petal,10,3.0578688235947604,4,305.78688235947607,4,0,TRUE
022,6,petal,15,3.7333466974783924,4,248.88977983189284,4,0,TRUE
022,6,petal,20,4.0623779649712946,4,203.1188982485647,4,0,TRUE
022,6,fugal,10,2.04910444940639,4,204.910444940639,4,0,TRUE
022,6,fugal,15,1.369971263655746,4,91.33141757704972,4,0,TRUE
022,6,fugal,20,2.6553338975497627,4,132.76669487748813,4,0,TRUE
022,7,flashbaseline,NA,-0.07624727719326867,8,NA,8,0,TRUE
022,7,petal,10,1.7113908605983301,4,171.13908605983303,4,0,TRUE
022,7,petal,15,3.26048480333538,4,217.36565355569198,4,0,TRUE
022,7,petal,20,4.439657866727957,4,221.98289333639786,4,0,TRUE
022,7,fugal,10,1.4693089398010182,4,146.9308939801018,4,0,TRUE
022,7,fugal,15,2.199683972998672,4,146.64559819991146,4,0,TRUE
022,7,fugal,20,2.2818691273938074,4,114.09345636969037,4,0,TRUE
022,8,flashbaseline,NA,0.8160388060560915,8,NA,8,0,TRUE
022,8,petal,10,2.3151287933056914,4,231.51287933056912,4,0,TRUE
022,8,petal,15,4.037059517515595,4,269.13730116770637,4,0,TRUE
022,8,petal,20,4.519872374723183,4,225.99361873615914,4,0,TRUE
022,8,fugal,10,2.4151588208717625,4,241.51588208717627,4,0,TRUE
022,8,fugal,15,0.4551602929200832,4,30.344019528005546,4,0,TRUE
022,8,fugal,20,2.2196776090281167,4,110.98388045140584,4,0,TRUE
022,9,flashbaseline,NA,-0.5763048262957589,8,NA,8,0,TRUE
022,9,petal,10,1.8792843163205242,4,187.92843163205242,4,0,TRUE
022,9,petal,15,3.880749935846965,4,258.7166623897977,4,0,TRUE
022,9,petal,20,3.6164552176261227,4,180.82276088130615,4,0,TRUE
022,9,fugal,10,0.7175672881238981,4,71.75672881238981,4,0,TRUE
022,9,fugal,15,1.1803050984429115,4,78.68700656286077,4,0,TRUE
022,9,fugal,20,3.126651219976635,4,156.33256099883175,4,0,TRUE
022,10,flashbaseline,NA,-0.2797293551204659,8,NA,8,0,TRUE
022,10,petal,10,1.937739039138345,4,193.77390391383452,4,0,TRUE
022,10,petal,15,3.4214358250473427,4,228.09572166982284,4,0,TRUE
022,10,petal,20,5.126105175087588,4,256.3052587543794,4,0,TRUE
022,10,fugal,10,2.3137169256079653,4,231.37169256079653,4,0,TRUE
022,10,fugal,15,3.1746143541144876,4,211.64095694096582,4,0,TRUE
022,10,fugal,20,4.73721946931768,4,236.86097346588403,4,0,TRUE
022,11,flashbaseline,NA,0.22603111540691,8,NA,8,0,TRUE
022,11,petal,10,1.8054175882680061,4,180.54175882680062,4,0,TRUE
022,11,petal,15,3.8005648183117176,4,253.37098788744782,4,0,TRUE
022,11,petal,20,4.134379205809798,4,206.7189602904899,4,0,TRUE
022,11,fugal,10,2.6996573834569118,4,269.96573834569114,4,0,TRUE
022,11,fugal,15,1.9949656681101362,4,132.9977112073424,4,0,TRUE
022,11,fugal,20,3.131933822338795,4,156.59669111693975,4,0,TRUE
022,12,flashbaseline,NA,-0.5246045671271502,8,NA,8,0,TRUE
022,12,petal,10,2.1443964742357475,4,214.43964742357474,4,0,TRUE
022,12,petal,15,3.6373484610715323,4,242.4898974047688,4,0,TRUE
022,12,petal,20,4.017797731294017,4,200.88988656470087,4,0,TRUE
022,12,fugal,10,2.0465283845820377,4,204.65283845820375,4,0,TRUE
022,12,fugal,15,2.057055070068363,4,137.13700467122422,4,0,TRUE
022,12,fugal,20,3.129187874841075,4,156.45939374205375,4,0,TRUE
023,1,flashbaseline,NA,0.7163390344372842,8,NA,8,0,TRUE
023,1,petal,10,0.29923258537532127,4,29.923258537532128,4,0,TRUE
023,1,petal,15,1.2007289365639442,4,80.04859577092961,4,0,TRUE
023,1,petal,20,2.4327382006978526,4,121.63691003489264,4,0,TRUE
023,1,fugal,10,1.5291111832357862,4,152.91111832357862,4,0,TRUE
023,1,fugal,15,0.20910228874801148,4,13.940152583200767,4,0,TRUE
023,1,fugal,20,0.07812198892009392,4,3.906099446004696,4,0,TRUE
023,2,flashbaseline,NA,0.20196303657036785,8,NA,8,0,TRUE
023,2,petal,10,1.700170143402679,4,170.01701434026788,4,0,TRUE
023,2,petal,15,3.1982507924800974,4,213.21671949867317,4,0,TRUE
023,2,petal,20,2.046562594720996,4,102.3281297360498,4,0,TRUE
023,2,fugal,10,0.13294634849623255,4,13.294634849623256,4,0,TRUE
023,2,fugal,15,-0.6484474163195622,4,-43.229827754637476,4,0,TRUE
023,2,fugal,20,1.3263267649140953,4,66.31633824570477,4,0,TRUE
023,3,flashbaseline,NA,0.5081022007308135,8,NA,8,0,TRUE
023,3,petal,10,2.20884172924247,4,220.884172924247,4,0,TRUE
023,3,petal,15,1.5784281772210451,4,105.22854514806967,4,0,TRUE
023,3,petal,20,1.9596506136873475,4,97.98253068436738,4,0,TRUE
023,3,fugal,10,-0.3089093158711279,4,-30.890931587112792,4,0,TRUE
023,3,fugal,15,0.7007472470950733,4,46.71648313967155,4,0,TRUE
023,3,fugal,20,0.8553214376374412,4,42.76607188187206,4,0,TRUE
023,4,flashbaseline,NA,0.3791814775771947,8,NA,8,0,TRUE
023,4,petal,10,1.8746445810059724,4,187.46445810059726,4,0,TRUE
023,4,petal,15,2.08341414662127,4,138.894276441418,4,0,TRUE
023,4,petal,20,1.3139612486067764,4,65.69806243033882,4,0,TRUE
023,4,fugal,10,1.5960715977731827,4,159.60715977731826,4,0,TRUE
023,4,fugal,15,1.2019758297468945,4,80.13172198312631,4,0,TRUE
023,4,fugal,20,0.9538180582010682,4,47.69090291005342,4,0,TRUE
023,5,flashbaseline,NA,0.033436050400488776,8,NA,8,0,TRUE
023,5,petal,10,1.4777407223975785,4,147.77407223975786,4,0,TRUE
023,5,petal,15,1.5300826976355448,4,102.00551317570299,4,0,TRUE
023,5,petal,20,0.7192492294235228,4,35.96246147117614,4,0,TRUE
023,5,fugal,10,1.326996065001875,4,132.6996065001875,4,0,TRUE
023,5,fugal,15,0.878440205432035,4,58.562680362135666,4,0,TRUE
023,5,fugal,20,1.6024191609273744,4,80.12095804636873,4,0,TRUE
023,6,flashbaseline,NA,-0.45937373252570896,8,NA,8,0,TRUE
023,6,petal,10,2.04092008423065,4,204.09200842306498,4,0,TRUE
023,6,petal,15,2.0528620787853074,4,136.85747191902047,4,0,TRUE
023,6,petal,20,1.8376225956884815,4,91.88112978442408,4,0,TRUE
023,6,fugal,10,1.1150647431634284,4,111.50647431634283,4,0,TRUE
023,6,fugal,15,0.5480903901241675,4,36.53935934161116,4,0,TRUE
023,6,fugal,20,-0.42636526654023305,4,-21.31826332701165,4,0,TRUE
023,7,flashbaseline,NA,0.2584242531888916,8,NA,8,0,TRUE
023,7,petal,10,1.260829462048682,4,126.08294620486821,4,0,TRUE
023,7,petal,15,2.064547707727849,4,137.63651384852326,4,0,TRUE
023,7,petal,20,4.045414916476927,4,202.27074582384634,4,0,TRUE
023,7,fugal,10,1.1895891317355307,4,118.95891317355307,4,0,TRUE
023,7,fugal,15,0.643607613890189,4,42.907174259345936,4,0,TRUE
023,7,fugal,20,-0.6169030192944438,4,-30.84515096472219,4,0,TRUE
023,8,flashbaseline,NA,-0.07514098614351625,8,NA,8,0,TRUE
023,8,petal,10,1.776708205968028,4,177.67082059680277,4,0,TRUE
023,8,petal,15,2.7743499816973003,4,184.95666544648668,4,0,TRUE
023,8,petal,20,3.556827749004305,4,177.84138745021525,4,0,TRUE
023,8,fugal,10,0.34814784184319325,4,34.81478418431932,4,0,TRUE
023,8,fugal,15,-0.8938444139004849,4,-59.589627593365655,4,0,TRUE
023,8,fugal,20,0.730371952045803,4,36.51859760229015,4,0,TRUE
023,9,flashbaseline,NA,-0.2751426194877324,8,NA,8,0,TRUE
023,9,petal,10,1.5649905524401075,4,156.49905524401075,4,0,TRUE
023,9,petal,15,2.6659109400636036,4,177.72739600424023,4,0,TRUE
023,9,petal,20,2.1328373003964076,4,106.64186501982039,4,0,TRUE
023,9,fugal,10,1.2282091219608582,4,122.82091219608581,4,0,TRUE
023,9,fugal,15,2.0739749969543873,4,138.26499979695913,4,0,TRUE
023,9,fugal,20,0.45567699097668,4,22.783849548834002,4,0,TRUE
023,10,flashbaseline,NA,-0.2950545464453245,8,NA,8,0,TRUE
023,10,petal,10,1.9358620861483475,4,193.58620861483476,4,0,TRUE
023,10,petal,15,3.3102016890627426,4,220.68011260418282,4,0,TRUE
023,10,petal,20,1.418503446734696,4,70.9251723367348,4,0,TRUE
023,10,fugal,10,0.03961357740632192,4,3.9613577406321916,4,0,TRUE
023,10,fugal,15,0.9858775917471553,4,65.72517278314369,4,0,TRUE
023,10,fugal,20,1.85380462624216,4,92.690231312108,4,0,TRUE
023,11,flashbaseline,NA,0.07807949776032484,8,NA,8,0,TRUE
023,11,petal,10,1.097191305681393,4,109.71913056813928,4,0,TRUE
023,11,petal,15,2.216507997901955,4,147.76719986013032,4,0,TRUE
023,11,petal,20,2.93303962958524,4,146.65198147926202,4,0,TRUE
023,11,fugal,10,0.8764726595954346,4,87.64726595954346,4,0,TRUE
023,11,fugal,15,-0.39723408919273123,4,-26.48227261284875,4,0,TRUE
023,11,fugal,20,1.1801746523343897,4,59.008732616719485,4,0,TRUE
023,12,flashbaseline,NA,0.08197189494466794,8,NA,8,0,TRUE
023,12,petal,10,2.7809694586033578,4,278.0969458603358,4,0,TRUE
023,12,petal,15,2.9780863390047174,4,198.53908926698116,4,0,TRUE
023,12,petal,20,3.9188014846159174,4,195.9400742307959,4,0,TRUE
023,12,fugal,10,-0.36626479868390394,4,-36.62647986839039,4,0,TRUE
023,12,fugal,15,0.9953748416470065,4,66.35832277646709,4,0,TRUE
023,12,fugal,20,0.48255608259856925,4,24.127804129928464,4,0,TRUE
024,1,flashbaseline,NA,0.2778500474135391,8,NA,8,0,TRUE
024,1,petal,10,0.5266682776722822,4,52.66682776722822,4,0,TRUE
024,1,petal,15,-0.07407849906595129,4,-4.938566604396752,4,0,TRUE
024,1,petal,20,0.9106488900694031,4,45.53244450347015,4,0,TRUE
024,1,fugal,10,0.1462910964368,4,14.62910964368,4,0,TRUE
024,1,fugal,15,-0.5865117670291189,4,-39.10078446860792,4,0,TRUE
024,1,fugal,20,-2.8451919810965576,4,-142.25959905482787,4,0,TRUE
024,2,flashbaseline,NA,0.17124291112686837,8,NA,8,0,TRUE
024,2,petal,10,1.2750414798794134,4,127.50414798794135,4,0,TRUE
024,2,petal,15,0.5606419500576247,4,37.37613000384165,4,0,TRUE
024,2,petal,20,1.6738903047897624,4,83.69451523948813,4,0,TRUE
024,2,fugal,10,-0.9038181067943158,4,-90.38181067943158,4,0,TRUE
024,2,fugal,15,-0.34286542696964323,4,-22.857695131309548,4,0,TRUE
024,2,fugal,20,-2.5079286851085723,4,-125.39643425542863,4,0,TRUE
024,3,flashbaseline,NA,0.38327691821738574,8,NA,8,0,TRUE
024,3,petal,10,1.170826515499309,4,117.08265154993089,4,0,TRUE
024,3,petal,15,1.424578109705171,4,94.97187398034474,4,0,TRUE
024,3,petal,20,0.7559160246710298,4,37.79580123355149,4,0,TRUE
024,3,fugal,10,-0.5418164143372233,4,-54.181641433722326,4,0,TRUE
024,3,fugal,15,-1.8960567900038574,4,-126.40378600025717,4,0,TRUE
024,3,fugal,20,-0.4954053545805673,4,-24.770267729028365,4,0,TRUE
024,4,flashbaseline,NA,-0.4055223951383502,8,NA,8,0,TRUE
024,4,petal,10,0.9478159064184484,4,94.78159064184484,4,0,TRUE
024,4,petal,15,0.18909099812770971,4,12.606066541847314,4,0,TRUE
024,4,petal,20,0.9508270610399845,4,47.541353051999224,4,0,TRUE
024,4,fugal,10,-2.4211971549317175,4,-242.11971549317173,4,0,TRUE
024,4,fugal,15,-1.3238727048644288,4,-88.25818032429525,4,0,TRUE
024,4,fugal,20,-0.8048905054915587,4,-40.24452527457793,4,0,TRUE
024,5,flashbaseline,NA,0.3136062469581741,8,NA,8,0,TRUE
024,5,petal,10,0.48066013780966355,4,48.06601378096635,4,0,TRUE
024,5,petal,15,0.45795482763234496,4,30.53032184215633,4,0,TRUE
024,5,petal,20,1.123079710621089,4,56.15398553105445,4,0,TRUE
024,5,fugal,10,-1.2366209326100468,4,-123.66209326100467,4,0,TRUE
024,5,fugal,15,-0.7676381617735648,4,-51.17587745157099,4,0,TRUE
024,5,fugal,20,-0.44098467983556927,4,-22.04923399177846,4,0,TRUE
024,6,flashbaseline,NA,0.40163232994749887,8,NA,8,0,TRUE
024,6,petal,10,0.8944398829921217,4,89.44398829921217,4,0,TRUE
024,6,petal,15,0.6033616190418616,4,40.224107936124106,4,0,TRUE
024,6,petal,20,1.253912703401385,4,62.69563517006925,4,0,TRUE
024,6,fugal,10,-1.3039139355068552,4,-130.3913935506855,4,0,TRUE
024,6,fugal,15,-1.463072101150523,4,-97.53814007670152,4,0,TRUE
024,6,fugal,20,-1.2984356261070826,4,-64.92178130535413,4,0,TRUE
024,7,flashbaseline,NA,-0.400651147484705,8,NA,8,0,TRUE
024,7,petal,10,-0.36802839352923594,4,-36.8028393529236,4,0,TRUE
024,7,petal,15,1.3748934954387204,4,91.65956636258136,4,0,TRUE
024,7,petal,20,0.8121105733270493,4,40.60552866635246,4,0,TRUE
024,7,fugal,10,-2.35253225232737,4,-235.253225232737,4,0,TRUE
024,7,fugal,15,-2.1836937791839297,4,-145.57958527892865,4,0,TRUE
024,7,fugal,20,-1.3147188266621104,4,-65.73594133310552,4,0,TRUE
024,8,flashbaseline,NA,-0.3458577700768838,8,NA,8,0,TRUE
024,8,petal,10,0.05430958074232334,4,5.430958074232334,4,0,TRUE
024,8,petal,15,1.0406280552161142,4,69.37520368107428,4,0,TRUE
024,8,petal,20,1.8483772705843176,4,92.41886352921588,4,0,TRUE
024,8,fugal,10,-0.7396795946712984,4,-73.96795946712983,4,0,TRUE
024,8,fugal,15,-0.38055598365857524,4,-25.370398910571684,4,0,TRUE
024,8,fugal,20,-1.2682361479614128,4,-63.41180739807065,4,0,TRUE
024,9,flashbaseline,NA,-0.36225091293305905,8,NA,8,0,TRUE
024,9,petal,10,0.19012448211139987,4,19.01244821113999,4,0,TRUE
024,9,petal,15,0.9322596502181038,4,62.15064334787358,4,0,TRUE
024,9,petal,20,2.2831767840518675,4,114.15883920259337,4,0,TRUE
024,9,fugal,10,-1.1416776104103707,4,-114.16776104103707,4,0,TRUE
024,9,fugal,15,-0.897471834768706,4,-59.83145565124706,4,0,TRUE
024,9,fugal,20,-0.915003527887662,4,-45.7501763943831,4,0,TRUE
024,10,flashbaseline,NA,-0.0703866380488753,8,NA,8,0,TRUE
024,10,petal,10,1.3288932565866463,4,132.88932565866463,4,0,TRUE
024,10,petal,15,1.1120488718490626,4,74.13659145660418,4,0,TRUE
024,10,petal,20,0.959501425634993,4,47.97507128174964,4,0,TRUE
024,10,fugal,10,-0.525143234304625,4,-52.5143234304625,4,0,TRUE
024,10,fugal,15,0.13804424298094076,4,9.202949532062718,4,0,TRUE
024,10,fugal,20,-0.2753103955031361,4,-13.765519775156804,4,0,TRUE
024,11,flashbaseline,NA,0.05887414847656558,8,NA,8,0,TRUE
024,11,petal,10,1.5196381096845326,4,151.96381096845326,4,0,TRUE
024,11,petal,15,-0.07596229350385825,4,-5.064152900257216,4,0,TRUE
024,11,petal,20,1.833483603641436,4,91.6741801820718,4,0,TRUE
024,11,fugal,10,-1.248796617613193,4,-124.8796617613193,4,0,TRUE
024,11,fugal,15,-0.5061597965341917,4,-33.74398643561278,4,0,TRUE
024,11,fugal,20,-1.1098775412371138,4,-55.49387706185569,4,0,TRUE
024,12,flashbaseline,NA,0.4158061850615037,8,NA,8,0,TRUE
024,12,petal,10,2.6492213498193777,4,264.9221349819378,4,0,TRUE
024,12,petal,15,1.37675259476968,4,91.78350631797866,4,0,TRUE
024,12,petal,20,1.445863495490089,4,72.29317477450445,4,0,TRUE
024,12,fugal,10,-1.7395264009603844,4,-173.95264009603844,4,0,TRUE
024,12,fugal,15,-2.292843763462386,4,-152.8562508974924,4,0,TRUE
024,12,fugal,20,0.5951397503493002,4,29.75698751746501,4,0,TRUE
025,1,flashbaseline,NA,-0.2718951076861979,8,NA,8,0,TRUE
025,1,petal,10,2.3472130322802376,4,234.72130322802377,4,0,TRUE
025,1,petal,15,3.46304758040328,4,230.86983869355203,4,0,TRUE
025,1,petal,20,3.5432877887163734,3,177.16438943581866,4,1,FALSE
025,1,fugal,10,1.8436042120120157,4,184.36042120120158,4,0,TRUE
025,1,fugal,15,1.0337647125052292,4,68.91764750034861,4,0,TRUE
025,1,fugal,20,1.0867199636639202,4,54.33599818319601,4,0,TRUE
025,2,flashbaseline,NA,-0.0011929294623624354,8,NA,8,0,TRUE
025,2,petal,10,3.034650547264955,4,303.46505472649557,4,0,TRUE
025,2,petal,15,3.720793786781045,4,248.05291911873633,4,0,TRUE
025,2,petal,20,5.146066568764068,4,257.30332843820344,4,0,TRUE
025,2,fugal,10,1.0484308598158663,4,104.84308598158663,4,0,TRUE
025,2,fugal,15,2.4044205689042775,4,160.2947045936185,4,0,TRUE
025,2,fugal,20,1.6197932579677157,4,80.98966289838579,4,0,TRUE
025,3,flashbaseline,NA,0.4328530751944678,8,NA,8,0,TRUE
025,3,petal,10,2.2204302630700075,4,222.04302630700073,4,0,TRUE
025,3,petal,15,3.29245863741673,4,219.49724249444867,4,0,TRUE
025,3,petal,20,4.920979684694588,4,246.0489842347294,4,0,TRUE
025,3,fugal,10,1.2006968386552734,4,120.06968386552734,4,0,TRUE
025,3,fugal,15,1.4434099588411569,4,96.22733058941046,4,0,TRUE
025,3,fugal,20,0.8998618179143223,4,44.993090895716115,4,0,TRUE
025,4,flashbaseline,NA,0.14169136159832862,8,NA,8,0,TRUE
025,4,petal,10,2.6270662293070073,4,262.70662293070075,4,0,TRUE
025,4,petal,15,4.09834881998033,4,273.22325466535534,4,0,TRUE
025,4,petal,20,4.6995437137702645,4,234.97718568851323,4,0,TRUE
025,4,fugal,10,0.6058680147450084,4,60.58680147450084,4,0,TRUE
025,4,fugal,15,0.5582759160772656,4,37.21839440515104,4,0,TRUE
025,4,fugal,20,0.8435587027588975,4,42.17793513794488,4,0,TRUE
025,5,flashbaseline,NA,0.1667804200447448,8,NA,8,0,TRUE
025,5,petal,10,2.675532810897875,4,267.5532810897875,4,0,TRUE
025,5,petal,15,4.0533277491739526,4,270.22184994493017,4,0,TRUE
025,5,petal,20,4.703584259476055,4,235.17921297380275,4,0,TRUE
025,5,fugal,10,0.434399875161045,4,43.4399875161045,4,0,TRUE
025,5,fugal,15,0.7281843338709777,4,48.54562225806518,4,0,TRUE
025,5,fugal,20,1.2288268382158016,3,61.44134191079008,4,1,FALSE
025,6,flashbaseline,NA,0.1296507207319201,8,NA,8,0,TRUE
025,6,petal,10,2.2104642037215174,4,221.04642037215174,4,0,TRUE
025,6,petal,15,3.3066091580248997,4,220.4406105349933,4,0,TRUE
025,6,petal,20,5.244727804030663,4,262.2363902015331,4,0,TRUE
025,6,fugal,10,0.2519060817041493,3,25.19060817041493,4,1,FALSE
025,6,fugal,15,2.0082895368780997,4,133.88596912520666,4,0,TRUE
025,6,fugal,20,-0.3803465169772493,4,-19.017325848862466,4,0,TRUE
025,7,flashbaseline,NA,0.06314227411314488,8,NA,8,0,TRUE
025,7,petal,10,2.7888388965845325,4,278.88388965845326,4,0,TRUE
025,7,petal,15,3.1153242258560025,4,207.6882817237335,4,0,TRUE
025,7,petal,20,5.311772404075822,4,265.5886202037911,4,0,TRUE
025,7,fugal,10,0.3458845552140778,4,34.58845552140778,4,0,TRUE
025,7,fugal,15,0.17165385044760878,4,11.443590029840585,4,0,TRUE
025,7,fugal,20,0.90967176102439,4,45.4835880512195,4,0,TRUE
025,8,flashbaseline,NA,-0.19970280680979377,8,NA,8,0,TRUE
025,8,petal,10,1.8939199208012032,4,189.3919920801203,4,0,TRUE
025,8,petal,15,3.6419870666634475,4,242.79913777756317,4,0,TRUE
025,8,petal,20,4.835341756776355,4,241.76708783881776,4,0,TRUE
025,8,fugal,10,0.9852848658021129,4,98.5284865802113,4,0,TRUE
025,8,fugal,15,-0.21821528891383027,4,-14.547685927588685,4,0,TRUE
025,8,fugal,20,1.4801247462313434,4,74.00623731156716,4,0,TRUE
025,9,flashbaseline,NA,-0.09414066015182654,8,NA,8,0,TRUE
025,9,petal,10,2.833218469844995,4,283.3218469844995,4,0,TRUE
025,9,petal,15,4.062165643542477,4,270.8110429028318,4,0,TRUE
025,9,petal,20,5.328112734441017,4,266.4056367220509,4,0,TRUE
025,9,fugal,10,1.007627997561234,4,100.76279975612339,4,0,TRUE
025,9,fugal,15,0.23105026387495223,4,15.403350924996815,4,0,TRUE
025,9,fugal,20,-1.5583075675848395,4,-77.91537837924197,4,0,TRUE
025,10,flashbaseline,NA,-0.019369435903894644,7,NA,8,1,FALSE
025,10,petal,10,3.01440917713311,4,301.440917713311,4,0,TRUE
025,10,petal,15,3.9132040232702576,4,260.8802682180172,4,0,TRUE
025,10,petal,20,4.887000389357725,4,244.35001946788626,4,0,TRUE
025,10,fugal,10,0.9370710277935024,4,93.70710277935024,4,0,TRUE
025,10,fugal,15,0.16674861034314897,4,11.116574022876598,4,0,TRUE
025,10,fugal,20,-1.4694880424350687,4,-73.47440212175343,4,0,TRUE
025,11,flashbaseline,NA,-0.26433952515663595,8,NA,8,0,TRUE
025,11,petal,10,2.60869678727062,4,260.869678727062,4,0,TRUE
025,11,petal,15,3.2622804719494773,4,217.48536479663184,4,0,TRUE
025,11,petal,20,5.1266546334243746,4,256.3327316712187,4,0,TRUE
025,11,fugal,10,1.2449285975859108,4,124.49285975859108,4,0,TRUE
025,11,fugal,15,-0.22886465532088004,4,-15.257643688058671,4,0,TRUE
025,11,fugal,20,-1.3178821647040515,4,-65.89410823520257,4,0,TRUE
025,12,flashbaseline,NA,-0.40312168977763874,8,NA,8,0,TRUE
025,12,petal,10,2.2894644004819176,4,228.94644004819176,4,0,TRUE
025,12,petal,15,3.0566624879080173,4,203.7774991938678,4,0,TRUE
025,12,petal,20,4.88575276975648,4,244.287638487824,4,0,TRUE
025,12,fugal,10,0.7076745272300771,4,70.76745272300771,4,0,TRUE
025,12,fugal,15,1.366165043700571,4,91.07766958003808,4,0,TRUE
025,12,fugal,20,1.3097666693812031,4,65.48833346906017,4,0,TRUE
026,1,flashbaseline,NA,-0.04614283975264849,8,NA,8,0,TRUE
026,1,petal,10,0.5924161086890518,4,59.241610868905184,4,0,TRUE
026,1,petal,15,1.7414474212064717,4,116.09649474709812,4,0,TRUE
026,1,petal,20,4.080560112099873,4,204.0280056049936,4,0,TRUE
026,1,fugal,10,0.02642081889717801,4,2.6420818897178013,4,0,TRUE
026,1,fugal,15,0.05660897391882502,4,3.773931594588335,4,0,TRUE
026,1,fugal,20,1.5404058065507527,4,77.02029032753762,4,0,TRUE
026,2,flashbaseline,NA,0.4747632698331522,8,NA,8,0,TRUE
026,2,petal,10,2.3667896935846278,4,236.67896935846278,4,0,TRUE
026,2,petal,15,2.74075005266302,4,182.71667017753464,4,0,TRUE
026,2,petal,20,4.940773367644987,4,247.03866838224937,4,0,TRUE
026,2,fugal,10,0.08082874974715049,4,8.082874974715049,4,0,TRUE
026,2,fugal,15,-0.8884377420381444,4,-59.22918280254296,4,0,TRUE
026,2,fugal,20,2.2073279308414135,4,110.36639654207067,4,0,TRUE
026,3,flashbaseline,NA,0.2714942809944958,8,NA,8,0,TRUE
026,3,petal,10,1.7181446722510567,4,171.8144672251057,4,0,TRUE
026,3,petal,15,3.9751443929750923,4,265.0096261983395,4,0,TRUE
026,3,petal,20,5.649030214702678,4,282.45151073513387,4,0,TRUE
026,3,fugal,10,1.195554085887442,4,119.55540858874421,4,0,TRUE
026,3,fugal,15,-0.49196199873872576,4,-32.79746658258172,4,0,TRUE
026,3,fugal,20,-0.5863470935368129,4,-29.317354676840647,4,0,TRUE
026,4,flashbaseline,NA,-0.009464132746405368,8,NA,8,0,TRUE
026,4,petal,10,3.471744937205575,4,347.1744937205575,4,0,TRUE
026,4,petal,15,4.297942608860625,4,286.529507257375,4,0,TRUE
026,4,petal,20,5.453302767418718,4,272.6651383709359,4,0,TRUE
026,4,fugal,10,0.402467751046653,4,40.2467751046653,4,0,TRUE
026,4,fugal,15,0.5344603384281008,4,35.63068922854006,4,0,TRUE
026,4,fugal,20,-0.9858593029313327,4,-49.29296514656664,4,0,TRUE
026,5,flashbaseline,NA,0.2543971387693469,8,NA,8,0,TRUE
026,5,petal,10,2.9532225523383278,4,295.3222552338328,4,0,TRUE
026,5,petal,15,3.8587143736457974,4,257.24762490971983,4,0,TRUE
026,5,petal,20,5.43490521718702,4,271.74526085935105,4,0,TRUE
026,5,fugal,10,0.05704311229971348,4,5.704311229971348,4,0,TRUE
026,5,fugal,15,-0.026913446827685705,4,-1.7942297885123804,4,0,TRUE
026,5,fugal,20,0.14200552051699472,3,7.100276025849737,4,1,FALSE
026,6,flashbaseline,NA,-0.031807910778678394,8,NA,8,0,TRUE
026,6,petal,10,2.23502673084681,4,223.50267308468102,4,0,TRUE
026,6,petal,15,3.0956800152058124,4,206.37866768038748,4,0,TRUE
026,6,petal,20,4.9166444549714425,4,245.83222274857215,4,0,TRUE
026,6,fugal,10,-3.718414215952426e-4,4,-0.03718414215952426,4,0,TRUE
026,6,fugal,15,-0.023253877903660264,4,-1.5502585269106843,4,0,TRUE
026,6,fugal,20,0.35386381152082425,4,17.69319057604121,4,0,TRUE
026,7,flashbaseline,NA,-0.4471500806492226,8,NA,8,0,TRUE
026,7,petal,10,2.478884446267215,4,247.88844462672148,4,0,TRUE
026,7,petal,15,3.4636090029525572,4,230.90726686350382,4,0,TRUE
026,7,petal,20,4.740461734922585,4,237.02308674612922,4,0,TRUE
026,7,fugal,10,0.4817583267780077,4,48.17583267780077,4,0,TRUE
026,7,fugal,15,-0.13548040825471375,4,-9.032027216980916,4,0,TRUE
026,7,fugal,20,1.2116230010567852,4,60.58115005283926,4,0,TRUE
026,8,flashbaseline,NA,-0.10801757228517089,8,NA,8,0,TRUE
026,8,petal,10,1.920974209352185,4,192.0974209352185,4,0,TRUE
026,8,petal,15,3.6357467918403223,4,242.3831194560215,4,0,TRUE
026,8,petal,20,4.57032097911162,4,228.516048955581,4,0,TRUE
026,8,fugal,10,0.9008943946188575,4,90.08943946188575,4,0,TRUE
026,8,fugal,15,0.21419890458745838,4,14.279926972497226,4,0,TRUE
026,8,fugal,20,1.6413314215910844,4,82.06657107955421,4,0,TRUE
026,9,flashbaseline,NA,-0.052169972571697226,8,NA,8,0,TRUE
026,9,petal,10,2.50543434557229,4,250.543434557229,4,0,TRUE
026,9,petal,15,3.20374571259263,4,213.58304750617532,4,0,TRUE
026,9,petal,20,5.053718835442065,4,252.68594177210323,4,0,TRUE
026,9,fugal,10,1.2088959168811708,4,120.88959168811708,4,0,TRUE
026,9,fugal,15,0.9709125995364853,4,64.72750663576569,4,0,TRUE
026,9,fugal,20,1.2773993700441095,4,63.869968502205474,4,0,TRUE
026,10,flashbaseline,NA,-0.04862173767555165,8,NA,8,0,TRUE
026,10,petal,10,2.249692793552,4,224.9692793552,4,0,TRUE
026,10,petal,15,3.4602635800484,4,230.68423866989332,4,0,TRUE
026,10,petal,20,4.780808973532867,4,239.04044867664336,4,0,TRUE
026,10,fugal,10,1.2912684986863443,4,129.12684986863442,4,0,TRUE
026,10,fugal,15,0.8127152368317911,4,54.18101578878608,4,0,TRUE
026,10,fugal,20,0.9437358982770345,4,47.18679491385173,4,0,TRUE
026,11,flashbaseline,NA,-0.0279528237712946,8,NA,8,0,TRUE
026,11,petal,10,2.29176583565632,4,229.176583565632,4,0,TRUE
026,11,petal,15,3.8432706998074297,4,256.21804665382865,4,0,TRUE
026,11,petal,20,4.383058171668948,4,219.15290858344738,4,0,TRUE
026,11,fugal,10,1.118786795066677,4,111.87867950666771,4,0,TRUE
026,11,fugal,15,1.5277709852421624,4,101.85139901614417,4,0,TRUE
026,11,fugal,20,1.06634521042431,4,53.31726052121551,4,0,TRUE
026,12,flashbaseline,NA,-0.115193795749681,8,NA,8,0,TRUE
026,12,petal,10,1.3948688791132051,4,139.48688791132054,4,0,TRUE
026,12,petal,15,2.693155074212975,4,179.54367161419833,4,0,TRUE
026,12,petal,20,5.274215008921423,4,263.71075044607113,4,0,TRUE
026,12,fugal,10,1.4688660263065962,4,146.8866026306596,4,0,TRUE
026,12,fugal,15,1.0586343771429068,4,70.57562514286045,4,0,TRUE
026,12,fugal,20,2.620631461028275,4,131.03157305141374,4,0,TRUE
027,1,flashbaseline,NA,0.7207650537142406,8,NA,8,0,TRUE
027,1,petal,10,3.0827379679038676,4,308.27379679038677,4,0,TRUE
027,1,petal,15,2.085282294304475,4,139.01881962029833,4,0,TRUE
027,1,petal,20,2.8789073617607026,4,143.94536808803514,4,0,TRUE
027,1,fugal,10,0.561584344686848,4,56.15843446868481,4,0,TRUE
027,1,fugal,15,0.05942193481570235,4,3.9614623210468234,4,0,TRUE
027,1,fugal,20,-2.1352531433016098,4,-106.76265716508048,4,0,TRUE
027,2,flashbaseline,NA,0.24291899207422663,8,NA,8,0,TRUE
027,2,petal,10,0.7682012675976385,4,76.82012675976385,4,0,TRUE
027,2,petal,15,1.6856594911489595,4,112.37729940993063,4,0,TRUE
027,2,petal,20,1.3926567035896826,4,69.63283517948413,4,0,TRUE
027,2,fugal,10,-0.2090107703356285,4,-20.90107703356285,4,0,TRUE
027,2,fugal,15,-1.7774376303952975,4,-118.49584202635316,4,0,TRUE
027,2,fugal,20,-0.10841460271391001,4,-5.4207301356955,4,0,TRUE
027,3,flashbaseline,NA,1.0352251604649219,8,NA,8,0,TRUE
027,3,petal,10,2.7720640211414826,4,277.20640211414826,4,0,TRUE
027,3,petal,15,1.8827595358604146,4,125.51730239069431,4,0,TRUE
027,3,petal,20,1.6299908686163052,4,81.49954343081525,4,0,TRUE
027,3,fugal,10,-0.9409381012286182,4,-94.09381012286181,4,0,TRUE
027,3,fugal,15,-0.5710090720753656,4,-38.06727147169104,4,0,TRUE
027,3,fugal,20,0.12649819546988716,4,6.324909773494358,4,0,TRUE
027,4,flashbaseline,NA,-0.48177574615316565,8,NA,8,0,TRUE
027,4,petal,10,0.7568604017981876,4,75.68604017981875,4,0,TRUE
027,4,petal,15,3.109191141312057,4,207.2794094208038,4,0,TRUE
027,4,petal,20,1.5772144329441349,4,78.86072164720674,4,0,TRUE
027,4,fugal,10,-1.4086121190344847,4,-140.86121190344846,4,0,TRUE
027,4,fugal,15,-0.7810768061583994,4,-52.071787077226624,4,0,TRUE
027,4,fugal,20,-0.8599630859932123,4,-42.99815429966061,4,0,TRUE
027,5,flashbaseline,NA,0.2913124733396786,8,NA,8,0,TRUE
027,5,petal,10,0.9629647770900831,4,96.29647770900831,4,0,TRUE
027,5,petal,15,1.2222426763378906,4,81.48284508919271,4,0,TRUE
027,5,petal,20,1.487865175393842,4,74.39325876969211,4,0,TRUE
027,5,fugal,10,0.45278478970211744,4,45.278478970211744,4,0,TRUE
027,5,fugal,15,-1.6376326358923077,4,-109.17550905948718,4,0,TRUE
027,5,fugal,20,0.07715735295602866,4,3.8578676478014327,4,0,TRUE
027,6,flashbaseline,NA,-0.017081311170675822,8,NA,8,0,TRUE
027,6,petal,10,2.23500361072343,4,223.500361072343,4,0,TRUE
027,6,petal,15,1.4900455074364043,4,99.33636716242695,4,0,TRUE
027,6,petal,20,2.601891460244015,4,130.09457301220075,4,0,TRUE
027,6,fugal,10,0.5110459489666983,4,51.10459489666983,4,0,TRUE
027,6,fugal,15,-0.5280583104525354,4,-35.20388736350235,4,0,TRUE
027,6,fugal,20,-2.3980737799067224,4,-119.90368899533613,4,0,TRUE
027,7,flashbaseline,NA,0.2818250539543132,8,NA,8,0,TRUE
027,7,petal,10,1.1997030915768006,4,119.97030915768006,4,0,TRUE
027,7,petal,15,1.3184812192294397,4,87.8987479486293,4,0,TRUE
027,7,petal,20,1.2319745832228262,4,61.59872916114131,4,0,TRUE
027,7,fugal,10,-0.9525671528182326,4,-95.25671528182325,4,0,TRUE
027,7,fugal,15,-1.4449800528502592,4,-96.33200352335061,4,0,TRUE
027,7,fugal,20,0.6072742137746976,4,30.36371068873488,4,0,TRUE
027,8,flashbaseline,NA,-0.3205237012115407,8,NA,8,0,TRUE
027,8,petal,10,1.2066256230546455,4,120.66256230546455,4,0,TRUE
027,8,petal,15,0.5324621268795823,4,35.497475125305485,4,0,TRUE
027,8,petal,20,0.8657888662114632,4,43.28944331057316,4,0,TRUE
027,8,fugal,10,-0.9103611368399831,4,-91.03611368399831,4,0,TRUE
027,8,fugal,15,-0.34103388380259614,4,-22.73559225350641,4,0,TRUE
027,8,fugal,20,-1.1598350558995403,4,-57.99175279497702,4,0,TRUE
027,9,flashbaseline,NA,0.003252114484362467,8,NA,8,0,TRUE
027,9,petal,10,0.409288921880929,4,40.9288921880929,4,0,TRUE
027,9,petal,15,1.9633039814987447,4,130.88693209991632,4,0,TRUE
027,9,petal,20,0.7369877322647891,4,36.84938661323946,4,0,TRUE
027,9,fugal,10,-1.7001541253359362,4,-170.0154125335936,4,0,TRUE
027,9,fugal,15,-1.3711260610497726,4,-91.40840406998484,4,0,TRUE
027,9,fugal,20,-1.8901482398160057,4,-94.50741199080029,4,0,TRUE
027,10,flashbaseline,NA,0.033768521780977,8,NA,8,0,TRUE
027,10,petal,10,0.2518317862079096,4,25.183178620790958,4,0,TRUE
027,10,petal,15,1.9193246626776568,4,127.9549775118438,4,0,TRUE
027,10,petal,20,-0.24072816309521744,4,-12.036408154760872,4,0,TRUE
027,10,fugal,10,-0.15251636442831853,4,-15.251636442831854,4,0,TRUE
027,10,fugal,15,-0.757609795214585,4,-50.50731968097234,4,0,TRUE
027,10,fugal,20,-2.8079390478771535,4,-140.39695239385767,4,0,TRUE
027,11,flashbaseline,NA,-0.7284931192975951,8,NA,8,0,TRUE
027,11,petal,10,1.5177092636641203,4,151.77092636641203,4,0,TRUE
027,11,petal,15,1.6897225402105793,4,112.64816934737196,4,0,TRUE
027,11,petal,20,0.9168455490666745,4,45.84227745333373,4,0,TRUE
027,11,fugal,10,-2.3399023789738473,4,-233.99023789738473,4,0,TRUE
027,11,fugal,15,-2.363699713163396,4,-157.57998087755973,4,0,TRUE
027,11,fugal,20,0.2021503154241761,4,10.107515771208806,4,0,TRUE
027,12,flashbaseline,NA,0.29389775589450334,8,NA,8,0,TRUE
027,12,petal,10,0.33442642265322176,4,33.44264226532218,4,0,TRUE
027,12,petal,15,1.697282210737282,4,113.15214738248547,4,0,TRUE
027,12,petal,20,0.9799252129433347,4,48.996260647166736,4,0,TRUE
027,12,fugal,10,-0.10861922687813547,4,-10.861922687813546,4,0,TRUE
027,12,fugal,15,0.001344375181621331,4,0.08962501210808872,4,0,TRUE
027,12,fugal,20,-0.5617540690871895,4,-28.087703454359477,4,0,TRUE
028,1,flashbaseline,NA,0.4967554801053501,8,NA,8,0,TRUE
028,1,petal,10,3.9960461869426975,4,399.6046186942698,4,0,TRUE
028,1,petal,15,4.037859990712933,4,269.1906660475289,4,0,TRUE
028,1,petal,20,4.577407168200815,4,228.87035841004075,4,0,TRUE
028,1,fugal,10,-1.2915910124909993,4,-129.15910124909993,4,0,TRUE
028,1,fugal,15,-3.2682992038678225,4,-217.88661359118817,4,0,TRUE
028,1,fugal,20,-2.680471704890205,4,-134.02358524451026,4,0,TRUE
028,2,flashbaseline,NA,0.16215034475401635,8,NA,8,0,TRUE
028,2,petal,10,3.18306062416181,4,318.30606241618096,4,0,TRUE
028,2,petal,15,4.047837595420512,4,269.8558396947008,4,0,TRUE
028,2,petal,20,5.379292201322962,4,268.9646100661481,4,0,TRUE
028,2,fugal,10,-2.494455374428764,4,-249.4455374428764,4,0,TRUE
028,2,fugal,15,-2.7136920729300247,4,-180.91280486200165,4,0,TRUE
028,2,fugal,20,-3.9184537980577003,4,-195.92268990288503,4,0,TRUE
028,3,flashbaseline,NA,-1.159878410772649,8,NA,8,0,TRUE
028,3,petal,10,3.6765911634748414,4,367.65911634748414,4,0,TRUE
028,3,petal,15,3.56363156207155,4,237.57543747143666,4,0,TRUE
028,3,petal,20,2.2469966341212912,4,112.34983170606456,4,0,TRUE
028,3,fugal,10,-2.495816104718572,4,-249.5816104718572,4,0,TRUE
028,3,fugal,15,-1.8811248520775876,4,-125.40832347183917,4,0,TRUE
028,3,fugal,20,-1.82930434682914,4,-91.46521734145699,4,0,TRUE
028,4,flashbaseline,NA,0.3386369399803325,8,NA,8,0,TRUE
028,4,petal,10,2.3749316229089272,4,237.49316229089274,4,0,TRUE
028,4,petal,15,3.670515584998595,4,244.70103899990633,4,0,TRUE
028,4,petal,20,3.7047098527608475,4,185.23549263804236,4,0,TRUE
028,4,fugal,10,-1.9439139644394776,4,-194.39139644394777,4,0,TRUE
028,4,fugal,15,-1.5877054760627292,4,-105.84703173751528,4,0,TRUE
028,4,fugal,20,-1.4426233998147935,4,-72.13116999073968,4,0,TRUE
028,5,flashbaseline,NA,-0.07769449303239967,8,NA,8,0,TRUE
028,5,petal,10,3.0574117644929437,4,305.74117644929436,4,0,TRUE
028,5,petal,15,3.468109312377825,4,231.207287491855,4,0,TRUE
028,5,petal,20,3.205446602901275,4,160.27233014506376,4,0,TRUE
028,5,fugal,10,-1.7513163450211477,4,-175.13163450211476,4,0,TRUE
028,5,fugal,15,-1.727192342674586,4,-115.14615617830574,4,0,TRUE
028,5,fugal,20,-1.5017022476820343,4,-75.08511238410172,4,0,TRUE
028,6,flashbaseline,NA,-0.2922323812474389,8,NA,8,0,TRUE
028,6,petal,10,2.1625651636397043,4,216.2565163639704,4,0,TRUE
028,6,petal,15,3.2074161238713677,4,213.8277415914245,4,0,TRUE
028,6,petal,20,2.660488446086625,4,133.02442230433127,4,0,TRUE
028,6,fugal,10,-1.2823765335094728,4,-128.23765335094728,4,0,TRUE
028,6,fugal,15,-2.390193002308795,4,-159.34620015391968,4,0,TRUE
028,6,fugal,20,1.4875644832236425,4,74.37822416118213,4,0,TRUE
028,7,flashbaseline,NA,0.46326684449156325,7,NA,8,1,FALSE
028,7,petal,10,1.7849939166882025,4,178.49939166882027,4,0,TRUE
028,7,petal,15,3.5475126574680624,4,236.50084383120415,4,0,TRUE
028,7,petal,20,2.618365815713292,4,130.9182907856646,4,0,TRUE
028,7,fugal,10,-2.249758714614757,4,-224.97587146147572,4,0,TRUE
028,7,fugal,15,-1.0446797039287958,4,-69.64531359525306,4,0,TRUE
028,7,fugal,20,-0.9200443192467485,4,-46.002215962337424,4,0,TRUE
028,8,flashbaseline,NA,0.2125515104354942,8,NA,8,0,TRUE
028,8,petal,10,1.2771437871530775,4,127.71437871530775,4,0,TRUE
028,8,petal,15,1.6044303894286074,4,106.96202596190716,4,0,TRUE
028,8,petal,20,2.45068484721833,4,122.53424236091651,4,0,TRUE
028,8,fugal,10,-2.6177041504097156,4,-261.77041504097156,4,0,TRUE
028,8,fugal,15,-1.1336679972902743,4,-75.5778664860183,4,0,TRUE
028,8,fugal,20,-1.865896980899102,4,-93.2948490449551,4,0,TRUE
028,9,flashbaseline,NA,0.38116868150955197,8,NA,8,0,TRUE
028,9,petal,10,2.728596827572995,4,272.8596827572995,4,0,TRUE
028,9,petal,15,3.283785948967215,4,218.919063264481,4,0,TRUE
028,9,petal,20,3.3304559292311176,4,166.52279646155588,4,0,TRUE
028,9,fugal,10,-1.7806164532662938,4,-178.0616453266294,4,0,TRUE
028,9,fugal,15,-1.401237589980747,4,-93.4158393320498,4,0,TRUE
028,9,fugal,20,0.4058742104023005,4,20.293710520115024,4,0,TRUE
028,10,flashbaseline,NA,-0.24584829259616628,8,NA,8,0,TRUE
028,10,petal,10,2.7805619611523777,4,278.0561961152378,4,0,TRUE
028,10,petal,15,0.17486459478961758,4,11.657639652641171,4,0,TRUE
028,10,petal,20,1.8565966941273475,4,92.82983470636738,4,0,TRUE
028,10,fugal,10,-1.0145965840011009,4,-101.45965840011009,4,0,TRUE
028,10,fugal,15,0.41456155126160166,4,27.637436750773446,4,0,TRUE
028,10,fugal,20,1.5552226600431047,4,77.76113300215523,4,0,TRUE
028,11,flashbaseline,NA,-0.20196587496383359,8,NA,8,0,TRUE
028,11,petal,10,2.0938097503939748,4,209.38097503939747,4,0,TRUE
028,11,petal,15,2.26870985628605,4,151.24732375240333,4,0,TRUE
028,11,petal,20,1.8707666219946923,4,93.5383310997346,4,0,TRUE
028,11,fugal,10,-1.332963103947173,4,-133.2963103947173,4,0,TRUE
028,11,fugal,15,0.19658312408944056,4,13.105541605962705,4,0,TRUE
028,11,fugal,20,-1.4310313367172882,4,-71.55156683586442,4,0,TRUE
028,12,flashbaseline,NA,0.020270323083433572,8,NA,8,0,TRUE
028,12,petal,10,1.9753677160514234,4,197.53677160514232,4,0,TRUE
028,12,petal,15,2.220256155271476,4,148.0170770180984,4,0,TRUE
028,12,petal,20,1.719116566004216,4,85.9558283002108,4,0,TRUE
028,12,fugal,10,-1.2488648964388256,4,-124.88648964388256,4,0,TRUE
028,12,fugal,15,-3.5660710401097124,4,-237.7380693406475,4,0,TRUE
028,12,fugal,20,-0.9725831197309815,4,-48.62915598654908,4,0,TRUE
029,1,flashbaseline,NA,-0.45848932243111745,8,NA,8,0,TRUE
029,1,petal,10,3.326234436738715,4,332.62344367387146,4,0,TRUE
029,1,petal,15,3.2739551936471423,4,218.26367957647616,4,0,TRUE
029,1,petal,20,3.2438040285810175,4,162.1902014290509,4,0,TRUE
029,1,fugal,10,0.5579941732306077,4,55.79941732306078,4,0,TRUE
029,1,fugal,15,2.08698036268144,4,139.13202417876266,4,0,TRUE
029,1,fugal,20,0.11276357395317547,4,5.638178697658773,4,0,TRUE
029,2,flashbaseline,NA,0.24916548358234838,8,NA,8,0,TRUE
029,2,petal,10,1.0114617091250393,4,101.14617091250393,4,0,TRUE
029,2,petal,15,3.5831819925597426,4,238.87879950398283,4,0,TRUE
029,2,petal,20,3.6180039032723776,4,180.9001951636189,4,0,TRUE
029,2,fugal,10,0.30051988880163616,4,30.051988880163616,4,0,TRUE
029,2,fugal,15,-0.9353778619166507,4,-62.35852412777672,4,0,TRUE
029,2,fugal,20,-0.30927465018607575,4,-15.463732509303787,4,0,TRUE
029,3,flashbaseline,NA,-0.33824616374195376,8,NA,8,0,TRUE
029,3,petal,10,1.8105302977022306,4,181.05302977022305,4,0,TRUE
029,3,petal,15,1.258133799492516,4,83.8755866328344,4,0,TRUE
029,3,petal,20,1.5098489481118806,4,75.49244740559404,4,0,TRUE
029,3,fugal,10,-1.974586587297742,4,-197.45865872977419,4,0,TRUE
029,3,fugal,15,-2.007830593744684,4,-133.85537291631226,4,0,TRUE
029,3,fugal,20,-0.755497050164823,4,-37.77485250824115,4,0,TRUE
029,4,flashbaseline,NA,-0.18472862256586364,8,NA,8,0,TRUE
029,4,petal,10,-0.12351933081746583,4,-12.351933081746582,4,0,TRUE
029,4,petal,15,1.2405231103708874,4,82.7015406913925,4,0,TRUE
029,4,petal,20,0.4792465818836163,4,23.962329094180813,4,0,TRUE
029,4,fugal,10,-1.446906340368633,4,-144.69063403686332,4,0,TRUE
029,4,fugal,15,-1.6953956878578453,4,-113.02637919052303,4,0,TRUE
029,4,fugal,20,-0.24181111719195603,4,-12.090555859597803,4,0,TRUE
029,5,flashbaseline,NA,-0.7263986005109977,8,NA,8,0,TRUE
029,5,petal,10,0.5883192738693537,4,58.83192738693536,4,0,TRUE
029,5,petal,15,0.336501035092647,4,22.4334023395098,4,0,TRUE
029,5,petal,20,2.6663093387219194,4,133.31546693609596,4,0,TRUE
029,5,fugal,10,-0.44013271211135874,4,-44.01327121113587,4,0,TRUE
029,5,fugal,15,-0.9626627570468418,4,-64.17751713645612,4,0,TRUE
029,5,fugal,20,-0.5488092013765453,4,-27.440460068827267,4,0,TRUE
029,6,flashbaseline,NA,-0.21360985192105358,8,NA,8,0,TRUE
029,6,petal,10,0.5320838113448939,4,53.20838113448939,4,0,TRUE
029,6,petal,15,-0.005700561116769184,4,-0.3800374077846123,4,0,TRUE
029,6,petal,20,0.851585385933563,4,42.57926929667815,4,0,TRUE
029,6,fugal,10,-1.1329796410049586,4,-113.29796410049586,4,0,TRUE
029,6,fugal,15,-0.6938129112299058,4,-46.254194081993724,4,0,TRUE
029,6,fugal,20,-1.9685279441488746,4,-98.42639720744373,4,0,TRUE
029,7,flashbaseline,NA,-0.4122989464333079,8,NA,8,0,TRUE
029,7,petal,10,1.2245884519969517,4,122.45884519969516,4,0,TRUE
029,7,petal,15,1.6329613249979866,4,108.8640883331991,4,0,TRUE
029,7,petal,20,1.497092520454734,4,74.85462602273671,4,0,TRUE
029,7,fugal,10,-0.9068222702959897,4,-90.68222702959896,4,0,TRUE
029,7,fugal,15,-0.9285712961076977,4,-61.904753073846514,4,0,TRUE
029,7,fugal,20,-2.5403343791159796,4,-127.01671895579896,4,0,TRUE
029,8,flashbaseline,NA,0.2235663200395161,8,NA,8,0,TRUE
029,8,petal,10,0.577747661807235,4,57.7747661807235,4,0,TRUE
029,8,petal,15,0.9744487823290863,4,64.96325215527241,4,0,TRUE
029,8,petal,20,1.513706540054683,4,75.68532700273414,4,0,TRUE
029,8,fugal,10,-0.9940249828653065,4,-99.40249828653066,4,0,TRUE
029,8,fugal,15,-1.352184204699653,4,-90.14561364664354,4,0,TRUE
029,8,fugal,20,-1.1012184358151424,4,-55.06092179075713,4,0,TRUE
029,9,flashbaseline,NA,-0.13225090340123302,8,NA,8,0,TRUE
029,9,petal,10,0.8925220020791182,4,89.25220020791183,4,0,TRUE
029,9,petal,15,-0.1652547716962981,4,-11.016984779753207,4,0,TRUE
029,9,petal,20,0.19118441226638117,4,9.55922061331906,4,0,TRUE
029,9,fugal,10,-1.464872580781456,4,-146.4872580781456,4,0,TRUE
029,9,fugal,15,-1.8110328498450832,4,-120.73552332300555,4,0,TRUE
029,9,fugal,20,-1.9540056005123625,4,-97.70028002561811,4,0,TRUE
029,10,flashbaseline,NA,0.48425438851153996,8,NA,8,0,TRUE
029,10,petal,10,0.005587693247665504,4,0.5587693247665504,4,0,TRUE
029,10,petal,15,0.25324901654651655,4,16.88326776976777,4,0,TRUE
029,10,petal,20,0.016607944079355952,4,0.8303972039677976,4,0,TRUE
029,10,fugal,10,-0.8656995164227267,4,-86.56995164227267,4,0,TRUE
029,10,fugal,15,-1.1830031704126012,4,-78.86687802750674,4,0,TRUE
029,10,fugal,20,-1.2371569569638412,4,-61.85784784819206,4,0,TRUE
029,11,flashbaseline,NA,0.12581685418083288,8,NA,8,0,TRUE
029,11,petal,10,-0.021964756706289945,4,-2.1964756706289945,4,0,TRUE
029,11,petal,15,0.3636961263576287,4,24.246408423841913,4,0,TRUE
029,11,petal,20,-1.1928103718740501,4,-59.64051859370251,4,0,TRUE
029,11,fugal,10,-0.720825571455864,4,-72.08255714558639,4,0,TRUE
029,11,fugal,15,-1.053126329382304,4,-70.20842195882028,4,0,TRUE
029,11,fugal,20,-1.8249457151307518,4,-91.2472857565376,4,0,TRUE
029,12,flashbaseline,NA,0.3324930314434055,8,NA,8,0,TRUE
029,12,petal,10,1.5789688138648186,4,157.89688138648185,4,0,TRUE
029,12,petal,15,0.18347709736705242,4,12.231806491136828,4,0,TRUE
029,12,petal,20,0.9854292219918237,4,49.271461099591185,4,0,TRUE
029,12,fugal,10,-2.2936581893693626,4,-229.36581893693625,4,0,TRUE
029,12,fugal,15,-1.2317708452179061,4,-82.11805634786042,4,0,TRUE
029,12,fugal,20,-2.0044095899543524,4,-100.22047949771762,4,0,TRUE
030,1,flashbaseline,NA,0.3574690492652043,8,NA,8,0,TRUE
030,1,petal,10,2.6498148181147725,4,264.98148181147724,4,0,TRUE
030,1,petal,15,1.4509584270630302,4,96.73056180420201,4,0,TRUE
030,1,petal,20,4.152334476992317,4,207.61672384961588,4,0,TRUE
030,1,fugal,10,1.2942444641838415,4,129.42444641838415,4,0,TRUE
030,1,fugal,15,1.643053118243175,4,109.536874549545,4,0,TRUE
030,1,fugal,20,0.20675802654959152,4,10.337901327479576,4,0,TRUE
030,2,flashbaseline,NA,0.8041683974172691,8,NA,8,0,TRUE
030,2,petal,10,2.320220433587513,4,232.0220433587513,4,0,TRUE
030,2,petal,15,2.780134067925241,4,185.34227119501605,4,0,TRUE
030,2,petal,20,4.578133064608003,4,228.90665323040014,4,0,TRUE
030,2,fugal,10,0.4774212446807667,4,47.742124468076675,4,0,TRUE
030,2,fugal,15,2.0948796448692057,4,139.6586429912804,4,0,TRUE
030,2,fugal,20,2.6045352331596443,4,130.22676165798222,4,0,TRUE
030,3,flashbaseline,NA,0.2998060636922032,8,NA,8,0,TRUE
030,3,petal,10,3.1054394410515225,4,310.54394410515226,4,0,TRUE
030,3,petal,15,1.9037115935587532,4,126.91410623725022,4,0,TRUE
030,3,petal,20,4.20383426575862,4,210.191713287931,4,0,TRUE
030,3,fugal,10,1.840631041931065,4,184.0631041931065,4,0,TRUE
030,3,fugal,15,3.4364604903478053,4,229.09736602318702,4,0,TRUE
030,3,fugal,20,4.01794138394151,4,200.8970691970755,4,0,TRUE
030,4,flashbaseline,NA,-1.2532975243392406,8,NA,8,0,TRUE
030,4,petal,10,-2.2956301766508096,4,-229.56301766508096,4,0,TRUE
030,4,petal,15,2.173078532827688,4,144.87190218851254,4,0,TRUE
030,4,petal,20,2.5836163395539886,4,129.18081697769944,4,0,TRUE
030,4,fugal,10,2.2995862408391177,4,229.95862408391176,4,0,TRUE
030,4,fugal,15,1.023899519172665,4,68.25996794484433,4,0,TRUE
030,4,fugal,20,1.8142622496679275,4,90.71311248339637,4,0,TRUE
030,5,flashbaseline,NA,0.2836872594033222,8,NA,8,0,TRUE
030,5,petal,10,0.19982247915114482,4,19.98224791511448,4,0,TRUE
030,5,petal,15,1.478930839115155,4,98.59538927434366,4,0,TRUE
030,5,petal,20,4.3048416037400745,4,215.24208018700372,4,0,TRUE
030,5,fugal,10,1.8820750661562233,4,188.20750661562232,4,0,TRUE
030,5,fugal,15,3.1405178534653864,4,209.3678568976924,4,0,TRUE
030,5,fugal,20,3.2514806107182683,4,162.5740305359134,4,0,TRUE
030,6,flashbaseline,NA,-0.1380281590215563,8,NA,8,0,TRUE
030,6,petal,10,1.0765977691977295,4,107.65977691977295,4,0,TRUE
030,6,petal,15,1.9903407906835857,4,132.68938604557238,4,0,TRUE
030,6,petal,20,3.305852846968905,4,165.29264234844527,4,0,TRUE
030,6,fugal,10,0.9692561051863586,4,96.92561051863586,4,0,TRUE
030,6,fugal,15,1.9559176913580782,4,130.3945127572052,4,0,TRUE
030,6,fugal,20,2.4323103177536374,4,121.61551588768187,4,0,TRUE
030,7,flashbaseline,NA,-0.5012198695703877,8,NA,8,0,TRUE
030,7,petal,10,1.4409244740534621,4,144.0924474053462,4,0,TRUE
030,7,petal,15,2.2350224888427674,4,149.0014992561845,4,0,TRUE
030,7,petal,20,2.377941132371303,4,118.89705661856516,4,0,TRUE
030,7,fugal,10,0.3398446864212845,4,33.98446864212845,4,0,TRUE
030,7,fugal,15,1.2914906037755567,4,86.09937358503711,4,0,TRUE
030,7,fugal,20,2.1870032925882716,4,109.35016462941357,4,0,TRUE
030,8,flashbaseline,NA,0.19940622621169485,8,NA,8,0,TRUE
030,8,petal,10,1.0895832028105754,4,108.95832028105754,4,0,TRUE
030,8,petal,15,2.258267361426787,4,150.55115742845248,4,0,TRUE
030,8,petal,20,4.206694309933917,4,210.33471549669585,4,0,TRUE
030,8,fugal,10,1.9668235682622832,4,196.6823568262283,4,0,TRUE
030,8,fugal,15,1.654133804099,4,110.27558693993332,4,0,TRUE
030,8,fugal,20,1.9895268243793658,4,99.47634121896829,4,0,TRUE
030,9,flashbaseline,NA,0.09244669212634038,8,NA,8,0,TRUE
030,9,petal,10,0.9844178212363459,4,98.4417821236346,4,0,TRUE
030,9,petal,15,2.8048529840771677,4,186.99019893847785,4,0,TRUE
030,9,petal,20,3.215350630424316,4,160.76753152121577,4,0,TRUE
030,9,fugal,10,2.0156929533636125,4,201.56929533636125,4,0,TRUE
030,9,fugal,15,2.1940182291145773,4,146.26788194097182,4,0,TRUE
030,9,fugal,20,3.3303762887879724,4,166.51881443939862,4,0,TRUE
030,10,flashbaseline,NA,0.34383829599713894,8,NA,8,0,TRUE
030,10,petal,10,2.2726912758310345,4,227.26912758310345,4,0,TRUE
030,10,petal,15,2.1189355325386776,4,141.26236883591184,4,0,TRUE
030,10,petal,20,2.967603741730415,4,148.38018708652072,4,0,TRUE
030,10,fugal,10,1.5427562808677724,4,154.27562808677726,4,0,TRUE
030,10,fugal,15,0.6788934781921775,4,45.25956521281183,4,0,TRUE
030,10,fugal,20,0.6327546715533181,4,31.6377335776659,4,0,TRUE
030,11,flashbaseline,NA,-1.0138738964269436,8,NA,8,0,TRUE
030,11,petal,10,0.9879762294998791,4,98.79762294998791,4,0,TRUE
030,11,petal,15,2.5652377297658875,4,171.01584865105917,4,0,TRUE
030,11,petal,20,4.390301318039075,4,219.51506590195373,4,0,TRUE
030,11,fugal,10,-1.6115827150096524,4,-161.15827150096524,4,0,TRUE
030,11,fugal,15,0.992204739617406,4,66.14698264116039,4,0,TRUE
030,11,fugal,20,0.3105887647890979,4,15.529438239454896,4,0,TRUE
030,12,flashbaseline,NA,0.4544629263426321,8,NA,8,0,TRUE
030,12,petal,10,1.1627430560263599,4,116.27430560263599,4,0,TRUE
030,12,petal,15,1.3749764672401157,4,91.6650978160077,4,0,TRUE
030,12,petal,20,4.63655012373196,4,231.82750618659804,4,0,TRUE
030,12,fugal,10,1.8414428713737625,4,184.14428713737624,4,0,TRUE
030,12,fugal,15,0.6349943010503138,4,42.33295340335426,4,0,TRUE
030,12,fugal,20,1.8983786938955165,4,94.91893469477583,4,0,TRUE
031,1,flashbaseline,NA,0.4907308212949312,8,NA,8,0,TRUE
031,1,petal,10,2.6088378496617652,4,260.88378496617656,4,0,TRUE
031,1,petal,15,2.5629900383687323,4,170.8660025579155,4,0,TRUE
031,1,petal,20,3.100382571257075,4,155.01912856285378,4,0,TRUE
031,1,fugal,10,0.978421953661825,4,97.84219536618251,4,0,TRUE
031,1,fugal,15,1.2375951106059069,4,82.50634070706046,4,0,TRUE
031,1,fugal,20,1.4124005759671774,4,70.62002879835886,4,0,TRUE
031,2,flashbaseline,NA,-0.5216025578942614,8,NA,8,0,TRUE
031,2,petal,10,1.6652807932271165,4,166.52807932271165,4,0,TRUE
031,2,petal,15,2.87310488963163,4,191.540325975442,4,0,TRUE
031,2,petal,20,2.1510727126244524,4,107.55363563122262,4,0,TRUE
031,2,fugal,10,0.7437873690905115,4,74.37873690905114,4,0,TRUE
031,2,fugal,15,1.0862067210492055,4,72.41378140328037,4,0,TRUE
031,2,fugal,20,1.378797716425748,4,68.9398858212874,4,0,TRUE
031,3,flashbaseline,NA,-0.4632536901139598,8,NA,8,0,TRUE
031,3,petal,10,2.114783616851013,4,211.4783616851013,4,0,TRUE
031,3,petal,15,2.2788275551589185,4,151.92183701059454,4,0,TRUE
031,3,petal,20,3.51074519090576,4,175.537259545288,4,0,TRUE
031,3,fugal,10,0.5951698125377218,4,59.51698125377218,4,0,TRUE
031,3,fugal,15,0.17501845926285076,4,11.66789728419005,4,0,TRUE
031,3,fugal,20,-0.07291211043019219,4,-3.6456055215096095,4,0,TRUE
031,4,flashbaseline,NA,-0.11590023414596581,8,NA,8,0,TRUE
031,4,petal,10,2.4453623604505843,4,244.53623604505842,4,0,TRUE
031,4,petal,15,3.5982553010746874,4,239.8836867383125,4,0,TRUE
031,4,petal,20,2.949950378105443,4,147.49751890527213,4,0,TRUE
031,4,fugal,10,1.1682507522201777,4,116.82507522201776,4,0,TRUE
031,4,fugal,15,0.33422884752407245,4,22.281923168271497,4,0,TRUE
031,4,fugal,20,1.6084956648093396,4,80.42478324046698,4,0,TRUE
031,5,flashbaseline,NA,-0.8891224037217003,8,NA,8,0,TRUE
031,5,petal,10,2.0787165413574717,4,207.87165413574718,4,0,TRUE
031,5,petal,15,3.433298309609805,4,228.886553973987,4,0,TRUE
031,5,petal,20,3.159314955824945,4,157.96574779124725,4,0,TRUE
031,5,fugal,10,-0.7714728397969053,4,-77.14728397969053,4,0,TRUE
031,5,fugal,15,1.2245351288903257,4,81.63567525935504,4,0,TRUE
031,5,fugal,20,1.3975075437641462,4,69.87537718820731,4,0,TRUE
031,6,flashbaseline,NA,-0.6847590629999987,8,NA,8,0,TRUE
031,6,petal,10,3.1035138080858125,4,310.35138080858127,4,0,TRUE
031,6,petal,15,3.3025328929299373,4,220.1688595286625,4,0,TRUE
031,6,petal,20,4.611061608457522,4,230.5530804228761,4,0,TRUE
031,6,fugal,10,0.2947961460381687,4,29.479614603816874,4,0,TRUE
031,6,fugal,15,1.1272496606075841,4,75.14997737383894,4,0,TRUE
031,6,fugal,20,-0.07753876919738978,4,-3.8769384598694887,4,0,TRUE
031,7,flashbaseline,NA,0.3330983702463088,8,NA,8,0,TRUE
031,7,petal,10,3.6937068297801225,4,369.3706829780122,4,0,TRUE
031,7,petal,15,3.48487846628138,4,232.32523108542532,4,0,TRUE
031,7,petal,20,4.565854394597815,4,228.29271972989073,4,0,TRUE
031,7,fugal,10,1.028018488072717,4,102.8018488072717,4,0,TRUE
031,7,fugal,15,-0.842796284273698,4,-56.18641895157987,4,0,TRUE
031,7,fugal,20,2.052970119498487,4,102.64850597492433,4,0,TRUE
031,8,flashbaseline,NA,0.6290976650707185,8,NA,8,0,TRUE
031,8,petal,10,2.3745014708525902,4,237.45014708525903,4,0,TRUE
031,8,petal,15,3.3509609157752975,4,223.39739438501985,4,0,TRUE
031,8,petal,20,5.07862719400802,4,253.93135970040103,4,0,TRUE
031,8,fugal,10,0.22533658559378478,4,22.53365855937848,4,0,TRUE
031,8,fugal,15,-0.29231735352540655,4,-19.487823568360437,4,0,TRUE
031,8,fugal,20,-0.29915966803316746,4,-14.957983401658373,4,0,TRUE
031,9,flashbaseline,NA,-1.1139394213713312,8,NA,8,0,TRUE
031,9,petal,10,2.7372437540214447,4,273.72437540214446,4,0,TRUE
031,9,petal,15,3.7262339345010673,4,248.41559563340448,4,0,TRUE
031,9,petal,20,5.193177644696503,4,259.6588822348251,4,0,TRUE
031,9,fugal,10,0.7656961071087902,4,76.56961071087902,4,0,TRUE
031,9,fugal,15,-0.3161735375092167,4,-21.07823583394778,4,0,TRUE
031,9,fugal,20,-1.4372323491362025,4,-71.86161745681012,4,0,TRUE
031,10,flashbaseline,NA,0.5645359226178874,8,NA,8,0,TRUE
031,10,petal,10,2.19085181542565,4,219.085181542565,4,0,TRUE
031,10,petal,15,3.422486251679325,4,228.165750111955,4,0,TRUE
031,10,petal,20,4.2873798266181975,4,214.36899133090986,4,0,TRUE
031,10,fugal,10,-0.5639997586421104,4,-56.399975864211044,4,0,TRUE
031,10,fugal,15,-0.5132659291280545,4,-34.217728608536966,4,0,TRUE
031,10,fugal,20,0.23752096354081945,4,11.876048177040973,4,0,TRUE
031,11,flashbaseline,NA,-0.15857613503704626,8,NA,8,0,TRUE
031,11,petal,10,3.75090198411876,4,375.09019841187603,4,0,TRUE
031,11,petal,15,3.864066928847653,4,257.60446192317687,4,0,TRUE
031,11,petal,20,5.118486445962137,4,255.92432229810686,4,0,TRUE
031,11,fugal,10,-1.246134886348574,4,-124.6134886348574,4,0,TRUE
031,11,fugal,15,1.3113025608399385,4,87.42017072266256,4,0,TRUE
031,11,fugal,20,-1.275599410112401,4,-63.77997050562005,4,0,TRUE
031,12,flashbaseline,NA,0.4783680797686055,8,NA,8,0,TRUE
031,12,petal,10,3.4049487515885626,4,340.49487515885625,4,0,TRUE
031,12,petal,15,4.109890119812513,4,273.99267465416756,4,0,TRUE
031,12,petal,20,5.092713028638783,4,254.63565143193912,4,0,TRUE
031,12,fugal,10,0.8631549080780598,4,86.31549080780599,4,0,TRUE
031,12,fugal,15,0.5351983062697432,4,35.67988708464954,4,0,TRUE
031,12,fugal,20,-0.0600507574301255,4,-3.002537871506275,4,0,TRUE
032,1,flashbaseline,NA,0.5277699218226367,8,NA,8,0,TRUE
032,1,petal,10,3.9867883447528976,4,398.67883447528976,4,0,TRUE
032,1,petal,15,3.98689408771022,4,265.7929391806813,4,0,TRUE
032,1,petal,20,3.751366866185815,4,187.56834330929075,4,0,TRUE
032,1,fugal,10,-1.525644256609016,4,-152.5644256609016,4,0,TRUE
032,1,fugal,15,0.05817668574867518,4,3.8784457165783457,4,0,TRUE
032,1,fugal,20,0.25745768706389593,4,12.872884353194797,4,0,TRUE
032,2,flashbaseline,NA,0.3836850100537924,8,NA,8,0,TRUE
032,2,petal,10,3.0667339058749525,4,306.67339058749525,4,0,TRUE
032,2,petal,15,2.32118128861,4,154.74541924066668,4,0,TRUE
032,2,petal,20,5.215813140093203,4,260.79065700466015,4,0,TRUE
032,2,fugal,10,-1.0660599215985496,4,-106.60599215985496,4,0,TRUE
032,2,fugal,15,-1.7555643721959044,4,-117.03762481306029,4,0,TRUE
032,2,fugal,20,-1.0500996418514417,4,-52.50498209257208,4,0,TRUE
032,3,flashbaseline,NA,-0.07343117999402143,8,NA,8,0,TRUE
032,3,petal,10,2.8653575659004975,4,286.53575659004974,4,0,TRUE
032,3,petal,15,2.1772654913065006,4,145.1510327537667,4,0,TRUE
032,3,petal,20,2.349050524892727,4,117.45252624463636,4,0,TRUE
032,3,fugal,10,-1.0447450619232796,4,-104.47450619232796,4,0,TRUE
032,3,fugal,15,1.0707932367368012,4,71.3862157824534,4,0,TRUE
032,3,fugal,20,0.8834813749111978,4,44.174068745559886,4,0,TRUE
032,4,flashbaseline,NA,-0.015906064810691532,8,NA,8,0,TRUE
032,4,petal,10,3.3118694649487,4,331.18694649487003,4,0,TRUE
032,4,petal,15,2.567759573065677,4,171.18397153771178,4,0,TRUE
032,4,petal,20,2.06664167957971,4,103.3320839789855,4,0,TRUE
032,4,fugal,10,-0.5046949521580868,4,-50.46949521580868,4,0,TRUE
032,4,fugal,15,-0.4190303655111743,4,-27.93535770074495,4,0,TRUE
032,4,fugal,20,-1.0035138209059613,4,-50.175691045298066,4,0,TRUE
032,5,flashbaseline,NA,0.6251324877298321,8,NA,8,0,TRUE
032,5,petal,10,1.9474200002464077,4,194.74200002464076,4,0,TRUE
032,5,petal,15,1.356895013103087,4,90.4596675402058,4,0,TRUE
032,5,petal,20,1.9413525270222147,4,97.06762635111075,4,0,TRUE
032,5,fugal,10,-0.5711010061597993,4,-57.11010061597993,4,0,TRUE
032,5,fugal,15,-1.430776538947907,4,-95.38510259652713,4,0,TRUE
032,5,fugal,20,0.16175900572744628,4,8.087950286372315,4,0,TRUE
032,6,flashbaseline,NA,-0.45166003532134497,8,NA,8,0,TRUE
032,6,petal,10,1.8883377756186,4,188.83377756186,4,0,TRUE
032,6,petal,15,2.92203355812597,4,194.802237208398,4,0,TRUE
032,6,petal,20,1.5890682384092876,4,79.45341192046438,4,0,TRUE
032,6,fugal,10,-0.409372358080179,4,-40.9372358080179,4,0,TRUE
032,6,fugal,15,-1.2204961223488542,4,-81.36640815659028,4,0,TRUE
032,6,fugal,20,-0.6193286924279878,4,-30.96643462139939,4,0,TRUE
032,7,flashbaseline,NA,-0.21313270492235953,8,NA,8,0,TRUE
032,7,petal,10,1.009338776590189,4,100.93387765901889,4,0,TRUE
032,7,petal,15,1.6896026826807524,4,112.64017884538349,4,0,TRUE
032,7,petal,20,0.99734162167935,4,49.8670810839675,4,0,TRUE
032,7,fugal,10,-0.7524828232233947,4,-75.24828232233946,4,0,TRUE
032,7,fugal,15,-0.15393780581536576,4,-10.26252038769105,4,0,TRUE
032,7,fugal,20,-0.504577250633702,4,-25.228862531685095,4,0,TRUE
032,8,flashbaseline,NA,-0.37969556085080874,8,NA,8,0,TRUE
032,8,petal,10,2.0714339527726406,4,207.14339527726406,4,0,TRUE
032,8,petal,15,2.2130877663363124,4,147.53918442242085,4,0,TRUE
032,8,petal,20,2.1070777651149277,4,105.35388825574638,4,0,TRUE
032,8,fugal,10,-0.6580941888695965,4,-65.80941888695965,4,0,TRUE
032,8,fugal,15,-1.817306447472676,4,-121.15376316484506,4,0,TRUE
032,8,fugal,20,-0.5939636641599486,4,-29.69818320799743,4,0,TRUE
032,9,flashbaseline,NA,-0.28478616614802604,8,NA,8,0,TRUE
032,9,petal,10,1.8295144072757925,4,182.95144072757924,4,0,TRUE
032,9,petal,15,1.823769744654822,4,121.5846496436548,4,0,TRUE
032,9,petal,20,1.7752817880926612,4,88.76408940463307,4,0,TRUE
032,9,fugal,10,-1.4897036690040948,4,-148.9703669004095,4,0,TRUE
032,9,fugal,15,-0.9416491665143643,4,-62.776611100957616,4,0,TRUE
032,9,fugal,20,-1.155778625407197,4,-57.788931270359846,4,0,TRUE
032,10,flashbaseline,NA,-0.07410992757837986,8,NA,8,0,TRUE
032,10,petal,10,0.7698906870168332,4,76.98906870168332,4,0,TRUE
032,10,petal,15,2.0562675049746573,4,137.08450033164382,4,0,TRUE
032,10,petal,20,1.8879482080196048,4,94.39741040098023,4,0,TRUE
032,10,fugal,10,-0.311281871132872,4,-31.128187113287197,4,0,TRUE
032,10,fugal,15,0.46630023257693154,4,31.086682171795438,4,0,TRUE
032,10,fugal,20,-1.2381983011696993,4,-61.90991505848496,4,0,TRUE
032,11,flashbaseline,NA,0.5727014807884371,8,NA,8,0,TRUE
032,11,petal,10,2.6631712882511476,4,266.31712882511476,4,0,TRUE
032,11,petal,15,1.8901098879624625,4,126.00732586416416,4,0,TRUE
032,11,petal,20,3.3870656089564677,4,169.35328044782338,4,0,TRUE
032,11,fugal,10,-0.509578080442991,4,-50.9578080442991,4,0,TRUE
032,11,fugal,15,-0.6057642108170564,4,-40.384280721137095,4,0,TRUE
032,11,fugal,20,-0.3989183285565583,4,-19.945916427827914,4,0,TRUE
032,12,flashbaseline,NA,0.09873188014167117,8,NA,8,0,TRUE
032,12,petal,10,1.2950836031397448,4,129.50836031397446,4,0,TRUE
032,12,petal,15,1.812730739888305,4,120.84871599255368,4,0,TRUE
032,12,petal,20,2.2208944301355467,4,111.04472150677732,4,0,TRUE
032,12,fugal,10,-0.8091051040431261,4,-80.9105104043126,4,0,TRUE
032,12,fugal,15,-0.17072020084268977,4,-11.381346722845985,4,0,TRUE
032,12,fugal,20,-0.24897698996317397,4,-12.448849498158697,4,0,TRUE
033,1,flashbaseline,NA,0.031241226976166214,8,NA,8,0,TRUE
033,1,petal,10,2.04779891797723,4,204.779891797723,4,0,TRUE
033,1,petal,15,2.2098621070739983,4,147.3241404715999,4,0,TRUE
033,1,petal,20,2.4795064396022433,4,123.97532198011216,4,0,TRUE
033,1,fugal,10,0.7700132838494278,4,77.00132838494278,4,0,TRUE
033,1,fugal,15,0.6208544649320502,4,41.39029766213668,4,0,TRUE
033,1,fugal,20,2.566085981499201,4,128.30429907496006,4,0,TRUE
033,2,flashbaseline,NA,0.2810371117529297,8,NA,8,0,TRUE
033,2,petal,10,0.989189075732821,4,98.9189075732821,4,0,TRUE
033,2,petal,15,2.310341515144805,4,154.0227676763203,4,0,TRUE
033,2,petal,20,4.489565932103722,4,224.4782966051861,4,0,TRUE
033,2,fugal,10,0.5852572521855797,4,58.525725218557966,4,0,TRUE
033,2,fugal,15,1.5160030826138564,4,101.0668721742571,4,0,TRUE
033,2,fugal,20,0.03111228407774483,4,1.5556142038872414,4,0,TRUE
033,3,flashbaseline,NA,-0.5042290490453841,8,NA,8,0,TRUE
033,3,petal,10,1.810357737138205,4,181.03577371382048,4,0,TRUE
033,3,petal,15,2.7170242615189877,4,181.1349507679325,4,0,TRUE
033,3,petal,20,3.540890111456295,4,177.04450557281476,4,0,TRUE
033,3,fugal,10,1.3478315627607091,4,134.7831562760709,4,0,TRUE
033,3,fugal,15,0.9987916669329675,4,66.5861111288645,4,0,TRUE
033,3,fugal,20,0.7475594484982315,4,37.377972424911576,4,0,TRUE
033,4,flashbaseline,NA,-0.4610839990128924,8,NA,8,0,TRUE
033,4,petal,10,1.95723843438354,4,195.723843438354,4,0,TRUE
033,4,petal,15,3.2350555069123352,4,215.67036712748902,4,0,TRUE
033,4,petal,20,4.517428532085533,4,225.87142660427665,4,0,TRUE
033,4,fugal,10,0.32444551438527397,4,32.4445514385274,4,0,TRUE
033,4,fugal,15,0.42965876560780125,4,28.643917707186752,4,0,TRUE
033,4,fugal,20,-0.3793902186785458,4,-18.96951093392729,4,0,TRUE
033,5,flashbaseline,NA,-0.15522608008287928,8,NA,8,0,TRUE
033,5,petal,10,1.828171107521095,4,182.8171107521095,4,0,TRUE
033,5,petal,15,3.350347129541525,4,223.3564753027683,4,0,TRUE
033,5,petal,20,2.998095078303997,4,149.90475391519985,4,0,TRUE
033,5,fugal,10,-0.1296638952467262,4,-12.96638952467262,4,0,TRUE
033,5,fugal,15,0.44187192564837346,4,29.458128376558232,4,0,TRUE
033,5,fugal,20,-0.5864046366763265,4,-29.320231833816322,4,0,TRUE
033,6,flashbaseline,NA,-0.26168165116776876,8,NA,8,0,TRUE
033,6,petal,10,2.2105999689020126,4,221.05999689020126,4,0,TRUE
033,6,petal,15,2.916617827708378,4,194.44118851389186,4,0,TRUE
033,6,petal,20,4.22229649611299,4,211.1148248056495,4,0,TRUE
033,6,fugal,10,-0.1906704219567389,4,-19.06704219567389,4,0,TRUE
033,6,fugal,15,-0.143450202012123,4,-9.5633468008082,4,0,TRUE
033,6,fugal,20,0.6689130874351801,4,33.445654371759005,4,0,TRUE
033,7,flashbaseline,NA,0.07849720215701977,8,NA,8,0,TRUE
033,7,petal,10,1.8515204094293238,4,185.1520409429324,4,0,TRUE
033,7,petal,15,3.6756162363412677,4,245.0410824227512,4,0,TRUE
033,7,petal,20,5.211782907762013,4,260.58914538810063,4,0,TRUE
033,7,fugal,10,0.35010521217267904,4,35.0105212172679,4,0,TRUE
033,7,fugal,15,0.30452931659700255,4,20.30195443980017,4,0,TRUE
033,7,fugal,20,-1.502586648241138,4,-75.12933241205691,4,0,TRUE
033,8,flashbaseline,NA,-0.06608516083115529,8,NA,8,0,TRUE
033,8,petal,10,1.6432862678365674,4,164.32862678365672,4,0,TRUE
033,8,petal,15,2.91885808141603,4,194.59053876106867,4,0,TRUE
033,8,petal,20,4.567840055999907,4,228.39200279999537,4,0,TRUE
033,8,fugal,10,0.48338096917469847,4,48.33809691746985,4,0,TRUE
033,8,fugal,15,-1.4328456620982397,4,-95.52304413988264,4,0,TRUE
033,8,fugal,20,1.1326086759958498,4,56.63043379979249,4,0,TRUE
033,9,flashbaseline,NA,-0.12463691650486797,8,NA,8,0,TRUE
033,9,petal,10,1.8551541727503125,4,185.51541727503124,4,0,TRUE
033,9,petal,15,3.2153057227364075,4,214.35371484909382,4,0,TRUE
033,9,petal,20,4.062266847276252,4,203.1133423638126,4,0,TRUE
033,9,fugal,10,0.35336659050694075,4,35.336659050694074,4,0,TRUE
033,9,fugal,15,0.9791838268031938,4,65.2789217868796,4,0,TRUE
033,9,fugal,20,0.860408246859281,4,43.02041234296405,4,0,TRUE
033,10,flashbaseline,NA,0.07904531882051538,8,NA,8,0,TRUE
033,10,petal,10,1.7226174240303624,4,172.26174240303624,4,0,TRUE
033,10,petal,15,3.0472570591542203,4,203.15047061028136,4,0,TRUE
033,10,petal,20,3.7904223352358777,4,189.5211167617939,4,0,TRUE
033,10,fugal,10,0.14259434586329375,4,14.259434586329375,4,0,TRUE
033,10,fugal,15,-0.5248817917080792,4,-34.99211944720528,4,0,TRUE
033,10,fugal,20,-0.12148977666417227,4,-6.074488833208614,4,0,TRUE
033,11,flashbaseline,NA,0.17499637220303083,8,NA,8,0,TRUE
033,11,petal,10,1.7476406590479598,4,174.76406590479598,4,0,TRUE
033,11,petal,15,2.698864848892235,4,179.92432325948235,4,0,TRUE
033,11,petal,20,4.188538832993595,4,209.42694164967975,4,0,TRUE
033,11,fugal,10,0.7108522751564653,4,71.08522751564652,4,0,TRUE
033,11,fugal,15,-0.5233745676954895,4,-34.89163784636597,4,0,TRUE
033,11,fugal,20,1.1683067882491929,4,58.415339412459645,4,0,TRUE
033,12,flashbaseline,NA,0.031162810878438012,8,NA,8,0,TRUE
033,12,petal,10,1.773904381986445,4,177.3904381986445,4,0,TRUE
033,12,petal,15,2.2950458570793457,4,153.00305713862306,4,0,TRUE
033,12,petal,20,3.8702015314477576,4,193.5100765723879,4,0,TRUE
033,12,fugal,10,1.0226612218457474,4,102.26612218457473,4,0,TRUE
033,12,fugal,15,0.21384516381703125,4,14.25634425446875,4,0,TRUE
033,12,fugal,20,1.4264354130020371,4,71.32177065010185,4,0,TRUE
034,1,flashbaseline,NA,0.8142970252053243,8,NA,8,0,TRUE
034,1,petal,10,-1.324726971951299,4,-132.4726971951299,4,0,TRUE
034,1,petal,15,-1.645285552236787,4,-109.68570348245248,4,0,TRUE
034,1,petal,20,-3.212868798878133,4,-160.64343994390666,4,0,TRUE
034,1,fugal,10,-3.29242207082047,4,-329.242207082047,4,0,TRUE
034,1,fugal,15,-3.4887475128302503,4,-232.58316752201668,4,0,TRUE
034,1,fugal,20,-3.87880353373026,4,-193.940176686513,4,0,TRUE
034,2,flashbaseline,NA,0.40007590461453135,8,NA,8,0,TRUE
034,2,petal,10,3.39669018287549,4,339.66901828754897,4,0,TRUE
034,2,petal,15,3.8530138970266297,4,256.8675931351087,4,0,TRUE
034,2,petal,20,2.6742901753929953,4,133.71450876964977,4,0,TRUE
034,2,fugal,10,0.2908783234230107,4,29.087832342301066,4,0,TRUE
034,2,fugal,15,-0.3905291435096965,4,-26.035276233979765,4,0,TRUE
034,2,fugal,20,0.5738330735994368,4,28.69165367997184,4,0,TRUE
034,3,flashbaseline,NA,0.25564895960586115,8,NA,8,0,TRUE
034,3,petal,10,3.3709278804333023,4,337.0927880433302,4,0,TRUE
034,3,petal,15,4.329221514273975,4,288.614767618265,4,0,TRUE
034,3,petal,20,4.961210227803153,4,248.06051139015764,4,0,TRUE
034,3,fugal,10,-0.8698219206924165,4,-86.98219206924165,4,0,TRUE
034,3,fugal,15,0.3842123916116875,4,25.61415944077917,4,0,TRUE
034,3,fugal,20,-0.8226623296242501,4,-41.133116481212504,4,0,TRUE
034,4,flashbaseline,NA,-0.9669031548122388,8,NA,8,0,TRUE
034,4,petal,10,4.12622012026494,4,412.622012026494,4,0,TRUE
034,4,petal,15,4.580389503974643,4,305.3593002649762,4,0,TRUE
034,4,petal,20,5.608298819666107,4,280.4149409833053,4,0,TRUE
034,4,fugal,10,-0.20945918872751718,4,-20.94591887275172,4,0,TRUE
034,4,fugal,15,-0.7737046557595653,4,-51.58031038397102,4,0,TRUE
034,4,fugal,20,-1.06205590679608,4,-53.102795339804,4,0,TRUE
034,5,flashbaseline,NA,-0.8367005055326563,8,NA,8,0,TRUE
034,5,petal,10,3.998232985579115,4,399.82329855791147,4,0,TRUE
034,5,petal,15,5.155383908055132,4,343.6922605370088,4,0,TRUE
034,5,petal,20,6.041238399326945,4,302.06191996634726,4,0,TRUE
034,5,fugal,10,-1.5212154263944346,4,-152.12154263944348,4,0,TRUE
034,5,fugal,15,-2.281583960341462,4,-152.10559735609746,4,0,TRUE
034,5,fugal,20,-0.7156858044094878,4,-35.78429022047439,4,0,TRUE
034,6,flashbaseline,NA,0.07213234012478886,8,NA,8,0,TRUE
034,6,petal,10,3.7248857881871427,4,372.4885788187143,4,0,TRUE
034,6,petal,15,4.510798480170637,4,300.71989867804245,4,0,TRUE
034,6,petal,20,5.952855927715337,4,297.64279638576687,4,0,TRUE
034,6,fugal,10,-0.6578741878724063,4,-65.78741878724063,4,0,TRUE
034,6,fugal,15,-0.9239126901930448,4,-61.59417934620299,4,0,TRUE
034,6,fugal,20,-2.3298021265256925,4,-116.49010632628462,4,0,TRUE
034,7,flashbaseline,NA,0.06727103449551253,8,NA,8,0,TRUE
034,7,petal,10,4.180650414370922,4,418.06504143709225,4,0,TRUE
034,7,petal,15,4.061647320479812,4,270.7764880319875,4,0,TRUE
034,7,petal,20,5.773413997574735,4,288.6706998787368,4,0,TRUE
034,7,fugal,10,-1.5737474932923121,4,-157.3747493292312,4,0,TRUE
034,7,fugal,15,-1.9386297687332,4,-129.24198458221335,4,0,TRUE
034,7,fugal,20,-1.66940407012237,4,-83.4702035061185,4,0,TRUE
034,8,flashbaseline,NA,-0.02622260037519375,8,NA,8,0,TRUE
034,8,petal,10,3.2642375829485974,4,326.42375829485974,4,0,TRUE
034,8,petal,15,4.551987674551152,4,303.46584497007683,4,0,TRUE
034,8,petal,20,5.035454411829905,4,251.77272059149524,4,0,TRUE
034,8,fugal,10,-0.9569667601425691,4,-95.69667601425691,4,0,TRUE
034,8,fugal,15,-0.3865327594303083,4,-25.76885062868722,4,0,TRUE
034,8,fugal,20,-0.6234224361531953,4,-31.171121807659762,4,0,TRUE
034,9,flashbaseline,NA,0.2927084425827575,8,NA,8,0,TRUE
034,9,petal,10,3.4167728145510097,4,341.67728145510097,4,0,TRUE
034,9,petal,15,5.271180908604875,4,351.4120605736583,4,0,TRUE
034,9,petal,20,5.7985220395568,4,289.92610197783995,4,0,TRUE
034,9,fugal,10,-2.0023437806970765,4,-200.23437806970765,4,0,TRUE
034,9,fugal,15,-1.9654133688148576,4,-131.0275579209905,4,0,TRUE
034,9,fugal,20,-3.406372389745915,4,-170.31861948729573,4,0,TRUE
034,10,flashbaseline,NA,-0.03227391909412136,8,NA,8,0,TRUE
034,10,petal,10,3.3654715185705277,4,336.54715185705277,4,0,TRUE
034,10,petal,15,5.38245788708895,4,358.83052580593,4,0,TRUE
034,10,petal,20,4.58798031810748,4,229.39901590537397,4,0,TRUE
034,10,fugal,10,-0.6992663088709918,4,-69.9266308870992,4,0,TRUE
034,10,fugal,15,-1.3805343706414817,4,-92.03562470943211,4,0,TRUE
034,10,fugal,20,-1.9197568878546387,4,-95.98784439273193,4,0,TRUE
034,11,flashbaseline,NA,0.4913237168699013,8,NA,8,0,TRUE
034,11,petal,10,4.07991532501323,4,407.99153250132304,4,0,TRUE
034,11,petal,15,4.10008377241862,4,273.33891816124134,4,0,TRUE
034,11,petal,20,5.495210924900007,4,274.76054624500034,4,0,TRUE
034,11,fugal,10,-2.138353206303261,4,-213.83532063032612,4,0,TRUE
034,11,fugal,15,-2.3023794849314645,4,-153.49196566209764,4,0,TRUE
034,11,fugal,20,-1.8686804337100569,4,-93.43402168550284,4,0,TRUE
034,12,flashbaseline,NA,-0.06393965132701368,8,NA,8,0,TRUE
034,12,petal,10,2.9042860987898678,4,290.4286098789868,4,0,TRUE
034,12,petal,15,4.06887278396563,4,271.25818559770863,4,0,TRUE
034,12,petal,20,5.248156362119735,4,262.40781810598673,4,0,TRUE
034,12,fugal,10,-1.297386239572796,4,-129.7386239572796,4,0,TRUE
034,12,fugal,15,-1.1512656139097883,4,-76.75104092731922,4,0,TRUE
034,12,fugal,20,-2.2060982091341823,4,-110.30491045670912,4,0,TRUE
035,1,flashbaseline,NA,-0.43244783512500007,8,NA,8,0,TRUE
035,1,petal,10,1.3265919262499999,4,132.65919262499997,4,0,TRUE
035,1,petal,15,0.043680361750000035,4,2.912024116666669,4,0,TRUE
035,1,petal,20,1.12180569825,4,56.090284912499996,4,0,TRUE
035,1,fugal,10,-0.17988016775000004,4,-17.988016775000006,4,0,TRUE
035,1,fugal,15,-3.9356886534999997,4,-262.3792435666666,4,0,TRUE
035,1,fugal,20,-1.41488560675,4,-70.74428033749999,4,0,TRUE
035,2,flashbaseline,NA,-0.3212328927500001,8,NA,8,0,TRUE
035,2,petal,10,0.07783250950000004,4,7.783250950000004,4,0,TRUE
035,2,petal,15,0.185384396,4,12.358959733333334,4,0,TRUE
035,2,petal,20,-0.42595346200000006,4,-21.297673100000004,4,0,TRUE
035,2,fugal,10,-0.10648331750000006,4,-10.648331750000008,4,0,TRUE
035,2,fugal,15,0.73476061625,4,48.98404108333333,4,0,TRUE
035,2,fugal,20,-2.39814479475,4,-119.90723973749999,4,0,TRUE
035,3,flashbaseline,NA,-0.16772567875,8,NA,8,0,TRUE
035,3,petal,10,0.4022920079999999,4,40.22920079999999,4,0,TRUE
035,3,petal,15,2.2610852442500002,4,150.73901628333337,4,0,TRUE
035,3,petal,20,0.9517956509999999,4,47.589782549999995,4,0,TRUE
035,3,fugal,10,-2.8201464055,4,-282.01464055,4,0,TRUE
035,3,fugal,15,-1.1662261335,4,-77.7484089,4,0,TRUE
035,3,fugal,20,-1.16734788625,4,-58.367394312500004,4,0,TRUE
035,4,flashbaseline,NA,1.285497451875,8,NA,8,0,TRUE
035,4,petal,10,0.9642090525,4,96.42090524999999,4,0,TRUE
035,4,petal,15,1.65711904175,4,110.47460278333334,4,0,TRUE
035,4,petal,20,1.362790139,4,68.13950695,4,0,TRUE
035,4,fugal,10,-1.3850543445,4,-138.50543445000002,4,0,TRUE
035,4,fugal,15,-2.1457696029999997,4,-143.05130686666664,4,0,TRUE
035,4,fugal,20,-4.246866193,4,-212.34330964999998,4,0,TRUE
035,5,flashbaseline,NA,-0.08738291537500009,8,NA,8,0,TRUE
035,5,petal,10,1.37095534525,4,137.095534525,4,0,TRUE
035,5,petal,15,2.19118846875,4,146.07923125,4,0,TRUE
035,5,petal,20,1.93743194425,4,96.8715972125,4,0,TRUE
035,5,fugal,10,-1.82286601975,4,-182.286601975,4,0,TRUE
035,5,fugal,15,-3.8620573722500002,4,-257.4704914833333,4,0,TRUE
035,5,fugal,20,-4.395941735,4,-219.79708675,4,0,TRUE
035,6,flashbaseline,NA,-0.047451769624999994,8,NA,8,0,TRUE
035,6,petal,10,0.9029242642500002,4,90.29242642500002,4,0,TRUE
035,6,petal,15,1.1565460394999998,4,77.10306929999997,4,0,TRUE
035,6,petal,20,1.355802377,4,67.79011885,4,0,TRUE
035,6,fugal,10,-3.1680801445,4,-316.80801445000003,4,0,TRUE
035,6,fugal,15,-2.8166631777499997,4,-187.7775451833333,4,0,TRUE
035,6,fugal,20,-2.80465197325,4,-140.23259866249998,4,0,TRUE
035,7,flashbaseline,NA,-0.341891916375,8,NA,8,0,TRUE
035,7,petal,10,0.6217286085,4,62.17286085,4,0,TRUE
035,7,petal,15,0.27341716150000006,4,18.22781076666667,4,0,TRUE
035,7,petal,20,1.0271960195,4,51.359800975,4,0,TRUE
035,7,fugal,10,-1.222443095,4,-122.24430950000001,4,0,TRUE
035,7,fugal,15,-3.9157618870000004,4,-261.0507924666667,4,0,TRUE
035,7,fugal,20,-4.70402960425,4,-235.20148021249997,4,0,TRUE
035,8,flashbaseline,NA,-0.47095320050000006,8,NA,8,0,TRUE
035,8,petal,10,1.22866995375,4,122.86699537500002,4,0,TRUE
035,8,petal,15,1.937553899,4,129.17025993333334,4,0,TRUE
035,8,petal,20,1.3993573655000002,4,69.96786827500001,4,0,TRUE
035,8,fugal,10,-2.87556014975,4,-287.556014975,4,0,TRUE
035,8,fugal,15,-3.2315285439999997,4,-215.43523626666664,4,0,TRUE
035,8,fugal,20,-3.556733436,4,-177.8366718,4,0,TRUE
035,9,flashbaseline,NA,0.3901407095,8,NA,8,0,TRUE
035,9,petal,10,1.9655966462499999,4,196.55966462499998,4,0,TRUE
035,9,petal,15,3.09644737625,4,206.42982508333333,4,0,TRUE
035,9,petal,20,-0.8394181144999999,4,-41.970905724999994,4,0,TRUE
035,9,fugal,10,-4.8256473005,4,-482.56473005,4,0,TRUE
035,9,fugal,15,-2.48506826975,4,-165.67121798333335,4,0,TRUE
035,9,fugal,20,-3.87118849275,4,-193.5594246375,4,0,TRUE
035,10,flashbaseline,NA,0.2638022344999999,8,NA,8,0,TRUE
035,10,petal,10,1.19212820675,4,119.21282067500002,4,0,TRUE
035,10,petal,15,1.51678648525,4,101.11909901666665,4,0,TRUE
035,10,petal,20,2.208333967,4,110.41669835,4,0,TRUE
035,10,fugal,10,-2.85745824475,4,-285.745824475,4,0,TRUE
035,10,fugal,15,-4.0925340145,4,-272.8356009666667,4,0,TRUE
035,10,fugal,20,-1.94413127775,4,-97.2065638875,4,0,TRUE
035,11,flashbaseline,NA,0.64860311425,8,NA,8,0,TRUE
035,11,petal,10,2.29185929025,4,229.185929025,4,0,TRUE
035,11,petal,15,0.5350242934999999,4,35.668286233333326,4,0,TRUE
035,11,petal,20,2.07683159275,4,103.8415796375,4,0,TRUE
035,11,fugal,10,-3.298932602,4,-329.8932602,4,0,TRUE
035,11,fugal,15,-4.070619344,4,-271.3746229333333,4,0,TRUE
035,11,fugal,20,-3.89033608125,4,-194.5168040625,4,0,TRUE
035,12,flashbaseline,NA,0.328038632125,8,NA,8,0,TRUE
035,12,petal,10,0.02790933149999996,4,2.7909331499999963,4,0,TRUE
035,12,petal,15,-1.14412047725,4,-76.27469848333334,4,0,TRUE
035,12,petal,20,1.9948148702500001,4,99.7407435125,4,0,TRUE
035,12,fugal,10,-1.309561604,4,-130.9561604,4,0,TRUE
035,12,fugal,15,-3.131946628,4,-208.79644186666667,4,0,TRUE
035,12,fugal,20,-4.82667798725,4,-241.3338993625,4,0,TRUE
036,1,flashbaseline,NA,-0.5648272502559306,8,NA,8,0,TRUE
036,1,petal,10,1.7010361831528993,4,170.1036183152899,4,0,TRUE
036,1,petal,15,2.0013405396386634,4,133.42270264257755,4,0,TRUE
036,1,petal,20,0.7715162235785225,4,38.575811178926124,4,0,TRUE
036,1,fugal,10,-0.4718952355232798,4,-47.18952355232798,4,0,TRUE
036,1,fugal,15,-0.21302344493706218,4,-14.201562995804144,4,0,TRUE
036,1,fugal,20,0.5864661593428853,4,29.323307967144263,4,0,TRUE
036,2,flashbaseline,NA,0.583803032244737,8,NA,8,0,TRUE
036,2,petal,10,2.828344832992545,4,282.83448329925454,4,0,TRUE
036,2,petal,15,2.0308141394972177,4,135.3876092998145,4,0,TRUE
036,2,petal,20,2.287459396699296,4,114.3729698349648,4,0,TRUE
036,2,fugal,10,-0.5760326948522534,4,-57.60326948522534,4,0,TRUE
036,2,fugal,15,-0.25599587214021496,4,-17.06639147601433,4,0,TRUE
036,2,fugal,20,-0.005781353748757545,4,-0.28906768743787725,4,0,TRUE
036,3,flashbaseline,NA,-0.15305871325763892,8,NA,8,0,TRUE
036,3,petal,10,1.613541937116012,4,161.3541937116012,4,0,TRUE
036,3,petal,15,2.571189949359299,4,171.41266329061995,4,0,TRUE
036,3,petal,20,3.040905813101206,4,152.04529065506028,4,0,TRUE
036,3,fugal,10,-1.521861266429151,4,-152.18612664291513,4,0,TRUE
036,3,fugal,15,0.07986929020085592,4,5.324619346723728,4,0,TRUE
036,3,fugal,20,0.41070626517462483,4,20.53531325873124,4,0,TRUE
036,4,flashbaseline,NA,-0.34244998370505475,8,NA,8,0,TRUE
036,4,petal,10,1.2904997639253706,4,129.04997639253708,4,0,TRUE
036,4,petal,15,2.73198331411754,4,182.13222094116935,4,0,TRUE
036,4,petal,20,2.81773170343719,4,140.8865851718595,4,0,TRUE
036,4,fugal,10,-0.763215384949073,4,-76.3215384949073,4,0,TRUE
036,4,fugal,15,-1.3703295967824012,4,-91.35530645216008,4,0,TRUE
036,4,fugal,20,-1.8700689860302395,4,-93.50344930151196,4,0,TRUE
036,5,flashbaseline,NA,-0.30077968265445015,8,NA,8,0,TRUE
036,5,petal,10,1.589143080120484,4,158.9143080120484,4,0,TRUE
036,5,petal,15,3.4116856629003376,4,227.4457108600225,4,0,TRUE
036,5,petal,20,2.3259257260267554,4,116.29628630133777,4,0,TRUE
036,5,fugal,10,0.3058185764916225,4,30.58185764916225,4,0,TRUE
036,5,fugal,15,-0.22276485635321347,4,-14.850990423547564,4,0,TRUE
036,5,fugal,20,0.4944734780160701,4,24.723673900803508,4,0,TRUE
036,6,flashbaseline,NA,-1.807423803052822,8,NA,8,0,TRUE
036,6,petal,10,1.7415413640048267,4,174.15413640048266,4,0,TRUE
036,6,petal,15,3.0183440313254994,4,201.22293542169996,4,0,TRUE
036,6,petal,20,1.8549613957290778,4,92.7480697864539,4,0,TRUE
036,6,fugal,10,-1.0403991295913675,4,-104.03991295913676,4,0,TRUE
036,6,fugal,15,-0.9520673083642228,4,-63.471153890948194,4,0,TRUE
036,6,fugal,20,-0.2814167273473001,4,-14.070836367365006,4,0,TRUE
036,7,flashbaseline,NA,-0.44056868373542735,8,NA,8,0,TRUE
036,7,petal,10,1.7984815858687575,4,179.84815858687574,4,0,TRUE
036,7,petal,15,3.9569474031041074,4,263.79649354027384,4,0,TRUE
036,7,petal,20,2.5026802359027465,4,125.13401179513734,4,0,TRUE
036,7,fugal,10,-0.6679403139210078,4,-66.79403139210079,4,0,TRUE
036,7,fugal,15,0.3776811117220083,4,25.17874078146722,4,0,TRUE
036,7,fugal,20,-0.646790670250931,4,-32.33953351254655,4,0,TRUE
036,8,flashbaseline,NA,-0.40164389978709514,8,NA,8,0,TRUE
036,8,petal,10,1.6067093077763617,4,160.67093077763616,4,0,TRUE
036,8,petal,15,2.374794570226885,4,158.31963801512566,4,0,TRUE
036,8,petal,20,2.9465588620670573,4,147.32794310335288,4,0,TRUE
036,8,fugal,10,-0.6162220253062032,4,-61.62220253062032,4,0,TRUE
036,8,fugal,15,-0.4296774881927411,4,-28.645165879516075,4,0,TRUE
036,8,fugal,20,-0.9337629182689063,4,-46.68814591344532,4,0,TRUE
036,9,flashbaseline,NA,0.18984797974851883,8,NA,8,0,TRUE
036,9,petal,10,3.09287410752453,4,309.28741075245296,4,0,TRUE
036,9,petal,15,2.604429551710083,4,173.6286367806722,4,0,TRUE
036,9,petal,20,2.57380625060817,4,128.6903125304085,4,0,TRUE
036,9,fugal,10,-0.17438967062713429,4,-17.438967062713427,4,0,TRUE
036,9,fugal,15,0.03385705022582031,4,2.2571366817213536,4,0,TRUE
036,9,fugal,20,-1.6036804673965201,4,-80.18402336982601,4,0,TRUE
036,10,flashbaseline,NA,0.0570116475113821,8,NA,8,0,TRUE
036,10,petal,10,1.8834068945279345,4,188.34068945279344,4,0,TRUE
036,10,petal,15,3.3243744205915053,4,221.62496137276702,4,0,TRUE
036,10,petal,20,2.995849279502675,4,149.79246397513373,4,0,TRUE
036,10,fugal,10,-1.1078330931462395,4,-110.78330931462395,4,0,TRUE
036,10,fugal,15,-0.69343759508816,4,-46.229173005877335,4,0,TRUE
036,10,fugal,20,1.2561214480749536,4,62.80607240374768,4,0,TRUE
036,11,flashbaseline,NA,0.2223733493179026,8,NA,8,0,TRUE
036,11,petal,10,3.15388394112193,4,315.388394112193,4,0,TRUE
036,11,petal,15,1.6703655955176908,4,111.35770636784606,4,0,TRUE
036,11,petal,20,2.748779162543353,4,137.43895812716764,4,0,TRUE
036,11,fugal,10,-1.5356284285333759,4,-153.5628428533376,4,0,TRUE
036,11,fugal,15,-1.7816331696701821,4,-118.7755446446788,4,0,TRUE
036,11,fugal,20,-0.9398887617457321,4,-46.99443808728661,4,0,TRUE
036,12,flashbaseline,NA,-0.15437381988611126,8,NA,8,0,TRUE
036,12,petal,10,2.2241528782818927,4,222.41528782818926,4,0,TRUE
036,12,petal,15,1.7499689473599016,4,116.6645964906601,4,0,TRUE
036,12,petal,20,2.88274666129615,4,144.1373330648075,4,0,TRUE
036,12,fugal,10,0.2221248049939228,4,22.212480499392278,4,0,TRUE
036,12,fugal,15,0.3245717989905119,4,21.638119932700796,4,0,TRUE
036,12,fugal,20,0.5356804671588205,4,26.78402335794102,4,0,TRUE
037,1,flashbaseline,NA,-0.4260472667720935,8,NA,8,0,TRUE
037,1,petal,10,3.435823007822415,4,343.5823007822415,4,0,TRUE
037,1,petal,15,3.862098205765785,4,257.473213717719,4,0,TRUE
037,1,petal,20,4.134894526654692,4,206.74472633273461,4,0,TRUE
037,1,fugal,10,-0.23500166183787935,4,-23.500166183787936,4,0,TRUE
037,1,fugal,15,-2.7004091181484453,4,-180.0272745432297,4,0,TRUE
037,1,fugal,20,-1.04793604807998,4,-52.396802403999,4,0,TRUE
037,2,flashbaseline,NA,0.00892464661371506,8,NA,8,0,TRUE
037,2,petal,10,3.7522735391524424,4,375.22735391524424,4,0,TRUE
037,2,petal,15,4.1651855902544455,4,277.67903935029636,4,0,TRUE
037,2,petal,20,4.5146165149379875,4,225.73082574689937,4,0,TRUE
037,2,fugal,10,-1.0434150818349355,4,-104.34150818349356,4,0,TRUE
037,2,fugal,15,-1.6724684884132928,4,-111.49789922755285,4,0,TRUE
037,2,fugal,20,-0.9739182142859375,4,-48.69591071429687,4,0,TRUE
037,3,flashbaseline,NA,-0.5656446151378448,8,NA,8,0,TRUE
037,3,petal,10,2.955485815133685,4,295.5485815133685,4,0,TRUE
037,3,petal,15,3.468460187957705,4,231.23067919718034,4,0,TRUE
037,3,petal,20,4.159969449590273,4,207.99847247951365,4,0,TRUE
037,3,fugal,10,-0.9535050809629947,4,-95.35050809629946,4,0,TRUE
037,3,fugal,15,-1.2717736017543477,4,-84.78490678362319,4,0,TRUE
037,3,fugal,20,-0.24478034207114446,4,-12.239017103557224,4,0,TRUE
037,4,flashbaseline,NA,0.805861201894987,8,NA,8,0,TRUE
037,4,petal,10,3.1832832449137776,4,318.32832449137777,4,0,TRUE
037,4,petal,15,3.9452909632490503,4,263.0193975499367,4,0,TRUE
037,4,petal,20,3.6919858694744754,4,184.59929347372378,4,0,TRUE
037,4,fugal,10,-1.3790157856871625,4,-137.90157856871627,4,0,TRUE
037,4,fugal,15,-1.456480668413635,4,-97.09871122757568,4,0,TRUE
037,4,fugal,20,-0.40884610476515376,4,-20.44230523825769,4,0,TRUE
037,5,flashbaseline,NA,0.8096256512644291,8,NA,8,0,TRUE
037,5,petal,10,3.4152882415217727,4,341.52882415217726,4,0,TRUE
037,5,petal,15,3.7624638980974,4,250.83092653982663,4,0,TRUE
037,5,petal,20,4.7851583234588775,4,239.25791617294388,4,0,TRUE
037,5,fugal,10,-0.9844700209453618,4,-98.44700209453619,4,0,TRUE
037,5,fugal,15,-0.9860261287164337,4,-65.73507524776224,4,0,TRUE
037,5,fugal,20,-0.04849715332697152,4,-2.424857666348576,4,0,TRUE
037,6,flashbaseline,NA,-0.4610942084756718,8,NA,8,0,TRUE
037,6,petal,10,2.5047905002583324,4,250.47905002583326,4,0,TRUE
037,6,petal,15,3.241082209393385,4,216.0721472928923,4,0,TRUE
037,6,petal,20,3.65686352574197,4,182.84317628709852,4,0,TRUE
037,6,fugal,10,-0.583294052384422,4,-58.3294052384422,4,0,TRUE
037,6,fugal,15,-0.27596304511046243,4,-18.397536340697496,4,0,TRUE
037,6,fugal,20,-0.5031868718303716,4,-25.159343591518578,4,0,TRUE
037,7,flashbaseline,NA,0.00947287633048366,8,NA,8,0,TRUE
037,7,petal,10,3.2235403252752928,4,322.3540325275292,4,0,TRUE
037,7,petal,15,3.1984309127062076,4,213.22872751374717,4,0,TRUE
037,7,petal,20,3.25762742564886,4,162.881371282443,4,0,TRUE
037,7,fugal,10,-2.076485910324808,4,-207.6485910324808,4,0,TRUE
037,7,fugal,15,-0.38479263045035206,4,-25.65284203002347,4,0,TRUE
037,7,fugal,20,-1.800872026291655,4,-90.04360131458274,4,0,TRUE
037,8,flashbaseline,NA,-0.037813955296030266,8,NA,8,0,TRUE
037,8,petal,10,3.4501021704496972,4,345.0102170449697,4,0,TRUE
037,8,petal,15,4.062900940571055,4,270.860062704737,4,0,TRUE
037,8,petal,20,3.6028234448797773,4,180.14117224398888,4,0,TRUE
037,8,fugal,10,-1.6040569877161932,4,-160.4056987716193,4,0,TRUE
037,8,fugal,15,-0.07804054448559472,4,-5.202702965706314,4,0,TRUE
037,8,fugal,20,-0.9104095959698713,4,-45.52047979849357,4,0,TRUE
037,9,flashbaseline,NA,-0.07227088080039151,8,NA,8,0,TRUE
037,9,petal,10,2.9880242486206776,4,298.80242486206777,4,0,TRUE
037,9,petal,15,2.530575851679289,4,168.70505677861928,4,0,TRUE
037,9,petal,20,3.73875525726419,4,186.93776286320949,4,0,TRUE
037,9,fugal,10,0.011326300171807052,4,1.132630017180705,4,0,TRUE
037,9,fugal,15,-0.5304086752909543,4,-35.360578352730286,4,0,TRUE
037,9,fugal,20,-0.6846676910003335,4,-34.23338455001668,4,0,TRUE
037,10,flashbaseline,NA,-0.010718128781462166,8,NA,8,0,TRUE
037,10,petal,10,2.610032210499055,4,261.00322104990545,4,0,TRUE
037,10,petal,15,2.645891617226445,4,176.39277448176298,4,0,TRUE
037,10,petal,20,3.8886070610641252,4,194.43035305320626,4,0,TRUE
037,10,fugal,10,-0.6815549245069865,4,-68.15549245069866,4,0,TRUE
037,10,fugal,15,1.0144677227326926,4,67.63118151551284,4,0,TRUE
037,10,fugal,20,-0.7768809546171043,4,-38.844047730855216,4,0,TRUE
037,11,flashbaseline,NA,-0.6219903363293784,8,NA,8,0,TRUE
037,11,petal,10,1.8463127932538226,4,184.63127932538225,4,0,TRUE
037,11,petal,15,3.8865960749676103,4,259.1064049978407,4,0,TRUE
037,11,petal,20,2.055809254705065,4,102.79046273525324,4,0,TRUE
037,11,fugal,10,-0.37699931113445506,4,-37.69993111344551,4,0,TRUE
037,11,fugal,15,-0.2984223981638233,4,-19.89482654425489,4,0,TRUE
037,11,fugal,20,-0.6058281828440997,4,-30.291409142204984,4,0,TRUE
037,12,flashbaseline,NA,-0.4888975823241283,8,NA,8,0,TRUE
037,12,petal,10,2.7325666848884476,4,273.25666848884475,4,0,TRUE
037,12,petal,15,2.8272076164023874,4,188.48050776015916,4,0,TRUE
037,12,petal,20,4.390006595043688,4,219.5003297521844,4,0,TRUE
037,12,fugal,10,-1.0215422537840997,4,-102.15422537840998,4,0,TRUE
037,12,fugal,15,-0.8859982431597843,4,-59.066549543985616,4,0,TRUE
037,12,fugal,20,-2.4091819999824584,4,-120.45909999912293,4,0,TRUE
038,1,flashbaseline,NA,-0.1857643365758968,8,NA,8,0,TRUE
038,1,petal,10,3.4169985444813253,4,341.69985444813256,4,0,TRUE
038,1,petal,15,1.983854852108609,4,132.25699014057392,4,0,TRUE
038,1,petal,20,4.548712843691675,4,227.43564218458374,4,0,TRUE
038,1,fugal,10,0.18881997180018228,4,18.881997180018228,4,0,TRUE
038,1,fugal,15,-1.0989973731075091,4,-73.26649154050061,4,0,TRUE
038,1,fugal,20,0.01193042429352002,3,0.5965212146760009,4,1,FALSE
038,2,flashbaseline,NA,-0.6071394403600394,8,NA,8,0,TRUE
038,2,petal,10,1.9707642028633274,4,197.07642028633273,4,0,TRUE
038,2,petal,15,2.9468503276202,4,196.45668850801331,4,0,TRUE
038,2,petal,20,4.927481586068315,4,246.37407930341575,4,0,TRUE
038,2,fugal,10,-1.16866816011783,4,-116.86681601178299,4,0,TRUE
038,2,fugal,15,0.4920160018177234,4,32.80106678784823,4,0,TRUE
038,2,fugal,20,0.680855591200948,4,34.0427795600474,4,0,TRUE
038,3,flashbaseline,NA,0.4083246222541015,8,NA,8,0,TRUE
038,3,petal,10,2.413249856975995,4,241.3249856975995,4,0,TRUE
038,3,petal,15,2.4524378605459622,4,163.49585736973083,4,0,TRUE
038,3,petal,20,2.3792591619816825,4,118.96295809908412,4,0,TRUE
038,3,fugal,10,-0.37730050599786247,4,-37.73005059978625,4,0,TRUE
038,3,fugal,15,-1.740753008006224,4,-116.05020053374827,4,0,TRUE
038,3,fugal,20,-1.0818524218798065,4,-54.092621093990324,4,0,TRUE
038,4,flashbaseline,NA,-0.5856021657325967,8,NA,8,0,TRUE
038,4,petal,10,2.837658855766695,4,283.76588557666946,4,0,TRUE
038,4,petal,15,5.564019623519167,4,370.9346415679445,4,0,TRUE
038,4,petal,20,4.94026311272583,4,247.01315563629151,4,0,TRUE
038,4,fugal,10,-1.4010566690734303,4,-140.10566690734302,4,0,TRUE
038,4,fugal,15,1.4288270556941014,4,95.25513704627343,4,0,TRUE
038,4,fugal,20,0.6207372338602664,4,31.036861693013318,4,0,TRUE
038,5,flashbaseline,NA,-0.685324468162013,8,NA,8,0,TRUE
038,5,petal,10,2.96989339133687,4,296.989339133687,4,0,TRUE
038,5,petal,15,4.743381208531575,4,316.225413902105,4,0,TRUE
038,5,petal,20,3.966633001188417,4,198.33165005942087,4,0,TRUE
038,5,fugal,10,0.047470128712265275,4,4.747012871226528,4,0,TRUE
038,5,fugal,15,1.069571249934635,4,71.30474999564234,4,0,TRUE
038,5,fugal,20,2.0041304927328025,4,100.20652463664013,4,0,TRUE
038,6,flashbaseline,NA,0.03309293371017907,8,NA,8,0,TRUE
038,6,petal,10,3.5021533186609526,4,350.21533186609526,4,0,TRUE
038,6,petal,15,4.389299182800127,4,292.61994552000846,4,0,TRUE
038,6,petal,20,3.459970131285015,4,172.99850656425076,4,0,TRUE
038,6,fugal,10,-0.4801594774756642,4,-48.015947747566415,4,0,TRUE
038,6,fugal,15,0.6389063166283386,4,42.593754441889246,4,0,TRUE
038,6,fugal,20,0.504792657467783,4,25.23963287338915,4,0,TRUE
038,7,flashbaseline,NA,-0.39752297601875364,8,NA,8,0,TRUE
038,7,petal,10,3.4828218069281425,4,348.2821806928142,4,0,TRUE
038,7,petal,15,3.2757964395727774,4,218.38642930485184,4,0,TRUE
038,7,petal,20,5.722735624339543,4,286.13678121697717,4,0,TRUE
038,7,fugal,10,-0.8426114301487707,4,-84.26114301487706,4,0,TRUE
038,7,fugal,15,0.06846838654961333,3,4.564559103307555,4,1,FALSE
038,7,fugal,20,0.74049105346529,4,37.0245526732645,4,0,TRUE
038,8,flashbaseline,NA,0.7283049098855892,8,NA,8,0,TRUE
038,8,petal,10,2.9628124528026776,4,296.2812452802678,4,0,TRUE
038,8,petal,15,4.439411845409477,4,295.9607896939652,4,0,TRUE
038,8,petal,20,6.259592474972145,4,312.9796237486072,4,0,TRUE
038,8,fugal,10,-0.27235328874302334,4,-27.235328874302336,4,0,TRUE
038,8,fugal,15,-1.0749732284453364,4,-71.66488189635575,4,0,TRUE
038,8,fugal,20,2.05266352045347,4,102.6331760226735,4,0,TRUE
038,9,flashbaseline,NA,0.09514571278125789,8,NA,8,0,TRUE
038,9,petal,10,3.4263392596956033,3,342.6339259695603,4,1,FALSE
038,9,petal,15,3.8031091081775523,4,253.5406072118368,4,0,TRUE
038,9,petal,20,5.464187887570015,4,273.20939437850075,4,0,TRUE
038,9,fugal,10,-0.9387051712916951,4,-93.87051712916951,4,0,TRUE
038,9,fugal,15,0.7537611989769328,4,50.250746598462186,4,0,TRUE
038,9,fugal,20,-0.77733711255967,4,-38.8668556279835,4,0,TRUE
038,10,flashbaseline,NA,-0.19592777900783276,8,NA,8,0,TRUE
038,10,petal,10,4.128841376149013,4,412.8841376149013,4,0,TRUE
038,10,petal,15,4.947564044535768,4,329.8376029690512,4,0,TRUE
038,10,petal,20,6.31879321244007,4,315.93966062200354,4,0,TRUE
038,10,fugal,10,0.36074522251663865,4,36.074522251663865,4,0,TRUE
038,10,fugal,15,1.3399447362302626,4,89.3296490820175,4,0,TRUE
038,10,fugal,20,1.559649414930698,4,77.9824707465349,4,0,TRUE
038,11,flashbaseline,NA,0.08187686945277506,8,NA,8,0,TRUE
038,11,petal,10,4.620414363060893,4,462.0414363060893,4,0,TRUE
038,11,petal,15,4.504765764228912,4,300.31771761526085,4,0,TRUE
038,11,petal,20,5.97250932222183,4,298.62546611109155,4,0,TRUE
038,11,fugal,10,-0.06822412389525545,4,-6.822412389525545,4,0,TRUE
038,11,fugal,15,0.716221460103868,4,47.748097340257864,4,0,TRUE
038,11,fugal,20,-0.24914613818489798,4,-12.457306909244899,4,0,TRUE
038,12,flashbaseline,NA,-0.14220874634194258,8,NA,8,0,TRUE
038,12,petal,10,4.0858365590185874,4,408.5836559018587,4,0,TRUE
038,12,petal,15,5.713245794339407,4,380.88305295596047,4,0,TRUE
038,12,petal,20,5.707340467356315,4,285.3670233678157,4,0,TRUE
038,12,fugal,10,-0.9870523890875919,4,-98.70523890875918,4,0,TRUE
038,12,fugal,15,-0.024863752773543635,4,-1.6575835182362424,4,0,TRUE
038,12,fugal,20,0.8173245540869544,4,40.866227704347715,4,0,TRUE
039,1,flashbaseline,NA,-0.2864239598839805,8,NA,8,0,TRUE
039,1,petal,10,2.7409465614723585,4,274.0946561472358,4,0,TRUE
039,1,petal,15,0.4570404806256202,4,30.469365375041345,4,0,TRUE
039,1,petal,20,-0.011093963203639007,4,-0.5546981601819503,4,0,TRUE
039,1,fugal,10,0.5095697983572428,4,50.95697983572428,4,0,TRUE
039,1,fugal,15,0.1498795035959803,4,9.991966906398687,4,0,TRUE
039,1,fugal,20,0.2061760462698467,4,10.308802313492334,4,0,TRUE
039,2,flashbaseline,NA,-0.5265497734852208,8,NA,8,0,TRUE
039,2,petal,10,0.4566520721784493,4,45.66520721784493,4,0,TRUE
039,2,petal,15,2.4668899880156325,4,164.4593325343755,4,0,TRUE
039,2,petal,20,2.3659071586862677,4,118.29535793431339,4,0,TRUE
039,2,fugal,10,0.05245235064341724,4,5.245235064341724,4,0,TRUE
039,2,fugal,15,1.2439555353126965,3,82.93036902084644,4,1,FALSE
039,2,fugal,20,1.1301155932861748,4,56.50577966430874,4,0,TRUE
039,3,flashbaseline,NA,0.45551771870345925,8,NA,8,0,TRUE
039,3,petal,10,2.786878861431683,4,278.6878861431683,4,0,TRUE
039,3,petal,15,4.153560126617185,4,276.90400844114566,4,0,TRUE
039,3,petal,20,3.6178172001542865,4,180.8908600077143,4,0,TRUE
039,3,fugal,10,-0.7757657447362598,4,-77.57657447362598,4,0,TRUE
039,3,fugal,15,-0.58296522024968,3,-38.86434801664533,4,1,FALSE
039,3,fugal,20,0.9104482866428527,4,45.52241433214264,4,0,TRUE
039,4,flashbaseline,NA,-0.5557932369417328,8,NA,8,0,TRUE
039,4,petal,10,2.441322097767455,4,244.1322097767455,4,0,TRUE
039,4,petal,15,2.419911585077043,4,161.32743900513623,4,0,TRUE
039,4,petal,20,2.096978684992854,4,104.8489342496427,4,0,TRUE
039,4,fugal,10,-0.5898767605046897,4,-58.98767605046897,4,0,TRUE
039,4,fugal,15,-0.08311192043745648,4,-5.540794695830432,4,0,TRUE
039,4,fugal,20,-1.4426408673609976,4,-72.13204336804988,4,0,TRUE
039,5,flashbaseline,NA,0.1704310682104971,8,NA,8,0,TRUE
039,5,petal,10,3.664421331966985,4,366.4421331966985,4,0,TRUE
039,5,petal,15,1.998857135988552,4,133.2571423992368,4,0,TRUE
039,5,petal,20,3.2852573773606846,4,164.26286886803425,4,0,TRUE
039,5,fugal,10,0.31807160574510174,3,31.807160574510178,4,1,FALSE
039,5,fugal,15,0.5064310664881572,3,33.76207109921048,4,1,FALSE
039,5,fugal,20,-0.6289383652093721,3,-31.446918260468603,4,1,FALSE
039,6,flashbaseline,NA,0.25952644811583125,8,NA,8,0,TRUE
039,6,petal,10,3.302427266667545,4,330.24272666675455,4,0,TRUE
039,6,petal,15,1.2480385337357651,4,83.20256891571768,4,0,TRUE
039,6,petal,20,4.053476594282487,4,202.67382971412434,4,0,TRUE
039,6,fugal,10,0.19554054639939766,4,19.554054639939764,4,0,TRUE
039,6,fugal,15,0.05484151387856495,4,3.6561009252376637,4,0,TRUE
039,6,fugal,20,0.15513421276844197,4,7.756710638422098,4,0,TRUE
039,7,flashbaseline,NA,0.002091954764777637,8,NA,8,0,TRUE
039,7,petal,10,1.6404381176590168,4,164.0438117659017,4,0,TRUE
039,7,petal,15,2.43691234704992,4,162.46082313666133,4,0,TRUE
039,7,petal,20,1.9037240851025454,4,95.18620425512728,4,0,TRUE
039,7,fugal,10,0.24524296895381525,4,24.52429689538153,4,0,TRUE
039,7,fugal,15,-1.1826489890695875,4,-78.8432659379725,4,0,TRUE
039,7,fugal,20,0.19617748270875435,4,9.808874135437717,4,0,TRUE
039,8,flashbaseline,NA,0.16719669627150524,8,NA,8,0,TRUE
039,8,petal,10,3.874968697624765,4,387.4968697624765,4,0,TRUE
039,8,petal,15,1.4142029597596637,4,94.28019731731091,4,0,TRUE
039,8,petal,20,3.1258042562606247,3,156.29021281303125,4,1,FALSE
039,8,fugal,10,2.6268749386571733,3,262.68749386571733,4,1,FALSE
039,8,fugal,15,0.2100810707542777,3,14.005404716951848,4,1,FALSE
039,8,fugal,20,-1.1202480759560167,3,-56.012403797800836,4,1,FALSE
039,9,flashbaseline,NA,-0.1583380061151876,8,NA,8,0,TRUE
039,9,petal,10,2.5873578601040075,3,258.7357860104008,4,1,FALSE
039,9,petal,15,2.488881485754561,4,165.9254323836374,4,0,TRUE
039,9,petal,20,2.474406765016327,4,123.72033825081634,4,0,TRUE
039,9,fugal,10,-0.6287969890474773,3,-62.879698904747734,4,1,FALSE
039,9,fugal,15,-1.4677333846756766,3,-97.84889231171178,4,1,FALSE
039,9,fugal,20,-0.004900488896574573,4,-0.24502444482872865,4,0,TRUE
039,10,flashbaseline,NA,0.5960809147871187,8,NA,8,0,TRUE
039,10,petal,10,1.2407735496843553,4,124.07735496843553,4,0,TRUE
039,10,petal,15,2.4851165390848657,4,165.67443593899105,4,0,TRUE
039,10,petal,20,2.108003933305785,4,105.40019666528926,4,0,TRUE
039,10,fugal,10,-1.511277098379216,4,-151.12770983792163,4,0,TRUE
039,10,fugal,15,-0.9682450412059282,4,-64.54966941372855,4,0,TRUE
039,10,fugal,20,-0.7230250775006902,4,-36.15125387503451,4,0,TRUE
039,11,flashbaseline,NA,-2.221170314545353,8,NA,8,0,TRUE
039,11,petal,10,3.6880467230751828,4,368.8046723075183,4,0,TRUE
039,11,petal,15,3.163545439208568,4,210.9030292805712,4,0,TRUE
039,11,petal,20,3.527860578459285,4,176.39302892296425,4,0,TRUE
039,11,fugal,10,0.262851458691259,4,26.2851458691259,4,0,TRUE
039,11,fugal,15,0.6401275337388126,4,42.675168915920835,4,0,TRUE
039,11,fugal,20,0.9647669881692928,4,48.23834940846464,4,0,TRUE
039,12,flashbaseline,NA,-0.6532263971787864,8,NA,8,0,TRUE
039,12,petal,10,3.2111180947546774,4,321.11180947546774,4,0,TRUE
039,12,petal,15,3.697370162969165,4,246.49134419794433,4,0,TRUE
039,12,petal,20,3.633605454403617,4,181.68027272018085,4,0,TRUE
039,12,fugal,10,-0.12755038464970414,4,-12.755038464970415,4,0,TRUE
039,12,fugal,15,-0.28218392968474193,4,-18.812261978982793,4,0,TRUE
039,12,fugal,20,-1.059993451363124,4,-52.9996725681562,4,0,TRUE
040,1,flashbaseline,NA,-0.5436926160080078,8,NA,8,0,TRUE
040,1,petal,10,0.7595630609800245,4,75.95630609800244,4,0,TRUE
040,1,petal,15,2.01116640795814,4,134.07776053054266,4,0,TRUE
040,1,petal,20,1.9573357700037288,4,97.86678850018644,4,0,TRUE
040,1,fugal,10,0.3472586276983925,4,34.72586276983925,4,0,TRUE
040,1,fugal,15,0.04963648667942122,4,3.3090991119614146,4,0,TRUE
040,1,fugal,20,1.5142731265773741,4,75.7136563288687,4,0,TRUE
040,2,flashbaseline,NA,0.010600830328956118,8,NA,8,0,TRUE
040,2,petal,10,0.9571190383879528,4,95.71190383879527,4,0,TRUE
040,2,petal,15,0.9286626126414473,4,61.91084084276315,4,0,TRUE
040,2,petal,20,2.6830095162613152,4,134.15047581306578,4,0,TRUE
040,2,fugal,10,1.0534923312146498,4,105.34923312146498,4,0,TRUE
040,2,fugal,15,0.7375279529759868,4,49.168530198399125,4,0,TRUE
040,2,fugal,20,0.9126393780783617,4,45.631968903918086,4,0,TRUE
040,3,flashbaseline,NA,-0.09459356802948675,8,NA,8,0,TRUE
040,3,petal,10,0.4332556966139277,4,43.32556966139277,4,0,TRUE
040,3,petal,15,1.3981129490771662,4,93.20752993847775,4,0,TRUE
040,3,petal,20,2.9269633136767252,4,146.34816568383627,4,0,TRUE
040,3,fugal,10,0.7101166170779267,4,71.01166170779267,4,0,TRUE
040,3,fugal,15,1.7185737849477607,4,114.57158566318405,4,0,TRUE
040,3,fugal,20,1.044963881746496,4,52.2481940873248,4,0,TRUE
040,4,flashbaseline,NA,-0.4450220116094258,8,NA,8,0,TRUE
040,4,petal,10,0.6623166071932862,4,66.23166071932862,4,0,TRUE
040,4,petal,15,0.5170140307330817,4,34.467602048872116,4,0,TRUE
040,4,petal,20,1.3903797630336983,4,69.51898815168492,4,0,TRUE
040,4,fugal,10,1.6283189363375907,4,162.83189363375908,4,0,TRUE
040,4,fugal,15,0.09318788813588103,4,6.212525875725402,4,0,TRUE
040,4,fugal,20,0.7436779877528823,4,37.18389938764412,4,0,TRUE
040,5,flashbaseline,NA,-0.3770990847889175,8,NA,8,0,TRUE
040,5,petal,10,2.8839898623748925,4,288.3989862374893,4,0,TRUE
040,5,petal,15,2.4879423419334676,4,165.86282279556448,4,0,TRUE
040,5,petal,20,3.609052058156535,4,180.45260290782676,4,0,TRUE
040,5,fugal,10,0.10234764312328345,4,10.234764312328346,4,0,TRUE
040,5,fugal,15,-0.06146136039191438,4,-4.097424026127626,4,0,TRUE
040,5,fugal,20,0.8117229995549923,4,40.58614997774961,4,0,TRUE
040,6,flashbaseline,NA,0.4934480023267085,8,NA,8,0,TRUE
040,6,petal,10,1.7174754100333276,4,171.74754100333274,4,0,TRUE
040,6,petal,15,2.634225804426105,4,175.61505362840703,4,0,TRUE
040,6,petal,20,2.848852848243625,4,142.44264241218124,4,0,TRUE
040,6,fugal,10,0.7021697093910823,4,70.21697093910822,4,0,TRUE
040,6,fugal,15,1.567598064170796,4,104.5065376113864,4,0,TRUE
040,6,fugal,20,1.1451420672748798,4,57.25710336374399,4,0,TRUE
040,7,flashbaseline,NA,-0.41230751110571573,8,NA,8,0,TRUE
040,7,petal,10,1.4267950614263718,4,142.6795061426372,4,0,TRUE
040,7,petal,15,3.203282131296725,4,213.55214208644833,4,0,TRUE
040,7,petal,20,3.5276843141035323,4,176.38421570517662,4,0,TRUE
040,7,fugal,10,0.6587829618698857,4,65.87829618698856,4,0,TRUE
040,7,fugal,15,0.4951301499646473,4,33.008676664309824,4,0,TRUE
040,7,fugal,20,0.006827999001833906,4,0.3413999500916953,4,0,TRUE
040,8,flashbaseline,NA,-0.1993382043869759,8,NA,8,0,TRUE
040,8,petal,10,1.6306022499467026,4,163.06022499467028,4,0,TRUE
040,8,petal,15,2.1018170371571037,4,140.1211358104736,4,0,TRUE
040,8,petal,20,3.3087449987586375,4,165.43724993793188,4,0,TRUE
040,8,fugal,10,0.4897433575601613,4,48.97433575601613,4,0,TRUE
040,8,fugal,15,1.3248905683112318,4,88.32603788741545,4,0,TRUE
040,8,fugal,20,1.248173045263357,4,62.40865226316785,4,0,TRUE
040,9,flashbaseline,NA,-0.023616319228992544,8,NA,8,0,TRUE
040,9,petal,10,1.4276103170717078,4,142.7610317071708,4,0,TRUE
040,9,petal,15,1.7275469100214234,4,115.16979400142823,4,0,TRUE
040,9,petal,20,2.0978804786477974,4,104.89402393238986,4,0,TRUE
040,9,fugal,10,0.7504107835912748,4,75.04107835912747,4,0,TRUE
040,9,fugal,15,0.24135321442314323,4,16.090214294876215,4,0,TRUE
040,9,fugal,20,0.8200975387096571,4,41.004876935482855,4,0,TRUE
040,10,flashbaseline,NA,0.04101884269003733,8,NA,8,0,TRUE
040,10,petal,10,1.3097837018650207,4,130.97837018650208,4,0,TRUE
040,10,petal,15,2.3266684761001977,4,155.11123174001318,4,0,TRUE
040,10,petal,20,2.313711628145025,4,115.68558140725125,4,0,TRUE
040,10,fugal,10,1.0612644141885437,4,106.12644141885437,4,0,TRUE
040,10,fugal,15,0.34360893052886365,4,22.907262035257578,4,0,TRUE
040,10,fugal,20,0.4319225782705749,4,21.596128913528744,4,0,TRUE
040,11,flashbaseline,NA,-0.5489679322755252,8,NA,8,0,TRUE
040,11,petal,10,2.023806359477647,4,202.38063594776474,4,0,TRUE
040,11,petal,15,1.1909258060232237,4,79.39505373488159,4,0,TRUE
040,11,petal,20,3.25118947886195,4,162.5594739430975,4,0,TRUE
040,11,fugal,10,0.8756821331343273,4,87.56821331343274,4,0,TRUE
040,11,fugal,15,-0.6297556384970442,4,-41.98370923313628,4,0,TRUE
040,11,fugal,20,-0.38042794655611323,4,-19.02139732780566,4,0,TRUE
040,12,flashbaseline,NA,-0.2952812138385023,8,NA,8,0,TRUE
040,12,petal,10,1.4054027187636708,4,140.5402718763671,4,0,TRUE
040,12,petal,15,1.9446581334685065,4,129.6438755645671,4,0,TRUE
040,12,petal,20,2.1881147254357276,4,109.40573627178638,4,0,TRUE
040,12,fugal,10,1.4740917763710522,4,147.40917763710522,4,0,TRUE
040,12,fugal,15,1.2300905604668475,4,82.0060373644565,4,0,TRUE
040,12,fugal,20,0.7835980155198048,4,39.17990077599024,4,0,TRUE
041,1,flashbaseline,NA,-0.5067499416995693,8,NA,8,0,TRUE
041,1,petal,10,3.882114444245505,4,388.21144442455045,4,0,TRUE
041,1,petal,15,4.056148046293858,4,270.40986975292384,4,0,TRUE
041,1,petal,20,5.36152967354367,4,268.0764836771835,4,0,TRUE
041,1,fugal,10,-0.581391740538244,4,-58.139174053824405,4,0,TRUE
041,1,fugal,15,-0.41628689348894354,4,-27.75245956592957,4,0,TRUE
041,1,fugal,20,-0.41546923433731825,4,-20.773461716865913,4,0,TRUE
041,2,flashbaseline,NA,-0.39294662427754173,8,NA,8,0,TRUE
041,2,petal,10,3.4110715511201026,4,341.1071551120103,4,0,TRUE
041,2,petal,15,4.069121230076995,4,271.2747486717996,4,0,TRUE
041,2,petal,20,5.0190510554741525,4,250.95255277370765,4,0,TRUE
041,2,fugal,10,-0.4135608563052985,4,-41.356085630529854,4,0,TRUE
041,2,fugal,15,-1.3742522777318062,4,-91.61681851545376,4,0,TRUE
041,2,fugal,20,-1.5655652573695888,4,-78.27826286847944,4,0,TRUE
041,3,flashbaseline,NA,-0.01812954272766265,8,NA,8,0,TRUE
041,3,petal,10,3.2193306525061702,4,321.93306525061706,4,0,TRUE
041,3,petal,15,4.039780214814012,4,269.31868098760083,4,0,TRUE
041,3,petal,20,4.52974972997593,4,226.48748649879653,4,0,TRUE
041,3,fugal,10,-0.3014320597168805,4,-30.143205971688047,4,0,TRUE
041,3,fugal,15,0.30627071050311844,4,20.418047366874564,4,0,TRUE
041,3,fugal,20,1.1851709322181485,4,59.25854661090742,4,0,TRUE
041,4,flashbaseline,NA,0.08410328131987288,8,NA,8,0,TRUE
041,4,petal,10,3.8934549923325052,4,389.3454992332505,4,0,TRUE
041,4,petal,15,4.332396750306388,4,288.82645002042585,4,0,TRUE
041,4,petal,20,4.841301169084132,4,242.06505845420662,4,0,TRUE
041,4,fugal,10,0.1864236640093075,4,18.642366400930747,4,0,TRUE
041,4,fugal,15,1.0298045827468094,4,68.6536388497873,4,0,TRUE
041,4,fugal,20,1.010709953206986,4,50.5354976603493,4,0,TRUE
041,5,flashbaseline,NA,-0.5332786076598877,8,NA,8,0,TRUE
041,5,petal,10,2.92849670239873,4,292.849670239873,4,0,TRUE
041,5,petal,15,3.7261585151515875,4,248.4105676767725,4,0,TRUE
041,5,petal,20,4.615582857496268,4,230.77914287481337,4,0,TRUE
041,5,fugal,10,1.1490172678916568,4,114.90172678916569,4,0,TRUE
041,5,fugal,15,-0.5213297842091089,4,-34.75531894727393,4,0,TRUE
041,5,fugal,20,0.5799080801201626,4,28.99540400600813,4,0,TRUE
041,6,flashbaseline,NA,0.16721306850627476,8,NA,8,0,TRUE
041,6,petal,10,2.5856644141889524,4,258.56644141889524,4,0,TRUE
041,6,petal,15,4.645565203235792,4,309.7043468823861,4,0,TRUE
041,6,petal,20,4.641167137025008,4,232.05835685125038,4,0,TRUE
041,6,fugal,10,-0.21762207724241103,4,-21.762207724241105,4,0,TRUE
041,6,fugal,15,0.6993318072071539,4,46.62212048047693,4,0,TRUE
041,6,fugal,20,0.2937592716800622,4,14.687963584003112,4,0,TRUE
041,7,flashbaseline,NA,0.03939891846330387,8,NA,8,0,TRUE
041,7,petal,10,2.6787316101829974,4,267.8731610182997,4,0,TRUE
041,7,petal,15,3.7140002513676103,4,247.60001675784068,4,0,TRUE
041,7,petal,20,4.918233661892987,4,245.91168309464936,4,0,TRUE
041,7,fugal,10,-0.6915511615786042,4,-69.15511615786042,4,0,TRUE
041,7,fugal,15,0.403826370757865,4,26.921758050524332,4,0,TRUE
041,7,fugal,20,-1.6628361746460993,4,-83.14180873230497,4,0,TRUE
041,8,flashbaseline,NA,0.41351143163460846,8,NA,8,0,TRUE
041,8,petal,10,2.64553100832637,4,264.55310083263703,4,0,TRUE
041,8,petal,15,3.350029636336595,4,223.33530908910635,4,0,TRUE
041,8,petal,20,4.32494828694256,4,216.24741434712803,4,0,TRUE
041,8,fugal,10,0.5439614572108872,4,54.396145721088715,4,0,TRUE
041,8,fugal,15,1.1461185651235672,4,76.40790434157114,4,0,TRUE
041,8,fugal,20,-0.6593590412274349,4,-32.96795206137175,4,0,TRUE
041,9,flashbaseline,NA,1.2001678124153972,8,NA,8,0,TRUE
041,9,petal,10,2.5334109402173848,4,253.34109402173848,4,0,TRUE
041,9,petal,15,2.8606912262425124,4,190.7127484161675,4,0,TRUE
041,9,petal,20,4.30068991330208,4,215.03449566510403,4,0,TRUE
041,9,fugal,10,-0.04854773727053524,4,-4.854773727053524,4,0,TRUE
041,9,fugal,15,-0.5707781223837813,4,-38.05187482558543,4,0,TRUE
041,9,fugal,20,0.5799566640879161,4,28.997833204395807,4,0,TRUE
041,10,flashbaseline,NA,0.10093784353537871,8,NA,8,0,TRUE
041,10,petal,10,1.8539515860349696,4,185.39515860349695,4,0,TRUE
041,10,petal,15,3.5527955497876174,4,236.85303665250783,4,0,TRUE
041,10,petal,20,3.9220825755399074,4,196.10412877699537,4,0,TRUE
041,10,fugal,10,0.8731181400875845,4,87.31181400875846,4,0,TRUE
041,10,fugal,15,-0.6895910683294668,4,-45.97273788863112,4,0,TRUE
041,10,fugal,20,0.820699143212773,4,41.034957160638655,4,0,TRUE
041,11,flashbaseline,NA,0.32258325003940214,8,NA,8,0,TRUE
041,11,petal,10,2.2174350841692774,4,221.74350841692774,4,0,TRUE
041,11,petal,15,3.0033194388785427,4,200.22129592523618,4,0,TRUE
041,11,petal,20,4.6282459101716675,4,231.41229550858338,4,0,TRUE
041,11,fugal,10,0.15838436305634862,4,15.838436305634861,4,0,TRUE
041,11,fugal,15,0.3715371092774283,4,24.769140618495218,4,0,TRUE
041,11,fugal,20,1.118696712204478,4,55.9348356102239,4,0,TRUE
041,12,flashbaseline,NA,-0.5343770254973624,8,NA,8,0,TRUE
041,12,petal,10,2.2948549909562903,4,229.48549909562905,4,0,TRUE
041,12,petal,15,3.3843382900880976,4,225.62255267253983,4,0,TRUE
041,12,petal,20,3.81328997449093,4,190.6644987245465,4,0,TRUE
041,12,fugal,10,0.827083614783756,4,82.7083614783756,4,0,TRUE
041,12,fugal,15,-0.7498272769833115,4,-49.98848513222077,4,0,TRUE
041,12,fugal,20,0.4398781197604471,4,21.993905988022355,4,0,TRUE
042,1,flashbaseline,NA,0.08690737233026605,8,NA,8,0,TRUE
042,1,petal,10,2.36925697806143,4,236.925697806143,4,0,TRUE
042,1,petal,15,1.9189205196355834,4,127.92803464237224,4,0,TRUE
042,1,petal,20,3.53700374118638,4,176.850187059319,4,0,TRUE
042,1,fugal,10,1.1694674250908,4,116.94674250908,4,0,TRUE
042,1,fugal,15,1.6103762666725665,4,107.35841777817109,4,0,TRUE
042,1,fugal,20,2.3384110342689195,4,116.92055171344597,4,0,TRUE
042,2,flashbaseline,NA,-0.1520965692266685,8,NA,8,0,TRUE
042,2,petal,10,1.377169650676453,4,137.7169650676453,4,0,TRUE
042,2,petal,15,3.2382366159934275,4,215.8824410662285,4,0,TRUE
042,2,petal,20,4.66797510710356,4,233.39875535517803,4,0,TRUE
042,2,fugal,10,-0.04371664802262554,4,-4.371664802262554,4,0,TRUE
042,2,fugal,15,1.4345150542290424,4,95.63433694860282,4,0,TRUE
042,2,fugal,20,1.628015710494947,4,81.40078552474736,4,0,TRUE
042,3,flashbaseline,NA,0.1302057543041729,8,NA,8,0,TRUE
042,3,petal,10,1.2481049330818283,4,124.81049330818283,4,0,TRUE
042,3,petal,15,2.0082899228692925,4,133.88599485795282,4,0,TRUE
042,3,petal,20,4.7721552571310575,4,238.60776285655288,4,0,TRUE
042,3,fugal,10,-0.292201557925424,4,-29.2201557925424,4,0,TRUE
042,3,fugal,15,0.31475396323864957,4,20.983597549243303,4,0,TRUE
042,3,fugal,20,1.6693652541479698,4,83.4682627073985,4,0,TRUE
042,4,flashbaseline,NA,0.6733215322905379,8,NA,8,0,TRUE
042,4,petal,10,0.5421115211583897,4,54.21115211583897,4,0,TRUE
042,4,petal,15,2.7571568564559574,4,183.81045709706385,4,0,TRUE
042,4,petal,20,4.213542510986082,4,210.67712554930412,4,0,TRUE
042,4,fugal,10,0.9450544840938218,4,94.50544840938217,4,0,TRUE
042,4,fugal,15,0.7175879409969981,4,47.83919606646654,4,0,TRUE
042,4,fugal,20,-0.6290261270159757,4,-31.451306350798784,4,0,TRUE
042,5,flashbaseline,NA,0.3549520966468245,8,NA,8,0,TRUE
042,5,petal,10,1.7339070626549995,4,173.39070626549997,4,0,TRUE
042,5,petal,15,2.5142229551069706,4,167.61486367379806,4,0,TRUE
042,5,petal,20,1.451872069413551,4,72.59360347067755,4,0,TRUE
042,5,fugal,10,-0.7191243804210847,3,-71.91243804210848,4,1,FALSE
042,5,fugal,15,0.05279956985840996,4,3.5199713238939974,4,0,TRUE
042,5,fugal,20,0.21338546931418573,4,10.669273465709287,4,0,TRUE
042,6,flashbaseline,NA,0.2410442666294201,8,NA,8,0,TRUE
042,6,petal,10,1.485165967428465,4,148.5165967428465,4,0,TRUE
042,6,petal,15,2.35835583496326,4,157.223722330884,4,0,TRUE
042,6,petal,20,2.2333157535954875,4,111.66578767977438,4,0,TRUE
042,6,fugal,10,-0.19839532068722854,4,-19.839532068722853,4,0,TRUE
042,6,fugal,15,-0.1219971753409641,4,-8.13314502273094,4,0,TRUE
042,6,fugal,20,0.789419472086069,4,39.470973604303445,4,0,TRUE
042,7,flashbaseline,NA,-0.46545382388210643,8,NA,8,0,TRUE
042,7,petal,10,0.6588609932639422,4,65.88609932639422,4,0,TRUE
042,7,petal,15,1.1930106039433306,4,79.53404026288871,4,0,TRUE
042,7,petal,20,3.3119382433118876,4,165.59691216559438,4,0,TRUE
042,7,fugal,10,-0.08428117352808254,4,-8.428117352808254,4,0,TRUE
042,7,fugal,15,1.957783471747018,4,130.51889811646785,4,0,TRUE
042,7,fugal,20,0.37505655793361975,4,18.752827896680987,4,0,TRUE
042,8,flashbaseline,NA,-0.0642502511414137,8,NA,8,0,TRUE
042,8,petal,10,1.5327105638166596,4,153.27105638166597,4,0,TRUE
042,8,petal,15,0.7708481610633409,4,51.38987740422272,4,0,TRUE
042,8,petal,20,1.3124749078347708,4,65.62374539173854,4,0,TRUE
042,8,fugal,10,0.3748052286292312,4,37.480522862923124,4,0,TRUE
042,8,fugal,15,0.09342401654499527,4,6.228267769666352,4,0,TRUE
042,8,fugal,20,1.4497309242995706,4,72.48654621497853,4,0,TRUE
042,9,flashbaseline,NA,0.003912232267973319,8,NA,8,0,TRUE
042,9,petal,10,1.0854253224529322,4,108.54253224529323,4,0,TRUE
042,9,petal,15,1.0561143352114393,4,70.40762234742928,4,0,TRUE
042,9,petal,20,1.3157570005025123,4,65.78785002512562,4,0,TRUE
042,9,fugal,10,0.9246866022667626,4,92.46866022667625,4,0,TRUE
042,9,fugal,15,1.0402683644838249,4,69.35122429892165,4,0,TRUE
042,9,fugal,20,0.5895592133207286,4,29.477960666036427,4,0,TRUE
042,10,flashbaseline,NA,-0.35250051765622803,8,NA,8,0,TRUE
042,10,petal,10,1.6897197316972168,4,168.97197316972168,4,0,TRUE
042,10,petal,15,1.7526488389459625,4,116.84325592973083,4,0,TRUE
042,10,petal,20,1.9963386668018548,4,99.81693334009275,4,0,TRUE
042,10,fugal,10,-0.10797222575504778,4,-10.797222575504778,4,0,TRUE
042,10,fugal,15,1.1161269828242801,4,74.40846552161867,4,0,TRUE
042,10,fugal,20,0.4205557496360919,4,21.027787481804594,4,0,TRUE
042,11,flashbaseline,NA,0.33898285993800337,8,NA,8,0,TRUE
042,11,petal,10,1.372383745761582,4,137.2383745761582,4,0,TRUE
042,11,petal,15,1.9425178728141426,4,129.50119152094283,4,0,TRUE
042,11,petal,20,2.97717776706677,4,148.8588883533385,4,0,TRUE
042,11,fugal,10,0.07052237379348673,4,7.052237379348673,4,0,TRUE
042,11,fugal,15,0.3602500805745704,4,24.016672038304694,4,0,TRUE
042,11,fugal,20,0.16719491826012722,4,8.359745913006362,4,0,TRUE
042,12,flashbaseline,NA,0.017520423581039238,8,NA,8,0,TRUE
042,12,petal,10,1.59679870623387,4,159.67987062338702,4,0,TRUE
042,12,petal,15,1.9644544108753108,4,130.96362739168737,4,0,TRUE
042,12,petal,20,2.7838622369689228,4,139.19311184844614,4,0,TRUE
042,12,fugal,10,0.5045157102951565,4,50.451571029515655,4,0,TRUE
042,12,fugal,15,0.5476565142769589,4,36.51043428513059,4,0,TRUE
042,12,fugal,20,0.182913488251835,4,9.14567441259175,4,0,TRUE
043,1,flashbaseline,NA,-0.29896645315647397,8,NA,8,0,TRUE
043,1,petal,10,2.2526812941588723,4,225.26812941588722,4,0,TRUE
043,1,petal,15,1.8811743004939876,4,125.41162003293252,4,0,TRUE
043,1,petal,20,3.7988967579960926,4,189.9448378998046,4,0,TRUE
043,1,fugal,10,1.0541404113909705,4,105.41404113909705,4,0,TRUE
043,1,fugal,15,0.9745816406284642,4,64.97210937523094,4,0,TRUE
043,1,fugal,20,-3.1515123670377907,4,-157.57561835188955,4,0,TRUE
043,2,flashbaseline,NA,-0.7324205149319376,8,NA,8,0,TRUE
043,2,petal,10,1.5212732087432639,4,152.1273208743264,4,0,TRUE
043,2,petal,15,2.748790729398177,4,183.2527152932118,4,0,TRUE
043,2,petal,20,3.4680620235889434,4,173.4031011794472,4,0,TRUE
043,2,fugal,10,0.410612955525402,4,41.0612955525402,4,0,TRUE
043,2,fugal,15,0.15017224827167625,4,10.01148321811175,4,0,TRUE
043,2,fugal,20,1.253837243436256,4,62.6918621718128,4,0,TRUE
043,3,flashbaseline,NA,0.38389624515768334,8,NA,8,0,TRUE
043,3,petal,10,2.1757181250629327,4,217.57181250629327,4,0,TRUE
043,3,petal,15,1.8365286195298025,4,122.43524130198684,4,0,TRUE
043,3,petal,20,2.7747295536468126,4,138.73647768234062,4,0,TRUE
043,3,fugal,10,-0.8991980429363904,4,-89.91980429363903,4,0,TRUE
043,3,fugal,15,1.0259212370813162,4,68.39474913875442,4,0,TRUE
043,3,fugal,20,0.8680013713216282,4,43.40006856608141,4,0,TRUE
043,4,flashbaseline,NA,0.2582244923570299,8,NA,8,0,TRUE
043,4,petal,10,1.78385878873596,4,178.385878873596,4,0,TRUE
043,4,petal,15,1.748725338438752,4,116.58168922925013,4,0,TRUE
043,4,petal,20,1.9871983405878852,4,99.35991702939425,4,0,TRUE
043,4,fugal,10,0.5066385675883311,4,50.66385675883311,4,0,TRUE
043,4,fugal,15,0.41289099965926745,4,27.526066643951165,4,0,TRUE
043,4,fugal,20,0.013703756029112488,4,0.6851878014556244,4,0,TRUE
043,5,flashbaseline,NA,-0.004562542117655485,8,NA,8,0,TRUE
043,5,petal,10,1.8125208676986035,4,181.25208676986034,4,0,TRUE
043,5,petal,15,2.56029499568264,4,170.68633304550934,4,0,TRUE
043,5,petal,20,2.800013811183157,4,140.00069055915785,4,0,TRUE
043,5,fugal,10,-0.5530604720852195,4,-55.306047208521946,4,0,TRUE
043,5,fugal,15,-0.269921734340316,4,-17.9947822893544,4,0,TRUE
043,5,fugal,20,0.3130733006157064,4,15.65366503078532,4,0,TRUE
043,6,flashbaseline,NA,-0.3648163466372334,8,NA,8,0,TRUE
043,6,petal,10,0.362134575756365,4,36.213457575636504,4,0,TRUE
043,6,petal,15,2.209724799719149,4,147.31498664794327,4,0,TRUE
043,6,petal,20,3.2567415823338774,4,162.83707911669387,4,0,TRUE
043,6,fugal,10,-2.564104238167618,4,-256.4104238167618,4,0,TRUE
043,6,fugal,15,-0.0399334653884455,4,-2.6622310258963666,4,0,TRUE
043,6,fugal,20,-0.7396024448936567,4,-36.98012224468283,4,0,TRUE
043,7,flashbaseline,NA,0.29825351309605275,8,NA,8,0,TRUE
043,7,petal,10,1.132770270576433,4,113.27702705764331,4,0,TRUE
043,7,petal,15,1.9434344028131985,4,129.56229352087988,4,0,TRUE
043,7,petal,20,3.6138160903999728,4,180.69080451999864,4,0,TRUE
043,7,fugal,10,-0.15137979682526828,4,-15.137979682526828,4,0,TRUE
043,7,fugal,15,-0.8453135356782974,4,-56.35423571188649,4,0,TRUE
043,7,fugal,20,0.2473067027891077,4,12.365335139455386,4,0,TRUE
043,8,flashbaseline,NA,-0.4330380153867855,8,NA,8,0,TRUE
043,8,petal,10,2.5207835560255,4,252.07835560254998,4,0,TRUE
043,8,petal,15,2.460924724073755,4,164.06164827158366,4,0,TRUE
043,8,petal,20,2.0104381641510525,4,100.52190820755263,4,0,TRUE
043,8,fugal,10,-0.40280786966030246,4,-40.28078696603025,4,0,TRUE
043,8,fugal,15,-0.45369437862027634,4,-30.24629190801842,4,0,TRUE
043,8,fugal,20,0.7456234854622747,4,37.28117427311374,4,0,TRUE
043,9,flashbaseline,NA,0.20995932848480836,8,NA,8,0,TRUE
043,9,petal,10,2.2153340155031,4,221.53340155031,4,0,TRUE
043,9,petal,15,1.7992725571502075,4,119.95150381001383,4,0,TRUE
043,9,petal,20,2.769135287089875,4,138.45676435449374,4,0,TRUE
043,9,fugal,10,-0.11334438798683102,4,-11.334438798683102,4,0,TRUE
043,9,fugal,15,-0.1358815394297811,4,-9.05876929531874,4,0,TRUE
043,9,fugal,20,-0.42414419535259995,4,-21.207209767629998,4,0,TRUE
043,10,flashbaseline,NA,-0.2589255452469237,8,NA,8,0,TRUE
043,10,petal,10,2.6241141347645867,4,262.4114134764587,4,0,TRUE
043,10,petal,15,3.147582645411205,4,209.83884302741365,4,0,TRUE
043,10,petal,20,2.6791103282633824,4,133.9555164131691,4,0,TRUE
043,10,fugal,10,-0.6778071972094787,4,-67.78071972094787,4,0,TRUE
043,10,fugal,15,0.4017826632551255,4,26.785510883675034,4,0,TRUE
043,10,fugal,20,-0.9679288712594003,4,-48.39644356297001,4,0,TRUE
043,11,flashbaseline,NA,-0.37166634790217584,8,NA,8,0,TRUE
043,11,petal,10,1.8725006138246905,4,187.25006138246906,4,0,TRUE
043,11,petal,15,3.63327642065367,4,242.21842804357803,4,0,TRUE
043,11,petal,20,4.381709639922953,4,219.08548199614762,4,0,TRUE
043,11,fugal,10,-0.7682827678592202,4,-76.82827678592203,4,0,TRUE
043,11,fugal,15,-1.059410433901054,4,-70.62736226007026,4,0,TRUE
043,11,fugal,20,0.34923128003789505,4,17.461564001894754,4,0,TRUE
043,12,flashbaseline,NA,0.4688355843603337,8,NA,8,0,TRUE
043,12,petal,10,2.9958143486793576,4,299.58143486793574,4,0,TRUE
043,12,petal,15,1.0927013892364577,4,72.84675928243051,4,0,TRUE
043,12,petal,20,2.668009105158619,4,133.40045525793096,4,0,TRUE
043,12,fugal,10,-0.6429776211119516,4,-64.29776211119515,4,0,TRUE
043,12,fugal,15,-0.9954786713237962,4,-66.36524475491974,4,0,TRUE
043,12,fugal,20,0.21141236764543975,4,10.570618382271986,4,0,TRUE
044,1,flashbaseline,NA,0.3990084342262035,8,NA,8,0,TRUE
044,1,petal,10,1.8164070196173925,4,181.64070196173927,4,0,TRUE
044,1,petal,15,2.3170300518523552,4,154.46867012349037,4,0,TRUE
044,1,petal,20,1.66950753479636,4,83.475376739818,4,0,TRUE
044,1,fugal,10,-0.5988950934980564,4,-59.889509349805635,4,0,TRUE
044,1,fugal,15,-2.7456399736873376,4,-183.04266491248916,4,0,TRUE
044,1,fugal,20,-1.7857304576362973,4,-89.28652288181486,4,0,TRUE
044,2,flashbaseline,NA,0.2023715218557663,8,NA,8,0,TRUE
044,2,petal,10,2.33001713247384,4,233.001713247384,4,0,TRUE
044,2,petal,15,2.2792200174944877,4,151.94800116629918,4,0,TRUE
044,2,petal,20,1.5072039378075028,4,75.36019689037514,4,0,TRUE
044,2,fugal,10,-1.7722128977721492,4,-177.2212897772149,4,0,TRUE
044,2,fugal,15,-1.626390147765383,4,-108.42600985102553,4,0,TRUE
044,2,fugal,20,-3.0760320250734825,4,-153.8016012536741,4,0,TRUE
044,3,flashbaseline,NA,-0.30657728044283417,8,NA,8,0,TRUE
044,3,petal,10,1.3928436945305394,4,139.28436945305396,4,0,TRUE
044,3,petal,15,1.2090624905334255,4,80.6041660355617,4,0,TRUE
044,3,petal,20,1.4204654205366896,4,71.02327102683448,4,0,TRUE
044,3,fugal,10,-1.2173482348725573,4,-121.73482348725572,4,0,TRUE
044,3,fugal,15,-2.158177589019905,4,-143.87850593466032,4,0,TRUE
044,3,fugal,20,-2.6229548178496938,4,-131.14774089248468,4,0,TRUE
044,4,flashbaseline,NA,0.5028205930978311,8,NA,8,0,TRUE
044,4,petal,10,1.6833344470332654,4,168.33344470332653,4,0,TRUE
044,4,petal,15,1.1202987378905724,4,74.68658252603817,4,0,TRUE
044,4,petal,20,1.0105982295620748,4,50.52991147810374,4,0,TRUE
044,4,fugal,10,-1.604941620531086,4,-160.4941620531086,4,0,TRUE
044,4,fugal,15,-1.6155425986973404,4,-107.70283991315603,4,0,TRUE
044,4,fugal,20,-2.824420962740435,4,-141.22104813702174,4,0,TRUE
044,5,flashbaseline,NA,0.7349825889973454,8,NA,8,0,TRUE
044,5,petal,10,1.5707925131358502,4,157.07925131358502,4,0,TRUE
044,5,petal,15,1.949965699710065,4,129.99771331400433,4,0,TRUE
044,5,petal,20,0.8789262895856853,4,43.94631447928427,4,0,TRUE
044,5,fugal,10,-1.8604500982018675,4,-186.04500982018675,4,0,TRUE
044,5,fugal,15,-2.743722003468786,4,-182.91480023125243,4,0,TRUE
044,5,fugal,20,-2.821296571059316,4,-141.06482855296582,4,0,TRUE
044,6,flashbaseline,NA,0.2526964870266843,8,NA,8,0,TRUE
044,6,petal,10,1.3226078081144275,4,132.26078081144274,4,0,TRUE
044,6,petal,15,1.5782534912287238,4,105.21689941524825,4,0,TRUE
044,6,petal,20,1.3001632240886338,4,65.00816120443169,4,0,TRUE
044,6,fugal,10,-1.6444151277141437,4,-164.44151277141435,4,0,TRUE
044,6,fugal,15,-2.4975953819834826,4,-166.50635879889882,4,0,TRUE
044,6,fugal,20,-1.6294786120292295,4,-81.47393060146148,4,0,TRUE
044,7,flashbaseline,NA,-0.016410900478591756,8,NA,8,0,TRUE
044,7,petal,10,2.1664143430806746,4,216.64143430806746,4,0,TRUE
044,7,petal,15,1.6545831092960626,4,110.3055406197375,4,0,TRUE
044,7,petal,20,1.635379948811936,4,81.7689974405968,4,0,TRUE
044,7,fugal,10,-2.057043003624905,4,-205.7043003624905,4,0,TRUE
044,7,fugal,15,-2.6056434030124875,4,-173.7095602008325,4,0,TRUE
044,7,fugal,20,-2.4859694943566852,4,-124.29847471783425,4,0,TRUE
044,8,flashbaseline,NA,0.05700862194307127,8,NA,8,0,TRUE
044,8,petal,10,1.289415050762925,4,128.9415050762925,4,0,TRUE
044,8,petal,15,1.0789804272555625,4,71.93202848370417,4,0,TRUE
044,8,petal,20,2.5674074196068357,4,128.3703709803418,4,0,TRUE
044,8,fugal,10,-2.0629547462356146,4,-206.29547462356146,4,0,TRUE
044,8,fugal,15,-2.30502202607759,4,-153.66813507183932,4,0,TRUE
044,8,fugal,20,-2.907619690015488,4,-145.3809845007744,4,0,TRUE
044,9,flashbaseline,NA,0.37054536618235384,8,NA,8,0,TRUE
044,9,petal,10,1.4084258498018185,4,140.84258498018184,4,0,TRUE
044,9,petal,15,1.7090461640240613,4,113.93641093493743,4,0,TRUE
044,9,petal,20,1.3366837945778662,4,66.8341897288933,4,0,TRUE
044,9,fugal,10,-2.254990853632952,4,-225.49908536329522,4,0,TRUE
044,9,fugal,15,-2.9437445249761,4,-196.24963499840666,4,0,TRUE
044,9,fugal,20,-2.1048353487860103,4,-105.24176743930052,4,0,TRUE
044,10,flashbaseline,NA,0.056802739518102746,8,NA,8,0,TRUE
044,10,petal,10,1.4300858554990987,4,143.00858554990987,4,0,TRUE
044,10,petal,15,2.31875473461004,4,154.58364897400267,4,0,TRUE
044,10,petal,20,2.43773185806799,4,121.8865929033995,4,0,TRUE
044,10,fugal,10,-2.24737408504628,4,-224.737408504628,4,0,TRUE
044,10,fugal,15,-3.8313717425462324,4,-255.42478283641552,4,0,TRUE
044,10,fugal,20,-4.060548851299855,4,-203.02744256499278,4,0,TRUE
044,11,flashbaseline,NA,0.24115699571068264,8,NA,8,0,TRUE
044,11,petal,10,1.8486856474738746,4,184.86856474738747,4,0,TRUE
044,11,petal,15,1.2782105418641416,4,85.2140361242761,4,0,TRUE
044,11,petal,20,2.330022804937675,4,116.50114024688376,4,0,TRUE
044,11,fugal,10,-2.129996774903255,4,-212.9996774903255,4,0,TRUE
044,11,fugal,15,-3.573371175708415,4,-238.22474504722766,4,0,TRUE
044,11,fugal,20,-4.779530058333248,4,-238.97650291666238,4,0,TRUE
044,12,flashbaseline,NA,0.23661684488740498,8,NA,8,0,TRUE
044,12,petal,10,0.8576568486612195,4,85.76568486612194,4,0,TRUE
044,12,petal,15,1.9945490068560494,4,132.96993379040327,4,0,TRUE
044,12,petal,20,1.9017480994480827,4,95.08740497240413,4,0,TRUE
044,12,fugal,10,-2.8032502028928477,4,-280.32502028928474,4,0,TRUE
044,12,fugal,15,-3.67755534347929,4,-245.17035623195267,4,0,TRUE
044,12,fugal,20,-3.9856160851473676,4,-199.28080425736837,4,0,TRUE
045,1,flashbaseline,NA,-0.45745367282027505,8,NA,8,0,TRUE
045,1,petal,10,1.96664314857122,4,196.66431485712198,4,0,TRUE
045,1,petal,15,2.69251443512832,4,179.500962341888,4,0,TRUE
045,1,petal,20,3.05681617155884,4,152.840808577942,4,0,TRUE
045,1,fugal,10,0.3423279104925947,4,34.23279104925947,4,0,TRUE
045,1,fugal,15,-0.3759495034959335,4,-25.063300233062233,4,0,TRUE
045,1,fugal,20,0.3061245845101487,4,15.306229225507433,4,0,TRUE
045,2,flashbaseline,NA,0.016131847740566363,8,NA,8,0,TRUE
045,2,petal,10,3.4953489989673776,4,349.5348998967377,4,0,TRUE
045,2,petal,15,2.6754040218083324,4,178.3602681205555,4,0,TRUE
045,2,petal,20,3.06285667511731,4,153.14283375586552,4,0,TRUE
045,2,fugal,10,1.0309519934089872,4,103.09519934089873,4,0,TRUE
045,2,fugal,15,1.12953299937616,4,75.30219995841067,4,0,TRUE
045,2,fugal,20,1.3392220482216501,4,66.9611024110825,4,0,TRUE
045,3,flashbaseline,NA,-0.13697346086811646,8,NA,8,0,TRUE
045,3,petal,10,1.5903875401055454,4,159.03875401055453,4,0,TRUE
045,3,petal,15,2.89841593244192,4,193.22772882946134,4,0,TRUE
045,3,petal,20,2.57349446921083,4,128.6747234605415,4,0,TRUE
045,3,fugal,10,1.1862249109850733,4,118.62249109850734,4,0,TRUE
045,3,fugal,15,-0.06273828701273121,4,-4.182552467515413,4,0,TRUE
045,3,fugal,20,1.1773014115066966,4,58.86507057533483,4,0,TRUE
045,4,flashbaseline,NA,-0.031016003554631133,8,NA,8,0,TRUE
045,4,petal,10,3.1054346771335126,4,310.5434677133513,4,0,TRUE
045,4,petal,15,2.5604066569828574,4,170.6937771321905,4,0,TRUE
045,4,petal,20,2.5899026204813604,4,129.495131024068,4,0,TRUE
045,4,fugal,10,0.25213437468447975,4,25.213437468447975,4,0,TRUE
045,4,fugal,15,-0.8570048080330125,4,-57.1336538688675,4,0,TRUE
045,4,fugal,20,-1.3519003407061925,4,-67.59501703530962,4,0,TRUE
045,5,flashbaseline,NA,0.5178790678108741,8,NA,8,0,TRUE
045,5,petal,10,3.18421087440754,4,318.421087440754,4,0,TRUE
045,5,petal,15,2.6481909720316352,4,176.54606480210902,4,0,TRUE
045,5,petal,20,3.2575591022881527,4,162.87795511440765,4,0,TRUE
045,5,fugal,10,-0.504140745990362,4,-50.4140745990362,4,0,TRUE
045,5,fugal,15,0.11579411863930256,4,7.719607909286838,4,0,TRUE
045,5,fugal,20,-1.3570536815387708,4,-67.85268407693853,4,0,TRUE
045,6,flashbaseline,NA,-0.20613515391791143,8,NA,8,0,TRUE
045,6,petal,10,3.58864558453898,4,358.864558453898,4,0,TRUE
045,6,petal,15,3.47830207802239,4,231.88680520149268,4,0,TRUE
045,6,petal,20,4.375094512362552,4,218.75472561812762,4,0,TRUE
045,6,fugal,10,-0.3015416514765074,4,-30.154165147650744,4,0,TRUE
045,6,fugal,15,-0.18187351619480996,4,-12.124901079653997,4,0,TRUE
045,6,fugal,20,-0.1409650876697992,4,-7.048254383489961,4,0,TRUE
045,7,flashbaseline,NA,-0.2955253219152299,8,NA,8,0,TRUE
045,7,petal,10,1.7718635216388376,4,177.18635216388375,4,0,TRUE
045,7,petal,15,2.682038650532685,4,178.802576702179,4,0,TRUE
045,7,petal,20,3.534922206016523,4,176.74611030082616,4,0,TRUE
045,7,fugal,10,-0.08513897347011401,4,-8.513897347011401,4,0,TRUE
045,7,fugal,15,0.4793477556067625,4,31.956517040450834,4,0,TRUE
045,7,fugal,20,1.0333765080407293,4,51.66882540203647,4,0,TRUE
045,8,flashbaseline,NA,-0.23239198870651973,8,NA,8,0,TRUE
045,8,petal,10,3.8711834212439427,4,387.1183421243943,4,0,TRUE
045,8,petal,15,4.08510548646642,4,272.340365764428,4,0,TRUE
045,8,petal,20,4.12616612768626,4,206.30830638431303,4,0,TRUE
045,8,fugal,10,-0.05918633257532884,4,-5.918633257532885,4,0,TRUE
045,8,fugal,15,-0.709970451655196,4,-47.331363443679734,4,0,TRUE
045,8,fugal,20,0.7686218786246167,4,38.43109393123083,4,0,TRUE
045,9,flashbaseline,NA,0.1384321416471551,8,NA,8,0,TRUE
045,9,petal,10,3.91949255375963,4,391.94925537596305,4,0,TRUE
045,9,petal,15,5.201687712051678,4,346.7791808034452,4,0,TRUE
045,9,petal,20,4.437312213167767,4,221.86561065838836,4,0,TRUE
045,9,fugal,10,-1.357172058332792,4,-135.7172058332792,4,0,TRUE
045,9,fugal,15,-0.7579536945376872,4,-50.53024630251248,4,0,TRUE
045,9,fugal,20,-0.29953067993172733,4,-14.976533996586365,4,0,TRUE
045,10,flashbaseline,NA,0.09390266131482528,8,NA,8,0,TRUE
045,10,petal,10,2.820729235413605,4,282.07292354136047,4,0,TRUE
045,10,petal,15,3.70018682842878,4,246.67912189525202,4,0,TRUE
045,10,petal,20,4.567332428052882,4,228.36662140264414,4,0,TRUE
045,10,fugal,10,-0.7653081534949933,4,-76.53081534949932,4,0,TRUE
045,10,fugal,15,0.126341583380217,4,8.4227722253478,4,0,TRUE
045,10,fugal,20,0.04772364588448978,4,2.386182294224489,4,0,TRUE
045,11,flashbaseline,NA,-0.7967659812701284,8,NA,8,0,TRUE
045,11,petal,10,2.534990761688425,4,253.4990761688425,4,0,TRUE
045,11,petal,15,3.82490779125939,4,254.99385275062602,4,0,TRUE
045,11,petal,20,4.5806893206732475,4,229.03446603366237,4,0,TRUE
045,11,fugal,10,1.0897717107284135,4,108.97717107284136,4,0,TRUE
045,11,fugal,15,1.43066846691414,4,95.37789779427601,4,0,TRUE
045,11,fugal,20,1.5399527893249876,4,76.99763946624938,4,0,TRUE
045,12,flashbaseline,NA,0.09235647457987894,8,NA,8,0,TRUE
045,12,petal,10,3.143658698920395,4,314.36586989203954,4,0,TRUE
045,12,petal,15,3.5753507077082674,4,238.35671384721783,4,0,TRUE
045,12,petal,20,3.03044573387636,4,151.52228669381802,4,0,TRUE
045,12,fugal,10,-0.898760258816053,4,-89.8760258816053,4,0,TRUE
045,12,fugal,15,-0.11145912444844452,4,-7.430608296562968,4,0,TRUE
045,12,fugal,20,-0.2723445536590954,4,-13.617227682954768,4,0,TRUE
046,1,flashbaseline,NA,0.12718065665894934,8,NA,8,0,TRUE
046,1,petal,10,2.6301226256739776,4,263.0122625673977,4,0,TRUE
046,1,petal,15,2.0791861171890047,4,138.6124078126003,4,0,TRUE
046,1,petal,20,2.2305057770666283,4,111.52528885333142,4,0,TRUE
046,1,fugal,10,0.30824830901557376,4,30.824830901557373,4,0,TRUE
046,1,fugal,15,0.4716608327509445,4,31.444055516729637,4,0,TRUE
046,1,fugal,20,0.1308055922232937,4,6.540279611164684,4,0,TRUE
046,2,flashbaseline,NA,0.36055535801564975,8,NA,8,0,TRUE
046,2,petal,10,2.81742747199264,4,281.742747199264,4,0,TRUE
046,2,petal,15,2.736644698029981,4,182.4429798686654,4,0,TRUE
046,2,petal,20,2.8860209925940574,4,144.30104962970287,4,0,TRUE
046,2,fugal,10,-0.0030817876261687582,4,-0.3081787626168758,4,0,TRUE
046,2,fugal,15,0.33129672798400706,4,22.086448532267138,4,0,TRUE
046,2,fugal,20,1.5003964297047572,4,75.01982148523787,4,0,TRUE
046,3,flashbaseline,NA,-0.6392814630513373,8,NA,8,0,TRUE
046,3,petal,10,0.9626043821883326,4,96.26043821883326,4,0,TRUE
046,3,petal,15,1.7305077802892401,4,115.367185352616,4,0,TRUE
046,3,petal,20,2.6237837717670978,4,131.18918858835488,4,0,TRUE
046,3,fugal,10,-0.7686076951333316,4,-76.86076951333317,4,0,TRUE
046,3,fugal,15,0.11702824425397931,4,7.801882950265288,4,0,TRUE
046,3,fugal,20,0.4626792612755997,4,23.133963063779984,4,0,TRUE
046,4,flashbaseline,NA,-0.6975292716529551,8,NA,8,0,TRUE
046,4,petal,10,1.7067960091594394,4,170.67960091594395,4,0,TRUE
046,4,petal,15,1.3584949158312485,4,90.56632772208323,4,0,TRUE
046,4,petal,20,3.6752102629736574,4,183.76051314868286,4,0,TRUE
046,4,fugal,10,0.4870614703891588,4,48.70614703891588,4,0,TRUE
046,4,fugal,15,-2.2530631177066396,4,-150.2042078471093,4,0,TRUE
046,4,fugal,20,-0.4372411176138945,4,-21.862055880694722,4,0,TRUE
046,5,flashbaseline,NA,0.4450325284994956,8,NA,8,0,TRUE
046,5,petal,10,2.4031488052269476,4,240.31488052269475,4,0,TRUE
046,5,petal,15,1.5061735792033253,4,100.41157194688834,4,0,TRUE
046,5,petal,20,1.960728311110804,4,98.0364155555402,4,0,TRUE
046,5,fugal,10,0.4174966779758975,4,41.74966779758975,4,0,TRUE
046,5,fugal,15,1.16550004156313,4,77.70000277087534,4,0,TRUE
046,5,fugal,20,0.13159317490827593,4,6.579658745413797,4,0,TRUE
046,6,flashbaseline,NA,0.07728637833172616,8,NA,8,0,TRUE
046,6,petal,10,1.6162260160750668,4,161.62260160750668,4,0,TRUE
046,6,petal,15,2.202286685797545,4,146.819112386503,4,0,TRUE
046,6,petal,20,3.7846602464714776,4,189.23301232357386,4,0,TRUE
046,6,fugal,10,0.02218625626144971,4,2.218625626144971,4,0,TRUE
046,6,fugal,15,2.249602697088297,4,149.97351313921982,4,0,TRUE
046,6,fugal,20,-0.5985182071670603,4,-29.925910358353015,4,0,TRUE
046,7,flashbaseline,NA,0.23166364879282877,8,NA,8,0,TRUE
046,7,petal,10,2.2591079531992975,4,225.91079531992975,4,0,TRUE
046,7,petal,15,3.2200774248552477,4,214.67182832368317,4,0,TRUE
046,7,petal,20,2.6885191342834824,4,134.42595671417413,4,0,TRUE
046,7,fugal,10,1.0439371229425138,4,104.39371229425139,4,0,TRUE
046,7,fugal,15,-0.8998761753636405,4,-59.9917450242427,4,0,TRUE
046,7,fugal,20,-0.12131474282725996,4,-6.065737141362997,4,0,TRUE
046,8,flashbaseline,NA,0.5690930557878926,8,NA,8,0,TRUE
046,8,petal,10,1.9745359162819045,4,197.45359162819045,4,0,TRUE
046,8,petal,15,2.076802323365386,4,138.45348822435903,4,0,TRUE
046,8,petal,20,1.4964813488351913,4,74.82406744175957,4,0,TRUE
046,8,fugal,10,-0.5658795740186222,4,-56.58795740186222,4,0,TRUE
046,8,fugal,15,-0.057133555104121075,4,-3.808903673608072,4,0,TRUE
046,8,fugal,20,0.6843594202681083,4,34.21797101340542,4,0,TRUE
046,9,flashbaseline,NA,0.7237401931195783,8,NA,8,0,TRUE
046,9,petal,10,2.393096096882665,4,239.30960968826648,4,0,TRUE
046,9,petal,15,2.700752078067749,4,180.05013853784996,4,0,TRUE
046,9,petal,20,3.293239404530775,4,164.66197022653876,4,0,TRUE
046,9,fugal,10,0.1842464362672388,4,18.424643626723878,4,0,TRUE
046,9,fugal,15,-0.16662389525602922,4,-11.10825968373528,4,0,TRUE
046,9,fugal,20,0.44138212829957246,4,22.069106414978624,4,0,TRUE
046,10,flashbaseline,NA,0.30016682621621604,8,NA,8,0,TRUE
046,10,petal,10,1.7612322527924844,4,176.12322527924846,4,0,TRUE
046,10,petal,15,1.7575251181023401,4,117.16834120682267,4,0,TRUE
046,10,petal,20,2.893247627991515,4,144.66238139957574,4,0,TRUE
046,10,fugal,10,-0.769962327661407,4,-76.99623276614071,4,0,TRUE
046,10,fugal,15,-0.19346459691869794,4,-12.897639794579863,4,0,TRUE
046,10,fugal,20,-1.6640971539356806,4,-83.20485769678403,4,0,TRUE
046,11,flashbaseline,NA,0.22111411988331575,8,NA,8,0,TRUE
046,11,petal,10,1.996244453016715,4,199.6244453016715,4,0,TRUE
046,11,petal,15,2.4753513491213126,4,165.02342327475418,4,0,TRUE
046,11,petal,20,2.0936161615328897,4,104.68080807664448,4,0,TRUE
046,11,fugal,10,-0.3407711326364449,4,-34.077113263644485,4,0,TRUE
046,11,fugal,15,-0.4658503011549312,4,-31.05668674366208,4,0,TRUE
046,11,fugal,20,-0.35679642276350054,4,-17.839821138175026,4,0,TRUE
046,12,flashbaseline,NA,0.5272017316844605,8,NA,8,0,TRUE
046,12,petal,10,1.9322162855576757,4,193.22162855576758,4,0,TRUE
046,12,petal,15,2.006273752417925,4,133.75158349452835,4,0,TRUE
046,12,petal,20,3.5808243987232826,4,179.0412199361641,4,0,TRUE
046,12,fugal,10,0.09206490913548948,4,9.206490913548947,4,0,TRUE
046,12,fugal,15,-0.020216767910875708,4,-1.347784527391714,4,0,TRUE
046,12,fugal,20,-0.08402724701079127,4,-4.201362350539564,4,0,TRUE
047,1,flashbaseline,NA,-0.4549805686642231,8,NA,8,0,TRUE
047,1,petal,10,2.3449900843652767,4,234.49900843652765,4,0,TRUE
047,1,petal,15,4.4683597368740795,4,297.89064912493865,4,0,TRUE
047,1,petal,20,-0.16402357670035494,4,-8.201178835017748,4,0,TRUE
047,1,fugal,10,1.8035746171249127,4,180.35746171249127,4,0,TRUE
047,1,fugal,15,4.784562055844818,4,318.97080372298785,4,0,TRUE
047,1,fugal,20,1.9719980502083776,4,98.59990251041887,4,0,TRUE
047,2,flashbaseline,NA,-0.40704246772392444,8,NA,8,0,TRUE
047,2,petal,10,3.0663663445984,4,306.63663445984,4,0,TRUE
047,2,petal,15,3.900132417846615,4,260.008827856441,4,0,TRUE
047,2,petal,20,5.55031695248228,4,277.51584762411403,4,0,TRUE
047,2,fugal,10,-0.2172569103219193,4,-21.72569103219193,4,0,TRUE
047,2,fugal,15,1.8383330886024192,4,122.55553924016128,4,0,TRUE
047,2,fugal,20,3.0647470394525365,4,153.23735197262684,4,0,TRUE
047,3,flashbaseline,NA,0.31853680613058133,8,NA,8,0,TRUE
047,3,petal,10,3.4043095242481924,4,340.4309524248192,4,0,TRUE
047,3,petal,15,3.97965724053619,4,265.3104827024127,4,0,TRUE
047,3,petal,20,4.670853887386618,4,233.5426943693309,4,0,TRUE
047,3,fugal,10,1.8708017407324424,4,187.08017407324422,4,0,TRUE
047,3,fugal,15,1.178090064825453,4,78.53933765503021,4,0,TRUE
047,3,fugal,20,2.471799751305795,4,123.58998756528976,4,0,TRUE
047,4,flashbaseline,NA,0.2100872688428254,8,NA,8,0,TRUE
047,4,petal,10,3.5130487379165825,4,351.3048737916583,4,0,TRUE
047,4,petal,15,4.772758629247965,4,318.183908616531,4,0,TRUE
047,4,petal,20,4.589849156870315,4,229.49245784351575,4,0,TRUE
047,4,fugal,10,2.212072889505653,3,221.20728895056533,4,1,FALSE
047,4,fugal,15,3.0662055989718864,4,204.41370659812577,4,0,TRUE
047,4,fugal,20,4.674310177715133,4,233.71550888575663,4,0,TRUE
047,5,flashbaseline,NA,-0.32761988467714553,8,NA,8,0,TRUE
047,5,petal,10,4.092145680287865,4,409.21456802878646,4,0,TRUE
047,5,petal,15,4.7668180276597,4,317.78786851064666,4,0,TRUE
047,5,petal,20,6.319661931437477,4,315.98309657187383,4,0,TRUE
047,5,fugal,10,0.6849476108400072,4,68.49476108400073,4,0,TRUE
047,5,fugal,15,3.4980765281100803,4,233.20510187400538,4,0,TRUE
047,5,fugal,20,3.6678779386935547,4,183.3938969346777,4,0,TRUE
047,6,flashbaseline,NA,0.6141321007824622,8,NA,8,0,TRUE
047,6,petal,10,3.270603693148052,4,327.0603693148052,4,0,TRUE
047,6,petal,15,3.7152268268745874,4,247.68178845830582,4,0,TRUE
047,6,petal,20,5.478023114598303,4,273.90115572991516,4,0,TRUE
047,6,fugal,10,2.6623308925612523,4,266.2330892561252,4,0,TRUE
047,6,fugal,15,2.607073843278797,4,173.80492288525315,4,0,TRUE
047,6,fugal,20,2.2579174317874906,4,112.89587158937454,4,0,TRUE
047,7,flashbaseline,NA,-0.09433826467545237,8,NA,8,0,TRUE
047,7,petal,10,2.9923948479192397,4,299.239484791924,4,0,TRUE
047,7,petal,15,4.923355362376625,4,328.22369082510835,4,0,TRUE
047,7,petal,20,4.881641362423655,4,244.08206812118274,4,0,TRUE
047,7,fugal,10,1.3020556938729797,4,130.20556938729797,4,0,TRUE
047,7,fugal,15,0.6374758268291933,4,42.49838845527955,4,0,TRUE
047,7,fugal,20,3.4973863740476303,4,174.86931870238152,4,0,TRUE
047,8,flashbaseline,NA,-1.3161622442567447,8,NA,8,0,TRUE
047,8,petal,10,1.5743043381285649,4,157.43043381285648,4,0,TRUE
047,8,petal,15,3.0793631231625924,4,205.29087487750616,4,0,TRUE
047,8,petal,20,5.66509670477932,4,283.254835238966,4,0,TRUE
047,8,fugal,10,3.1827603662583988,4,318.2760366258399,4,0,TRUE
047,8,fugal,15,2.7465571571276124,4,183.10381047517416,4,0,TRUE
047,8,fugal,20,2.6194190498145993,4,130.97095249072996,4,0,TRUE
047,9,flashbaseline,NA,-0.6246301037121108,8,NA,8,0,TRUE
047,9,petal,10,1.0966012042179762,4,109.66012042179763,4,0,TRUE
047,9,petal,15,3.3153025469982524,4,221.02016979988352,4,0,TRUE
047,9,petal,20,6.215552603521405,4,310.77763017607026,4,0,TRUE
047,9,fugal,10,1.2783333553385117,4,127.83333553385118,4,0,TRUE
047,9,fugal,15,2.500967519704565,4,166.73116798030432,4,0,TRUE
047,9,fugal,20,2.2297444351790423,4,111.48722175895212,4,0,TRUE
047,10,flashbaseline,NA,0.2169465420573891,8,NA,8,0,TRUE
047,10,petal,10,2.79864874008571,4,279.864874008571,4,0,TRUE
047,10,petal,15,4.431779571174582,4,295.4519714116388,4,0,TRUE
047,10,petal,20,5.05516710880449,4,252.7583554402245,4,0,TRUE
047,10,fugal,10,0.6956018355954106,4,69.56018355954104,4,0,TRUE
047,10,fugal,15,1.742640154119031,4,116.17601027460208,4,0,TRUE
047,10,fugal,20,-0.32903188952863527,4,-16.45159447643176,4,0,TRUE
047,11,flashbaseline,NA,-0.5289668014192225,8,NA,8,0,TRUE
047,11,petal,10,3.2639873173760927,4,326.39873173760924,4,0,TRUE
047,11,petal,15,3.4391332043977876,4,229.2755469598525,4,0,TRUE
047,11,petal,20,3.879219386177945,4,193.96096930889726,4,0,TRUE
047,11,fugal,10,1.6078566292431102,4,160.78566292431103,4,0,TRUE
047,11,fugal,15,1.4631822038778004,4,97.54548025852003,4,0,TRUE
047,11,fugal,20,1.967744050690095,4,98.38720253450475,4,0,TRUE
047,12,flashbaseline,NA,0.40823584856241973,8,NA,8,0,TRUE
047,12,petal,10,3.1370223352022726,4,313.70223352022725,4,0,TRUE
047,12,petal,15,4.270615304984423,4,284.70768699896155,4,0,TRUE
047,12,petal,20,4.268448769507,4,213.42243847534996,4,0,TRUE
047,12,fugal,10,1.070685957857463,4,107.06859578574631,4,0,TRUE
047,12,fugal,15,1.9152573257630308,4,127.6838217175354,4,0,TRUE
047,12,fugal,20,1.7137351073280762,4,85.68675536640382,4,0,TRUE
048,1,flashbaseline,NA,-0.06669852916343619,8,NA,8,0,TRUE
048,1,petal,10,2.1796663132141676,4,217.96663132141674,4,0,TRUE
048,1,petal,15,1.9375258332860272,4,129.16838888573514,4,0,TRUE
048,1,petal,20,2.247572052922545,4,112.37860264612725,4,0,TRUE
048,1,fugal,10,-0.4234185504299325,4,-42.341855042993245,4,0,TRUE
048,1,fugal,15,0.03414399059337328,4,2.2762660395582186,4,0,TRUE
048,1,fugal,20,-0.3331579120570987,4,-16.657895602854936,4,0,TRUE
048,2,flashbaseline,NA,-0.3695495944684565,8,NA,8,0,TRUE
048,2,petal,10,2.1371713474838967,4,213.71713474838967,4,0,TRUE
048,2,petal,15,2.62295543647321,4,174.86369576488067,4,0,TRUE
048,2,petal,20,2.35822910252596,4,117.911455126298,4,0,TRUE
048,2,fugal,10,-0.6841697096818564,4,-68.41697096818564,4,0,TRUE
048,2,fugal,15,-0.10368730281100846,4,-6.912486854067231,4,0,TRUE
048,2,fugal,20,0.22203027194147376,4,11.101513597073687,4,0,TRUE
048,3,flashbaseline,NA,-0.12869898035169855,8,NA,8,0,TRUE
048,3,petal,10,0.36445513125079376,4,36.44551312507937,4,0,TRUE
048,3,petal,15,1.5514701465123184,4,103.43134310082122,4,0,TRUE
048,3,petal,20,2.26574241835824,4,113.287120917912,4,0,TRUE
048,3,fugal,10,-1.1578993864061908,4,-115.78993864061908,4,0,TRUE
048,3,fugal,15,1.2281179352200653,4,81.87452901467101,4,0,TRUE
048,3,fugal,20,-0.03895844073615351,4,-1.9479220368076755,4,0,TRUE
048,4,flashbaseline,NA,0.2051888629511109,8,NA,8,0,TRUE
048,4,petal,10,1.5828811551986766,4,158.28811551986766,4,0,TRUE
048,4,petal,15,1.1747159022113998,4,78.31439348075999,4,0,TRUE
048,4,petal,20,2.7580846602550326,4,137.90423301275163,4,0,TRUE
048,4,fugal,10,-0.3101120408128414,4,-31.01120408128414,4,0,TRUE
048,4,fugal,15,-0.19117458294450596,4,-12.744972196300397,4,0,TRUE
048,4,fugal,20,-0.3477515495110922,4,-17.38757747555461,4,0,TRUE
048,5,flashbaseline,NA,0.026501765328116933,8,NA,8,0,TRUE
048,5,petal,10,0.8989471495737955,4,89.89471495737955,4,0,TRUE
048,5,petal,15,1.74188998353627,4,116.12599890241799,4,0,TRUE
048,5,petal,20,2.1852801224337357,4,109.26400612168678,4,0,TRUE
048,5,fugal,10,-0.7307640212316481,4,-73.07640212316481,4,0,TRUE
048,5,fugal,15,-0.04784787524733283,4,-3.189858349822189,4,0,TRUE
048,5,fugal,20,0.835552919585834,4,41.7776459792917,4,0,TRUE
048,6,flashbaseline,NA,0.24485258406671256,8,NA,8,0,TRUE
048,6,petal,10,2.395151444340863,4,239.5151444340863,4,0,TRUE
048,6,petal,15,-0.028923840283580388,4,-1.9282560189053592,4,0,TRUE
048,6,petal,20,0.8493397495099588,4,42.466987475497945,4,0,TRUE
048,6,fugal,10,-0.8219749748712959,4,-82.1974974871296,4,0,TRUE
048,6,fugal,15,-0.1884540523805518,4,-12.563603492036785,4,0,TRUE
048,6,fugal,20,1.044517952692582,4,52.225897634629106,4,0,TRUE
048,7,flashbaseline,NA,-0.02844338966972043,8,NA,8,0,TRUE
048,7,petal,10,0.9757451151744531,4,97.57451151744532,4,0,TRUE
048,7,petal,15,1.6185974498310958,4,107.90649665540639,4,0,TRUE
048,7,petal,20,1.282848704333192,4,64.1424352166596,4,0,TRUE
048,7,fugal,10,-0.16887246097483422,4,-16.887246097483423,4,0,TRUE
048,7,fugal,15,-0.4962667525556945,4,-33.08445017037963,4,0,TRUE
048,7,fugal,20,-0.33857503234526654,4,-16.928751617263327,4,0,TRUE
048,8,flashbaseline,NA,-0.5966244310248358,8,NA,8,0,TRUE
048,8,petal,10,0.9664072451662448,4,96.64072451662447,4,0,TRUE
048,8,petal,15,1.883505244575986,4,125.56701630506572,4,0,TRUE
048,8,petal,20,1.080195493002388,4,54.0097746501194,4,0,TRUE
048,8,fugal,10,-0.5227572962621397,4,-52.27572962621397,4,0,TRUE
048,8,fugal,15,-0.2217623368710277,4,-14.784155791401847,4,0,TRUE
048,8,fugal,20,-0.11768932635699447,4,-5.884466317849723,4,0,TRUE
048,9,flashbaseline,NA,-0.43330564090922036,8,NA,8,0,TRUE
048,9,petal,10,0.7905758590970388,4,79.05758590970387,4,0,TRUE
048,9,petal,15,1.1288995477086812,4,75.25996984724542,4,0,TRUE
048,9,petal,20,1.430125580052768,4,71.5062790026384,4,0,TRUE
048,9,fugal,10,-0.4385987369810287,4,-43.85987369810287,4,0,TRUE
048,9,fugal,15,-0.4799220557981563,4,-31.994803719877083,4,0,TRUE
048,9,fugal,20,-0.15465152713216926,4,-7.732576356608463,4,0,TRUE
048,10,flashbaseline,NA,-0.42220545981720103,8,NA,8,0,TRUE
048,10,petal,10,0.8152613484669216,4,81.52613484669216,4,0,TRUE
048,10,petal,15,0.0826917501737045,4,5.512783344913633,4,0,TRUE
048,10,petal,20,1.074423531660168,4,53.7211765830084,4,0,TRUE
048,10,fugal,10,-0.8516941135666061,4,-85.1694113566606,4,0,TRUE
048,10,fugal,15,-0.20381529527814354,4,-13.587686351876236,4,0,TRUE
048,10,fugal,20,-1.0642713329107443,4,-53.21356664553721,4,0,TRUE
048,11,flashbaseline,NA,0.013326770217977735,8,NA,8,0,TRUE
048,11,petal,10,-0.19035152542849398,4,-19.035152542849396,4,0,TRUE
048,11,petal,15,1.0871527641098016,4,72.47685094065343,4,0,TRUE
048,11,petal,20,2.745089828858565,4,137.25449144292827,4,0,TRUE
048,11,fugal,10,-0.41277582909681776,4,-41.277582909681776,4,0,TRUE
048,11,fugal,15,-1.1480550638437401,4,-76.53700425624935,4,0,TRUE
048,11,fugal,20,0.6432266705434225,4,32.161333527171124,4,0,TRUE
048,12,flashbaseline,NA,0.678829602350435,8,NA,8,0,TRUE
048,12,petal,10,1.3122731005309425,4,131.22731005309424,4,0,TRUE
048,12,petal,15,0.6216527083630334,4,41.44351389086889,4,0,TRUE
048,12,petal,20,1.929393317591147,4,96.46966587955735,4,0,TRUE
048,12,fugal,10,-0.6349936395096261,4,-63.499363950962604,4,0,TRUE
048,12,fugal,15,0.151416817498035,4,10.094454499869002,4,0,TRUE
048,12,fugal,20,-0.6360330167321641,4,-31.8016508366082,4,0,TRUE
049,1,flashbaseline,NA,0.2788005757687788,8,NA,8,0,TRUE
049,1,petal,10,2.56207822778977,4,256.20782277897695,4,0,TRUE
049,1,petal,15,4.006105507917745,4,267.07370052784967,4,0,TRUE
049,1,petal,20,4.177157281019747,4,208.85786405098736,4,0,TRUE
049,1,fugal,10,-1.9058255572943499,4,-190.582555729435,4,0,TRUE
049,1,fugal,15,-2.8633942369214,4,-190.8929491280933,4,0,TRUE
049,1,fugal,20,-4.445627280626447,4,-222.28136403132237,4,0,TRUE
049,2,flashbaseline,NA,0.03801896627368373,8,NA,8,0,TRUE
049,2,petal,10,3.063779666341498,4,306.3779666341498,4,0,TRUE
049,2,petal,15,3.6068012418234123,4,240.45341612156082,4,0,TRUE
049,2,petal,20,3.99880280400353,4,199.9401402001765,4,0,TRUE
049,2,fugal,10,-3.1862501146941025,4,-318.62501146941025,4,0,TRUE
049,2,fugal,15,-2.8381780533894276,4,-189.21187022596183,4,0,TRUE
049,2,fugal,20,-4.001595276156308,4,-200.0797638078154,4,0,TRUE
049,3,flashbaseline,NA,0.005007543302961159,8,NA,8,0,TRUE
049,3,petal,10,3.523648549821117,4,352.36485498211175,4,0,TRUE
049,3,petal,15,3.52694301205494,4,235.129534136996,4,0,TRUE
049,3,petal,20,4.0428947030739275,4,202.1447351536964,4,0,TRUE
049,3,fugal,10,-3.501799593315985,4,-350.1799593315985,4,0,TRUE
049,3,fugal,15,-3.9081081593568676,4,-260.5405439571245,4,0,TRUE
049,3,fugal,20,-4.56588535120924,4,-228.294267560462,4,0,TRUE
049,4,flashbaseline,NA,0.05073412993587523,8,NA,8,0,TRUE
049,4,petal,10,3.091258659311255,4,309.12586593112553,4,0,TRUE
049,4,petal,15,3.6310970771130573,4,242.0731384742038,4,0,TRUE
049,4,petal,20,3.5561076568141647,4,177.80538284070823,4,0,TRUE
049,4,fugal,10,-3.8406914870171573,4,-384.06914870171573,4,0,TRUE
049,4,fugal,15,-3.5804445171640924,4,-238.6963011442728,4,0,TRUE
049,4,fugal,20,-5.264678522038297,4,-263.23392610191485,4,0,TRUE
049,5,flashbaseline,NA,-0.018950896702859044,8,NA,8,0,TRUE
049,5,petal,10,3.194034240164095,4,319.40342401640953,4,0,TRUE
049,5,petal,15,2.979599037766595,4,198.63993585110634,4,0,TRUE
049,5,petal,20,2.98227496723181,4,149.1137483615905,4,0,TRUE
049,5,fugal,10,-4.091606371384835,4,-409.16063713848354,4,0,TRUE
049,5,fugal,15,-3.70492745864865,4,-246.99516390991,4,0,TRUE
049,5,fugal,20,-4.205374866440622,4,-210.2687433220311,4,0,TRUE
049,6,flashbaseline,NA,0.3212332780541439,8,NA,8,0,TRUE
049,6,petal,10,2.0273406679705923,4,202.73406679705926,4,0,TRUE
049,6,petal,15,2.303410620105917,4,153.56070800706112,4,0,TRUE
049,6,petal,20,2.160626996491976,4,108.0313498245988,4,0,TRUE
049,6,fugal,10,-3.49847070558432,4,-349.847070558432,4,0,TRUE
049,6,fugal,15,-3.4832530581096925,4,-232.21687054064617,4,0,TRUE
049,6,fugal,20,-4.291097284601122,4,-214.5548642300561,4,0,TRUE
049,7,flashbaseline,NA,-0.18254660055166252,8,NA,8,0,TRUE
049,7,petal,10,2.3963428687473294,4,239.63428687473294,4,0,TRUE
049,7,petal,15,1.5794312712442768,4,105.29541808295178,4,0,TRUE
049,7,petal,20,2.3276753389651597,4,116.38376694825799,4,0,TRUE
049,7,fugal,10,-3.4201443672594976,4,-342.0144367259498,4,0,TRUE
049,7,fugal,15,-4.30987875999445,4,-287.32525066629665,4,0,TRUE
049,7,fugal,20,-5.292103287932737,4,-264.60516439663684,4,0,TRUE
049,8,flashbaseline,NA,-0.35072714186374504,8,NA,8,0,TRUE
049,8,petal,10,3.1738068087599753,4,317.38068087599754,4,0,TRUE
049,8,petal,15,1.5278030884869842,4,101.85353923246561,4,0,TRUE
049,8,petal,20,1.2199232944482774,4,60.99616472241387,4,0,TRUE
049,8,fugal,10,-3.1614818897411303,4,-316.148188974113,4,0,TRUE
049,8,fugal,15,-4.531114480497303,4,-302.07429869982025,4,0,TRUE
049,8,fugal,20,-3.7481355041453224,4,-187.40677520726612,4,0,TRUE
049,9,flashbaseline,NA,0.47198064001548684,8,NA,8,0,TRUE
049,9,petal,10,2.0092288048669205,4,200.92288048669204,4,0,TRUE
049,9,petal,15,1.4868092849240528,4,99.12061899493686,4,0,TRUE
049,9,petal,20,3.2470661871760473,4,162.3533093588024,4,0,TRUE
049,9,fugal,10,-4.388490288906265,4,-438.84902889062647,4,0,TRUE
049,9,fugal,15,-4.196531065817035,4,-279.76873772113566,4,0,TRUE
049,9,fugal,20,-4.088693582081685,4,-204.43467910408424,4,0,TRUE
049,10,flashbaseline,NA,-0.256836958278543,8,NA,8,0,TRUE
049,10,petal,10,2.261116375717895,4,226.1116375717895,4,0,TRUE
049,10,petal,15,1.5957509360804512,4,106.38339573869675,4,0,TRUE
049,10,petal,20,1.9403700191135411,4,97.01850095567706,4,0,TRUE
049,10,fugal,10,-3.2736075356265775,4,-327.36075356265775,4,0,TRUE
049,10,fugal,15,-4.29853308599757,4,-286.56887239983797,4,0,TRUE
049,10,fugal,20,-4.7376244416100475,4,-236.8812220805024,4,0,TRUE
049,11,flashbaseline,NA,-0.08973792713751497,8,NA,8,0,TRUE
049,11,petal,10,1.9767432707773824,4,197.67432707773824,4,0,TRUE
049,11,petal,15,1.644536639883848,4,109.63577599225653,4,0,TRUE
049,11,petal,20,0.9207918756027493,4,46.039593780137466,4,0,TRUE
049,11,fugal,10,-4.682028926747603,4,-468.2028926747603,4,0,TRUE
049,11,fugal,15,-4.526809862207233,4,-301.78732414714887,4,0,TRUE
049,11,fugal,20,-6.5404933769969205,4,-327.024668849846,4,0,TRUE
049,12,flashbaseline,NA,0.14260358752348118,8,NA,8,0,TRUE
049,12,petal,10,2.741912325880133,4,274.19123258801324,4,0,TRUE
049,12,petal,15,2.0121624445877675,4,134.14416297251782,4,0,TRUE
049,12,petal,20,0.8476759139701453,4,42.38379569850727,4,0,TRUE
049,12,fugal,10,-5.457770483363635,4,-545.7770483363636,4,0,TRUE
049,12,fugal,15,-5.033864956905733,4,-335.59099712704887,4,0,TRUE
049,12,fugal,20,-6.024477652323565,4,-301.2238826161783,4,0,TRUE
050,1,flashbaseline,NA,-0.2982429878199,8,NA,8,0,TRUE
050,1,petal,10,1.47795801870687,4,147.795801870687,4,0,TRUE
050,1,petal,15,3.2419400756887273,4,216.1293383792485,4,0,TRUE
050,1,petal,20,4.910997801481038,4,245.5498900740519,4,0,TRUE
050,1,fugal,10,2.6422835265422124,4,264.2283526542212,4,0,TRUE
050,1,fugal,15,4.317591754510567,4,287.83945030070447,4,0,TRUE
050,1,fugal,20,5.8509134814126895,4,292.5456740706345,4,0,TRUE
050,2,flashbaseline,NA,-0.07857518327859653,8,NA,8,0,TRUE
050,2,petal,10,3.3018004838680874,4,330.1800483868088,4,0,TRUE
050,2,petal,15,4.57706466123349,4,305.1376440822327,4,0,TRUE
050,2,petal,20,5.023521949482772,4,251.1760974741386,4,0,TRUE
050,2,fugal,10,2.032848759899479,4,203.28487598994786,4,0,TRUE
050,2,fugal,15,3.4098403110821627,4,227.3226874054775,4,0,TRUE
050,2,fugal,20,4.648534415818688,4,232.42672079093438,4,0,TRUE
050,3,flashbaseline,NA,-0.47770384981511715,8,NA,8,0,TRUE
050,3,petal,10,3.550953192336593,3,355.0953192336593,4,1,FALSE
050,3,petal,15,2.6366988302318375,4,175.77992201545584,4,0,TRUE
050,3,petal,20,5.100129396722037,4,255.00646983610187,4,0,TRUE
050,3,fugal,10,2.0664691987930475,4,206.64691987930476,4,0,TRUE
050,3,fugal,15,4.1581467635569,4,277.20978423712666,4,0,TRUE
050,3,fugal,20,2.1021005987265693,4,105.10502993632846,4,0,TRUE
050,4,flashbaseline,NA,-0.47658221034536374,8,NA,8,0,TRUE
050,4,petal,10,3.96887058110332,4,396.88705811033196,4,0,TRUE
050,4,petal,15,4.638232620512823,4,309.2155080341882,4,0,TRUE
050,4,petal,20,5.6623308348946395,4,283.116541744732,4,0,TRUE
050,4,fugal,10,2.7401899459597123,4,274.0189945959712,4,0,TRUE
050,4,fugal,15,3.2163580499826567,4,214.42386999884377,4,0,TRUE
050,4,fugal,20,3.391741237251485,4,169.58706186257425,4,0,TRUE
050,5,flashbaseline,NA,0.4263609002852545,8,NA,8,0,TRUE
050,5,petal,10,4.115891422793857,4,411.5891422793857,4,0,TRUE
050,5,petal,15,3.7970333303509074,4,253.13555535672717,4,0,TRUE
050,5,petal,20,5.606926606648034,3,280.3463303324017,4,1,FALSE
050,5,fugal,10,1.1061886788899575,4,110.61886788899575,4,0,TRUE
050,5,fugal,15,3.5172799918905615,4,234.4853327927041,4,0,TRUE
050,5,fugal,20,1.992901341721865,4,99.64506708609325,4,0,TRUE
050,6,flashbaseline,NA,-0.08855836088390998,8,NA,8,0,TRUE
050,6,petal,10,3.4233948624333177,4,342.33948624333175,4,0,TRUE
050,6,petal,15,4.290156656875245,4,286.010443791683,4,0,TRUE
050,6,petal,20,4.9110996647413625,4,245.55498323706811,4,0,TRUE
050,6,fugal,10,1.922358805246883,4,192.2358805246883,4,0,TRUE
050,6,fugal,15,2.0179725577127297,4,134.5315038475153,4,0,TRUE
050,6,fugal,20,4.08496081279744,4,204.248040639872,4,0,TRUE
050,7,flashbaseline,NA,-0.2934291833570015,7,NA,8,1,FALSE
050,7,petal,10,3.1030433500464003,4,310.30433500464005,4,0,TRUE
050,7,petal,15,3.5866566172943766,3,239.11044115295843,4,1,FALSE
050,7,petal,20,5.467777232542683,4,273.38886162713413,4,0,TRUE
050,7,fugal,10,1.7100448139651605,4,171.00448139651607,4,0,TRUE
050,7,fugal,15,0.727110682157815,4,48.47404547718767,4,0,TRUE
050,7,fugal,20,4.980295257756407,4,249.01476288782038,4,0,TRUE
050,8,flashbaseline,NA,0.5130623290746943,8,NA,8,0,TRUE
050,8,petal,10,4.049961186837929,4,404.9961186837929,4,0,TRUE
050,8,petal,15,5.1136338090979825,4,340.90892060653215,4,0,TRUE
050,8,petal,20,4.4436284025033945,4,222.18142012516972,4,0,TRUE
050,8,fugal,10,2.2784910791403514,4,227.84910791403516,4,0,TRUE
050,8,fugal,15,3.4543831692549785,4,230.29221128366524,4,0,TRUE
050,8,fugal,20,1.9299764090487936,4,96.49882045243969,4,0,TRUE
050,9,flashbaseline,NA,0.9381930060806906,8,NA,8,0,TRUE
050,9,petal,10,3.2286306218487617,4,322.8630621848761,4,0,TRUE
050,9,petal,15,4.813048851181502,4,320.86992341210015,4,0,TRUE
050,9,petal,20,3.586964430544665,4,179.34822152723322,4,0,TRUE
050,9,fugal,10,-0.3318837249082285,4,-33.18837249082285,4,0,TRUE
050,9,fugal,15,1.2218145838136727,4,81.45430558757819,4,0,TRUE
050,9,fugal,20,2.301084468423866,3,115.05422342119329,4,1,FALSE
050,10,flashbaseline,NA,0.15981072474696115,8,NA,8,0,TRUE
050,10,petal,10,3.8639561026734977,4,386.39561026734975,4,0,TRUE
050,10,petal,15,3.7521796210947724,4,250.14530807298485,4,0,TRUE
050,10,petal,20,4.664537033133508,4,233.2268516566754,4,0,TRUE
050,10,fugal,10,2.1056658991913553,4,210.5665899191355,4,0,TRUE
050,10,fugal,15,2.3389147808396973,4,155.92765205597982,4,0,TRUE
050,10,fugal,20,1.9549187879523644,4,97.74593939761822,4,0,TRUE
050,11,flashbaseline,NA,0.17832036892974862,8,NA,8,0,TRUE
050,11,petal,10,2.207651095165425,4,220.7651095165425,4,0,TRUE
050,11,petal,15,4.4242561722276,4,294.95041148184,4,0,TRUE
050,11,petal,20,5.772212281782572,4,288.6106140891286,4,0,TRUE
050,11,fugal,10,0.7139617021603677,4,71.39617021603677,4,0,TRUE
050,11,fugal,15,1.7489904143583779,4,116.59936095722519,4,0,TRUE
050,11,fugal,20,1.6183003014095945,4,80.91501507047973,4,0,TRUE
050,12,flashbaseline,NA,0.1580166961134727,8,NA,8,0,TRUE
050,12,petal,10,1.4562323571361064,4,145.62323571361063,4,0,TRUE
050,12,petal,15,3.5721500090837672,4,238.1433339389178,4,0,TRUE
050,12,petal,20,4.767983902683032,4,238.39919513415163,4,0,TRUE
050,12,fugal,10,0.9126974100594076,4,91.26974100594076,4,0,TRUE
050,12,fugal,15,1.1304127027722273,4,75.36084685148182,4,0,TRUE
050,12,fugal,20,0.2728468596340201,4,13.642342981701006,4,0,TRUE
051,1,flashbaseline,NA,-0.07132830948819355,8,NA,8,0,TRUE
051,1,petal,10,0.9637094812077512,4,96.37094812077513,4,0,TRUE
051,1,petal,15,0.8750938435615983,4,58.33958957077322,4,0,TRUE
051,1,petal,20,1.9265337834252774,4,96.32668917126387,4,0,TRUE
051,1,fugal,10,1.0795547229097049,4,107.95547229097049,4,0,TRUE
051,1,fugal,15,0.5921499497752493,4,39.47666331834995,4,0,TRUE
051,1,fugal,20,1.6586889890437448,4,82.93444945218724,4,0,TRUE
051,2,flashbaseline,NA,0.7690963919836227,8,NA,8,0,TRUE
051,2,petal,10,2.23235120478157,4,223.235120478157,4,0,TRUE
051,2,petal,15,0.7780103895394783,4,51.86735930263189,4,0,TRUE
051,2,petal,20,2.220998019502293,4,111.04990097511465,4,0,TRUE
051,2,fugal,10,1.3328763112951827,4,133.28763112951827,4,0,TRUE
051,2,fugal,15,0.9165596524436954,4,61.10397682957969,4,0,TRUE
051,2,fugal,20,2.229551903859832,4,111.4775951929916,4,0,TRUE
051,3,flashbaseline,NA,0.04981096405625231,8,NA,8,0,TRUE
051,3,petal,10,1.1885952443618544,4,118.85952443618544,4,0,TRUE
051,3,petal,15,0.7149793096638125,4,47.66528731092083,4,0,TRUE
051,3,petal,20,-0.1683642280362435,4,-8.418211401812176,4,0,TRUE
051,3,fugal,10,-0.9380060009961885,4,-93.80060009961885,4,0,TRUE
051,3,fugal,15,0.28607152420999554,4,19.071434947333035,4,0,TRUE
051,3,fugal,20,-0.5249038142418893,4,-26.245190712094463,4,0,TRUE
051,4,flashbaseline,NA,-0.3114474488988848,8,NA,8,0,TRUE
051,4,petal,10,1.0477020031611057,4,104.77020031611058,4,0,TRUE
051,4,petal,15,-0.6208395959296651,4,-41.38930639531101,4,0,TRUE
051,4,petal,20,1.3617264775664104,4,68.08632387832051,4,0,TRUE
051,4,fugal,10,1.089376548285981,4,108.9376548285981,4,0,TRUE
051,4,fugal,15,0.1698949292012057,4,11.326328613413713,4,0,TRUE
051,4,fugal,20,0.8339458899789021,4,41.697294498945105,4,0,TRUE
051,5,flashbaseline,NA,0.6369810163759458,8,NA,8,0,TRUE
051,5,petal,10,1.5470388812523472,4,154.70388812523473,4,0,TRUE
051,5,petal,15,1.1945087679978117,4,79.63391786652079,4,0,TRUE
051,5,petal,20,2.239188857515335,4,111.95944287576675,4,0,TRUE
051,5,fugal,10,0.9545726565354149,4,95.45726565354148,4,0,TRUE
051,5,fugal,15,0.17960169912440202,4,11.973446608293468,4,0,TRUE
051,5,fugal,20,0.87620285096495365,4,43.81014254824768,4,0,TRUE
051,6,flashbaseline,NA,0.03169141132497222,8,NA,8,0,TRUE
051,6,petal,10,0.671261260173752,4,67.1261260173752,4,0,TRUE
051,6,petal,15,0.2285320454833013,4,15.235469698886753,4,0,TRUE
051,6,petal,20,1.2683349963793835,4,63.41674981896918,4,0,TRUE
051,6,fugal,10,0.5221286841572508,4,52.212868415725076,4,0,TRUE
051,6,fugal,15,-0.336440442930276,4,-22.429362862018397,4,0,TRUE
051,6,fugal,20,-0.5316320563767424,4,-26.58160281883712,4,0,TRUE
051,7,flashbaseline,NA,0.16057413655816183,8,NA,8,0,TRUE
051,7,petal,10,2.4265012563561252,4,242.65012563561254,4,0,TRUE
051,7,petal,15,0.32403942324734303,4,21.60262821648954,4,0,TRUE
051,7,petal,20,1.3220380416425246,4,66.10190208212623,4,0,TRUE
051,7,fugal,10,-0.22194668427338093,4,-22.194668427338094,4,0,TRUE
051,7,fugal,15,0.18627643510716524,4,12.418429007144349,4,0,TRUE
051,7,fugal,20,0.18619318517235342,4,9.309659258617671,4,0,TRUE
051,8,flashbaseline,NA,-0.3438519647218278,8,NA,8,0,TRUE
051,8,petal,10,0.7962383647931325,4,79.62383647931324,4,0,TRUE
051,8,petal,15,1.2625582059828728,4,84.17054706552486,4,0,TRUE
051,8,petal,20,2.142014210688796,4,107.10071053443978,4,0,TRUE
051,8,fugal,10,-1.1385318658397245,4,-113.85318658397244,4,0,TRUE
051,8,fugal,15,-1.095174068057001,4,-73.0116045371334,4,0,TRUE
051,8,fugal,20,-0.1471304048960242,4,-7.35652024480121,4,0,TRUE
051,9,flashbaseline,NA,-0.23785649043442642,8,NA,8,0,TRUE
051,9,petal,10,1.0592084404710693,4,105.92084404710693,4,0,TRUE
051,9,petal,15,1.5706471256406294,4,104.70980837604196,4,0,TRUE
051,9,petal,20,0.40273706181680075,4,20.136853090840038,4,0,TRUE
051,9,fugal,10,-0.21300801179323833,4,-21.300801179323834,4,0,TRUE
051,9,fugal,15,-0.4463484643865814,4,-29.75656429243876,4,0,TRUE
051,9,fugal,20,0.5861363184533945,4,29.306815922669724,4,0,TRUE
051,10,flashbaseline,NA,-0.019322522162322886,8,NA,8,0,TRUE
051,10,petal,10,0.7523746080916565,4,75.23746080916564,4,0,TRUE
051,10,petal,15,1.5759705845598257,4,105.06470563732172,4,0,TRUE
051,10,petal,20,1.689531440176409,4,84.47657200882044,4,0,TRUE
051,10,fugal,10,1.5418457543055029,4,154.18457543055027,4,0,TRUE
051,10,fugal,15,-0.9239553324765545,4,-61.59702216510363,4,0,TRUE
051,10,fugal,20,1.5217247976814274,4,76.08623988407138,4,0,TRUE
051,11,flashbaseline,NA,0.26186985032195054,8,NA,8,0,TRUE
051,11,petal,10,1.5109783633842684,4,151.09783633842682,4,0,TRUE
051,11,petal,15,1.7543368658109793,4,116.95579105406529,4,0,TRUE
051,11,petal,20,1.8893009036161656,4,94.46504518080829,4,0,TRUE
051,11,fugal,10,-1.042602800591585,4,-104.2602800591585,4,0,TRUE
051,11,fugal,15,-0.20491743140276497,4,-13.661162093517666,4,0,TRUE
051,11,fugal,20,-1.8823424610313824,4,-94.11712305156912,4,0,TRUE
051,12,flashbaseline,NA,0.18116805561213212,8,NA,8,0,TRUE
051,12,petal,10,1.9557735269509091,4,195.57735269509092,4,0,TRUE
051,12,petal,15,0.9790113154149724,4,65.26742102766484,4,0,TRUE
051,12,petal,20,0.3985007530502992,4,19.92503765251496,4,0,TRUE
051,12,fugal,10,0.31093844504818025,4,31.093844504818023,4,0,TRUE
051,12,fugal,15,-0.6320186849210401,4,-42.13457899473601,4,0,TRUE
051,12,fugal,20,-0.6080193253489365,4,-30.400966267446826,4,0,TRUE
052,1,flashbaseline,NA,0.4582548479715064,8,NA,8,0,TRUE
052,1,petal,10,3.62825355757744,4,362.825355757744,4,0,TRUE
052,1,petal,15,3.57202629129602,4,238.13508608640132,4,0,TRUE
052,1,petal,20,4.949783660909313,4,247.48918304546567,4,0,TRUE
052,1,fugal,10,1.17889782596764,3,117.889782596764,4,1,FALSE
052,1,fugal,15,3.2502626102790075,4,216.6841740186005,4,0,TRUE
052,1,fugal,20,5.442788262769282,4,272.13941313846414,4,0,TRUE
053,1,flashbaseline,NA,-0.27786164850137773,8,NA,8,0,TRUE
053,1,petal,10,2.1069232639711473,4,210.69232639711473,4,0,TRUE
053,1,petal,15,1.5064444245800122,4,100.42962830533413,4,0,TRUE
053,1,petal,20,1.9869063823277593,4,99.34531911638797,4,0,TRUE
053,1,fugal,10,-0.6773677396398973,4,-67.73677396398972,4,0,TRUE
053,1,fugal,15,1.3191882452476404,4,87.94588301650937,4,0,TRUE
053,1,fugal,20,3.33554448804864,4,166.77722440243198,4,0,TRUE
053,2,flashbaseline,NA,-0.4394777450922375,8,NA,8,0,TRUE
053,2,petal,10,0.24834461413576137,4,24.834461413576136,4,0,TRUE
053,2,petal,15,2.117332211699303,4,141.15548077995354,4,0,TRUE
053,2,petal,20,2.083356346337155,4,104.16781731685776,4,0,TRUE
053,2,fugal,10,0.8294785833183222,4,82.94785833183222,4,0,TRUE
053,2,fugal,15,0.683338309215886,4,45.55588728105907,4,0,TRUE
053,2,fugal,20,3.34093381331571,4,167.04669066578552,4,0,TRUE
053,3,flashbaseline,NA,0.39748541432698964,8,NA,8,0,TRUE
053,3,petal,10,2.176551012329018,4,217.6551012329018,4,0,TRUE
053,3,petal,15,2.211061671732635,4,147.40411144884231,4,0,TRUE
053,3,petal,20,2.8540690396734494,4,142.70345198367247,4,0,TRUE
053,3,fugal,10,1.8982270926726754,4,189.82270926726756,4,0,TRUE
053,3,fugal,15,2.478484650256744,4,165.23231001711628,4,0,TRUE
053,3,fugal,20,0.061146057912628726,4,3.057302895631436,4,0,TRUE
053,4,flashbaseline,NA,0.41333272452921055,8,NA,8,0,TRUE
053,4,petal,10,3.158775871176935,4,315.8775871176935,4,0,TRUE
053,4,petal,15,3.101175777720245,4,206.74505184801635,4,0,TRUE
053,4,petal,20,4.542710977831675,4,227.13554889158374,4,0,TRUE
053,4,fugal,10,1.30222595000338,4,130.222595000338,4,0,TRUE
053,4,fugal,15,1.0580106167193866,4,70.53404111462578,4,0,TRUE
053,4,fugal,20,2.3718121789634496,4,118.59060894817249,4,0,TRUE
053,5,flashbaseline,NA,-0.24132833956035413,8,NA,8,0,TRUE
053,5,petal,10,1.7162874508508161,4,171.62874508508162,4,0,TRUE
053,5,petal,15,0.08773246306081761,4,5.848830870721174,4,0,TRUE
053,5,petal,20,2.2017939451136668,4,110.08969725568333,4,0,TRUE
053,5,fugal,10,1.4582412128823665,4,145.82412128823665,4,0,TRUE
053,5,fugal,15,-0.1907828695335715,4,-12.718857968904766,4,0,TRUE
053,5,fugal,20,2.1221283190492275,4,106.10641595246138,4,0,TRUE
053,6,flashbaseline,NA,-0.3109501006832508,8,NA,8,0,TRUE
053,6,petal,10,2.069501904558837,4,206.9501904558837,4,0,TRUE
053,6,petal,15,1.4495082183044605,4,96.63388122029737,4,0,TRUE
053,6,petal,20,1.6544006856750282,4,82.7200342837514,4,0,TRUE
053,6,fugal,10,1.2428599104836773,4,124.28599104836772,4,0,TRUE
053,6,fugal,15,1.2475207239176596,4,83.1680482611773,4,0,TRUE
053,6,fugal,20,0.4456549239735837,4,22.282746198679185,4,0,TRUE
053,7,flashbaseline,NA,0.3274125676408347,8,NA,8,0,TRUE
053,7,petal,10,0.8000181491918146,4,80.00181491918146,4,0,TRUE
053,7,petal,15,2.2927691205573173,4,152.85127470382116,4,0,TRUE
053,7,petal,20,2.7735887576907103,4,138.6794378845355,4,0,TRUE
053,7,fugal,10,1.5540300371270495,4,155.40300371270493,4,0,TRUE
053,7,fugal,15,0.3645955340996472,4,24.306368939976476,4,0,TRUE
053,7,fugal,20,-0.20659091391362694,4,-10.329545695681347,4,0,TRUE
053,8,flashbaseline,NA,-0.37636017327424054,8,NA,8,0,TRUE
053,8,petal,10,1.780043953186742,4,178.0043953186742,4,0,TRUE
053,8,petal,15,1.1819663932739317,4,78.79775955159545,4,0,TRUE
053,8,petal,20,1.026840036785297,4,51.34200183926485,4,0,TRUE
053,8,fugal,10,1.3076991832079587,4,130.76991832079588,4,0,TRUE
053,8,fugal,15,1.123790126342977,4,74.91934175619846,4,0,TRUE
053,8,fugal,20,2.658614863309775,4,132.93074316548876,4,0,TRUE
053,9,flashbaseline,NA,-0.9030920144125669,8,NA,8,0,TRUE
053,9,petal,10,2.426643658052603,4,242.6643658052603,4,0,TRUE
053,9,petal,15,3.0184858985965675,4,201.23239323977117,4,0,TRUE
053,9,petal,20,3.3084221762547252,4,165.42110881273626,4,0,TRUE
053,9,fugal,10,2.104196633486838,4,210.4196633486838,4,0,TRUE
053,9,fugal,15,2.293374046211275,4,152.89160308075165,4,0,TRUE
053,9,fugal,20,2.255149390540909,4,112.75746952704543,4,0,TRUE
053,10,flashbaseline,NA,-0.4472491251867899,8,NA,8,0,TRUE
053,10,petal,10,1.8010624570653275,4,180.10624570653275,4,0,TRUE
053,10,petal,15,0.2881934928686499,4,19.212899524576663,4,0,TRUE
053,10,petal,20,0.24796066622734653,4,12.398033311367326,4,0,TRUE
053,10,fugal,10,2.0557578783752164,4,205.57578783752166,4,0,TRUE
053,10,fugal,15,2.1915058102046636,4,146.10038734697758,4,0,TRUE
053,10,fugal,20,0.27832300518059205,4,13.916150259029601,4,0,TRUE
053,11,flashbaseline,NA,-0.43382881530708794,8,NA,8,0,TRUE
053,11,petal,10,1.7548517566248503,4,175.48517566248503,4,0,TRUE
053,11,petal,15,2.5809907929653595,4,172.06605286435732,4,0,TRUE
053,11,petal,20,3.654248635735875,4,182.71243178679376,4,0,TRUE
053,11,fugal,10,2.7149179835551327,4,271.4917983555133,4,0,TRUE
053,11,fugal,15,0.310988029313345,4,20.73253528755633,4,0,TRUE
053,11,fugal,20,0.5647964723431211,4,28.239823617156055,4,0,TRUE
053,12,flashbaseline,NA,0.6866248447247545,8,NA,8,0,TRUE
053,12,petal,10,-1.2846160523104533,4,-128.46160523104533,4,0,TRUE
053,12,petal,15,3.0693692440745526,4,204.62461627163682,4,0,TRUE
053,12,petal,20,1.674995968301595,4,83.74979841507975,4,0,TRUE
053,12,fugal,10,1.736514352230582,4,173.6514352230582,4,0,TRUE
053,12,fugal,15,2.0192359522912717,4,134.61573015275144,4,0,TRUE
053,12,fugal,20,0.7580939673473474,4,37.90469836736737,4,0,TRUE
054,1,flashbaseline,NA,-0.17688901864466064,8,NA,8,0,TRUE
054,1,petal,10,0.6786095371884218,4,67.86095371884218,4,0,TRUE
054,1,petal,15,2.120006145737582,4,141.33374304917214,4,0,TRUE
054,1,petal,20,2.7253128131972626,4,136.26564065986312,4,0,TRUE
054,1,fugal,10,-0.4633941967907569,4,-46.33941967907569,4,0,TRUE
054,1,fugal,15,-0.5772789218201498,4,-38.48526145467666,4,0,TRUE
054,1,fugal,20,-0.4784076800003271,4,-23.920384000016355,4,0,TRUE
054,2,flashbaseline,NA,-0.31369973871781487,8,NA,8,0,TRUE
054,2,petal,10,1.5619024311015612,4,156.1902431101561,4,0,TRUE
054,2,petal,15,3.1121946536292935,4,207.47964357528622,4,0,TRUE
054,2,petal,20,2.8843670628101044,4,144.2183531405052,4,0,TRUE
054,2,fugal,10,-1.1415495179529502,4,-114.15495179529503,4,0,TRUE
054,2,fugal,15,-2.193103243373975,4,-146.20688289159833,4,0,TRUE
054,2,fugal,20,0.04107587559145209,4,2.053793779572605,4,0,TRUE
054,3,flashbaseline,NA,0.044973678603792366,8,NA,8,0,TRUE
054,3,petal,10,2.58006284494523,4,258.006284494523,4,0,TRUE
054,3,petal,15,2.81185300390925,4,187.45686692728333,4,0,TRUE
054,3,petal,20,2.619746435610784,4,130.98732178053922,4,0,TRUE
054,3,fugal,10,-0.9578331120849801,4,-95.783311208498,4,0,TRUE
054,3,fugal,15,-1.052018913683801,4,-70.13459424558673,4,0,TRUE
054,3,fugal,20,-0.7781919362888529,4,-38.909596814442644,4,0,TRUE
054,4,flashbaseline,NA,0.7791069190581101,8,NA,8,0,TRUE
054,4,petal,10,0.3644628014335649,4,36.44628014335649,4,0,TRUE
054,4,petal,15,1.0562638666012862,4,70.41759110675241,4,0,TRUE
054,4,petal,20,1.4535345840069567,4,72.67672920034784,4,0,TRUE
054,4,fugal,10,-1.2757999215195477,4,-127.57999215195476,4,0,TRUE
054,4,fugal,15,-1.6243893572737693,4,-108.29262381825129,4,0,TRUE
054,4,fugal,20,-0.007646552363109276,4,-0.3823276181554638,4,0,TRUE
054,5,flashbaseline,NA,-0.7718977753533506,8,NA,8,0,TRUE
054,5,petal,10,2.5255328111797577,4,252.55328111797576,4,0,TRUE
054,5,petal,15,1.2575547348460328,4,83.83698232306885,4,0,TRUE
054,5,petal,20,1.637394820730147,4,81.86974103650735,4,0,TRUE
054,5,fugal,10,-1.840500126673307,4,-184.0500126673307,4,0,TRUE
054,5,fugal,15,-1.5585696306739,4,-103.90464204492667,4,0,TRUE
054,5,fugal,20,-0.6102445374704533,4,-30.512226873522664,4,0,TRUE
054,6,flashbaseline,NA,-0.8322210174110937,8,NA,8,0,TRUE
054,6,petal,10,0.39125851395674205,4,39.125851395674204,4,0,TRUE
054,6,petal,15,1.0968928597180527,4,73.12619064787017,4,0,TRUE
054,6,petal,20,2.6072140905535495,4,130.36070452767748,4,0,TRUE
054,6,fugal,10,-1.056716753875977,4,-105.6716753875977,4,0,TRUE
054,6,fugal,15,-0.34573998330962374,4,-23.049332220641585,4,0,TRUE
054,6,fugal,20,-1.1194942801353076,4,-55.97471400676538,4,0,TRUE
054,7,flashbaseline,NA,0.27817739347266335,8,NA,8,0,TRUE
054,7,petal,10,1.7013484296467398,4,170.134842964674,4,0,TRUE
054,7,petal,15,1.486962177599011,4,99.13081183993407,4,0,TRUE
054,7,petal,20,2.2138579635201276,4,110.6928981760064,4,0,TRUE
054,7,fugal,10,0.029527148100119693,4,2.9527148100119693,4,0,TRUE
054,7,fugal,15,-0.5362850002289035,4,-35.75233334859356,4,0,TRUE
054,7,fugal,20,-1.6313260312806457,4,-81.56630156403229,4,0,TRUE
054,8,flashbaseline,NA,0.09124994219202845,8,NA,8,0,TRUE
054,8,petal,10,1.69041405371083,4,169.04140537108302,4,0,TRUE
054,8,petal,15,2.1389239198736103,4,142.59492799157402,4,0,TRUE
054,8,petal,20,1.95352802310813,4,97.67640115540651,4,0,TRUE
054,8,fugal,10,-1.3336076477846548,4,-133.36076477846547,4,0,TRUE
054,8,fugal,15,0.14971506866166853,4,9.981004577444569,4,0,TRUE
054,8,fugal,20,-0.40320166653696704,4,-20.16008332684835,4,0,TRUE
054,9,flashbaseline,NA,0.6722691538832639,8,NA,8,0,TRUE
054,9,petal,10,1.812500333488117,4,181.25003334881168,4,0,TRUE
054,9,petal,15,2.2033746880339744,4,146.89164586893165,4,0,TRUE
054,9,petal,20,1.5833503575796468,4,79.16751787898234,4,0,TRUE
054,9,fugal,10,-1.3039312123400149,4,-130.39312123400148,4,0,TRUE
054,9,fugal,15,-0.3329782337050903,4,-22.198548913672685,4,0,TRUE
054,9,fugal,20,-0.5549047497086507,4,-27.745237485432533,4,0,TRUE
054,10,flashbaseline,NA,-0.3767773411657803,8,NA,8,0,TRUE
054,10,petal,10,2.6453393780318875,4,264.53393780318873,4,0,TRUE
054,10,petal,15,2.0542057586246467,4,136.94705057497643,4,0,TRUE
054,10,petal,20,3.2080447225320596,4,160.402236126603,4,0,TRUE
054,10,fugal,10,-0.985792546175619,4,-98.5792546175619,4,0,TRUE
054,10,fugal,15,1.179737866242837,4,78.6491910828558,4,0,TRUE
054,10,fugal,20,0.06864123017208756,4,3.432061508604378,4,0,TRUE
054,11,flashbaseline,NA,-0.0640358440413327,8,NA,8,0,TRUE
054,11,petal,10,2.4562925528687827,4,245.62925528687825,4,0,TRUE
054,11,petal,15,2.1960072319026924,4,146.40048212684616,4,0,TRUE
054,11,petal,20,1.2547555891026558,4,62.73777945513279,4,0,TRUE
054,11,fugal,10,-0.686192496358523,4,-68.6192496358523,4,0,TRUE
054,11,fugal,15,-2.2026256814622927,4,-146.84171209748618,4,0,TRUE
054,11,fugal,20,-1.3381768921541939,4,-66.9088446077097,4,0,TRUE
054,12,flashbaseline,NA,0.3541335211208004,8,NA,8,0,TRUE
054,12,petal,10,1.4000766929370736,4,140.00766929370735,4,0,TRUE
054,12,petal,15,2.5895369963456374,4,172.63579975637583,4,0,TRUE
054,12,petal,20,0.8127176666971352,4,40.63588333485676,4,0,TRUE
054,12,fugal,10,-0.47804616494424856,4,-47.804616494424856,4,0,TRUE
054,12,fugal,15,-0.9259727644943523,4,-61.731517632956816,4,0,TRUE
054,12,fugal,20,-1.9895888265752857,4,-99.47944132876428,4,0,TRUE
055,1,flashbaseline,NA,0.32246991762546207,8,NA,8,0,TRUE
055,1,petal,10,1.9271318952119556,4,192.71318952119557,4,0,TRUE
055,1,petal,15,3.4840969122679275,4,232.2731274845285,4,0,TRUE
055,1,petal,20,2.292482841669094,4,114.6241420834547,4,0,TRUE
055,1,fugal,10,1.581725035761664,4,158.17250357616638,4,0,TRUE
055,1,fugal,15,-0.8185842313361495,4,-54.57228208907664,4,0,TRUE
055,1,fugal,20,2.3240270265265224,4,116.20135132632612,4,0,TRUE
055,2,flashbaseline,NA,0.46386554859724505,8,NA,8,0,TRUE
055,2,petal,10,2.289837871719475,4,228.9837871719475,4,0,TRUE
055,2,petal,15,2.8293414654103177,4,188.62276436068785,4,0,TRUE
055,2,petal,20,2.6503411757761848,4,132.51705878880924,4,0,TRUE
055,2,fugal,10,-1.4645929752874771,4,-146.4592975287477,4,0,TRUE
055,2,fugal,15,-1.1966426124152474,4,-79.7761741610165,4,0,TRUE
055,2,fugal,20,-0.23906595233164252,4,-11.953297616582125,4,0,TRUE
055,3,flashbaseline,NA,-0.0963104584966804,8,NA,8,0,TRUE
055,3,petal,10,1.2680531716140575,4,126.80531716140575,4,0,TRUE
055,3,petal,15,0.6309275918922985,4,42.06183945948657,4,0,TRUE
055,3,petal,20,1.70835642144111,4,85.4178210720555,4,0,TRUE
055,3,fugal,10,-1.5209312373324904,4,-152.09312373324903,4,0,TRUE
055,3,fugal,15,-0.4707398349069995,4,-31.382655660466636,4,0,TRUE
055,3,fugal,20,-0.7093407125917826,4,-35.46703562958913,4,0,TRUE
055,4,flashbaseline,NA,-0.0023323455542006988,8,NA,8,0,TRUE
055,4,petal,10,1.6510369023530418,4,165.10369023530419,4,0,TRUE
055,4,petal,15,1.5322331849776933,4,102.1488789985129,4,0,TRUE
055,4,petal,20,1.9271126493779422,4,96.35563246889711,4,0,TRUE
055,4,fugal,10,0.5510967159973947,4,55.10967159973947,4,0,TRUE
055,4,fugal,15,0.1192205042501143,4,7.948033616674286,4,0,TRUE
055,4,fugal,20,-0.18251589105033728,4,-9.125794552516863,4,0,TRUE
055,5,flashbaseline,NA,-0.16775154835619124,8,NA,8,0,TRUE
055,5,petal,10,1.1575130984544622,4,115.75130984544622,4,0,TRUE
055,5,petal,15,1.5418787882063216,4,102.79191921375477,4,0,TRUE
055,5,petal,20,0.8066455083113958,4,40.33227541556979,4,0,TRUE
055,5,fugal,10,0.101374571566616,4,10.137457156661599,4,0,TRUE
055,5,fugal,15,0.24088233650003604,4,16.058822433335735,4,0,TRUE
055,5,fugal,20,-0.13860904119699002,4,-6.930452059849501,4,0,TRUE
055,6,flashbaseline,NA,-0.10589025508049833,8,NA,8,0,TRUE
055,6,petal,10,1.8038263405742139,4,180.3826340574214,4,0,TRUE
055,6,petal,15,1.7936660839442924,4,119.5777389296195,4,0,TRUE
055,6,petal,20,1.493612794645223,4,74.68063973226114,4,0,TRUE
055,6,fugal,10,-0.03159287645825651,4,-3.159287645825651,4,0,TRUE
055,6,fugal,15,-1.1772726915928988,4,-78.48484610619326,4,0,TRUE
055,6,fugal,20,-1.6924758240696494,4,-84.62379120348247,4,0,TRUE
055,7,flashbaseline,NA,-0.3993198193954087,8,NA,8,0,TRUE
055,7,petal,10,3.331404190448099,4,333.1404190448099,4,0,TRUE
055,7,petal,15,2.484681579034135,4,165.64543860227568,4,0,TRUE
055,7,petal,20,1.6843283867565249,4,84.21641933782624,4,0,TRUE
055,7,fugal,10,0.15155151640902953,4,15.155151640902952,4,0,TRUE
055,7,fugal,15,-0.10522430832831525,4,-7.01495388855435,4,0,TRUE
055,7,fugal,20,-1.7342598002545946,4,-86.71299001272972,4,0,TRUE
055,8,flashbaseline,NA,-0.2598543808517151,8,NA,8,0,TRUE
055,8,petal,10,0.49175628340663147,4,49.17562834066315,4,0,TRUE
055,8,petal,15,0.37980184338395157,4,25.320122892263438,4,0,TRUE
055,8,petal,20,2.964043865001005,4,148.20219325005024,4,0,TRUE
055,8,fugal,10,-0.1260895910843861,4,-12.608959108438611,4,0,TRUE
055,8,fugal,15,-1.4980067058676856,4,-99.86711372451238,4,0,TRUE
055,8,fugal,20,-1.93713015584795,4,-96.8565077923975,4,0,TRUE
055,9,flashbaseline,NA,-0.5164591245407683,8,NA,8,0,TRUE
055,9,petal,10,1.59907575628614,3,159.90757562861398,4,1,FALSE
055,9,petal,15,2.195011697428951,4,146.33411316193008,4,0,TRUE
055,9,petal,20,1.3911687708962666,4,69.55843854481333,4,0,TRUE
055,9,fugal,10,0.0935942836708607,4,9.35942836708607,4,0,TRUE
055,9,fugal,15,-1.7088088411153088,4,-113.92058940768726,4,0,TRUE
055,9,fugal,20,-0.11345683466990847,4,-5.6728417334954235,4,0,TRUE
055,10,flashbaseline,NA,-1.0939880617628146,8,NA,8,0,TRUE
055,10,petal,10,2.2544865220199526,4,225.44865220199526,4,0,TRUE
055,10,petal,15,1.7338380568994876,4,115.58920379329916,4,0,TRUE
055,10,petal,20,1.6900283460746064,4,84.50141730373032,4,0,TRUE
055,10,fugal,10,0.21737983368537153,4,21.737983368537154,4,0,TRUE
055,10,fugal,15,-0.24578474767490546,4,-16.385649844993697,4,0,TRUE
055,10,fugal,20,0.10245261299588371,4,5.122630649794185,4,0,TRUE
055,11,flashbaseline,NA,0.43094195714841604,8,NA,8,0,TRUE
055,11,petal,10,2.6590883731710875,4,265.90883731710875,4,0,TRUE
055,11,petal,15,1.2351050358877358,4,82.34033572584904,4,0,TRUE
055,11,petal,20,1.6177672014968205,4,80.88836007484103,4,0,TRUE
055,11,fugal,10,-1.7095474790432026,4,-170.95474790432024,4,0,TRUE
055,11,fugal,15,-0.47607549680054273,4,-31.738366453369512,4,0,TRUE
055,11,fugal,20,-1.0828515941316224,4,-54.14257970658112,4,0,TRUE
055,12,flashbaseline,NA,0.3200257542925077,8,NA,8,0,TRUE
055,12,petal,10,1.644063567104264,4,164.40635671042642,4,0,TRUE
055,12,petal,15,1.1761773012257335,4,78.41182008171558,4,0,TRUE
055,12,petal,20,2.5635017517077725,4,128.1750875853886,4,0,TRUE
055,12,fugal,10,0.4269497590532694,4,42.694975905326935,4,0,TRUE
055,12,fugal,15,-0.502925260047797,4,-33.52835066985314,4,0,TRUE
055,12,fugal,20,-2.136229563971898,4,-106.8114781985949,4,0,TRUE
056,1,flashbaseline,NA,0.20222224025650393,8,NA,8,0,TRUE
056,1,petal,10,3.27046641431665,4,327.046641431665,4,0,TRUE
056,1,petal,15,4.74840273165818,4,316.5601821105453,4,0,TRUE
056,1,petal,20,5.367673247970747,4,268.38366239853735,4,0,TRUE
056,1,fugal,10,0.914386222803817,4,91.43862228038171,4,0,TRUE
056,1,fugal,15,0.693002892751027,4,46.20019285006847,4,0,TRUE
056,1,fugal,20,1.547086833225165,4,77.35434166125825,4,0,TRUE
056,2,flashbaseline,NA,-0.15796084490307616,8,NA,8,0,TRUE
056,2,petal,10,4.000469077873352,4,400.0469077873352,4,0,TRUE
056,2,petal,15,4.713542885822667,4,314.2361923881778,4,0,TRUE
056,2,petal,20,5.427470125596675,4,271.37350627983375,4,0,TRUE
056,2,fugal,10,2.040426547781647,4,204.0426547781647,4,0,TRUE
056,2,fugal,15,1.8523999498417703,4,123.49332998945135,4,0,TRUE
056,2,fugal,20,2.2365324416286647,4,111.82662208143324,4,0,TRUE
056,3,flashbaseline,NA,0.006540323650847446,8,NA,8,0,TRUE
056,3,petal,10,2.742017670781825,4,274.2017670781825,4,0,TRUE
056,3,petal,15,3.3653628785275775,4,224.35752523517183,4,0,TRUE
056,3,petal,20,4.931520411564695,4,246.57602057823473,4,0,TRUE
056,3,fugal,10,0.5133876346979507,4,51.33876346979507,4,0,TRUE
056,3,fugal,15,3.129600078609175,4,208.64000524061169,4,0,TRUE
056,3,fugal,20,3.00079367353851,4,150.0396836769255,4,0,TRUE
056,4,flashbaseline,NA,-0.3273809518431323,8,NA,8,0,TRUE
056,4,petal,10,3.9524870362856026,4,395.24870362856024,4,0,TRUE
056,4,petal,15,4.797201764133103,4,319.8134509422069,4,0,TRUE
056,4,petal,20,4.58970763428428,4,229.48538171421401,4,0,TRUE
056,4,fugal,10,0.8427740102235585,4,84.27740102235585,4,0,TRUE
056,4,fugal,15,3.1875714781775173,4,212.50476521183447,4,0,TRUE
056,4,fugal,20,3.0262880361967923,4,151.31440180983964,4,0,TRUE
056,5,flashbaseline,NA,-0.07392168656942294,8,NA,8,0,TRUE
056,5,petal,10,2.2545625686831423,4,225.45625686831423,4,0,TRUE
056,5,petal,15,3.684164402197897,4,245.61096014652648,4,0,TRUE
056,5,petal,20,4.220995374290437,4,211.04976871452186,4,0,TRUE
056,5,fugal,10,1.074656917017043,4,107.4656917017043,4,0,TRUE
056,5,fugal,15,1.7858325981132168,4,119.05550654088113,4,0,TRUE
056,5,fugal,20,2.493415393559185,4,124.67076967795924,4,0,TRUE
056,6,flashbaseline,NA,0.10191919343529748,8,NA,8,0,TRUE
056,6,petal,10,3.622600195493345,4,362.2600195493345,4,0,TRUE
056,6,petal,15,3.7403943325288176,4,249.35962216858783,4,0,TRUE
056,6,petal,20,4.69207259598265,4,234.6036297991325,4,0,TRUE
056,6,fugal,10,1.5554835187568594,4,155.54835187568594,4,0,TRUE
056,6,fugal,15,1.5970661733901774,4,106.47107822601183,4,0,TRUE
056,6,fugal,20,3.277647137161548,4,163.8823568580774,4,0,TRUE
056,7,flashbaseline,NA,-0.22689478568149762,8,NA,8,0,TRUE
056,7,petal,10,2.74519385606534,4,274.519385606534,4,0,TRUE
056,7,petal,15,4.639298543122235,4,309.2865695414824,4,0,TRUE
056,7,petal,20,4.493670035086772,4,224.68350175433864,4,0,TRUE
056,7,fugal,10,1.7734224157690393,4,177.34224157690392,4,0,TRUE
056,7,fugal,15,3.0255735283119902,4,201.704901887466,4,0,TRUE
056,7,fugal,20,2.0627217685038075,4,103.13608842519037,4,0,TRUE
056,8,flashbaseline,NA,-0.9343698592298908,8,NA,8,0,TRUE
056,8,petal,10,3.4592590678054,4,345.92590678053995,4,0,TRUE
056,8,petal,15,3.4841140132309274,4,232.2742675487285,4,0,TRUE
056,8,petal,20,5.6816459517288305,4,284.08229758644154,4,0,TRUE
056,8,fugal,10,2.126946955120194,4,212.6946955120194,4,0,TRUE
056,8,fugal,15,2.93459130216996,4,195.63942014466397,4,0,TRUE
056,8,fugal,20,2.8808293209388802,4,144.041466046944,4,0,TRUE
056,9,flashbaseline,NA,-0.3126539872067067,8,NA,8,0,TRUE
056,9,petal,10,3.57344617925567,4,357.344617925567,4,0,TRUE
056,9,petal,15,3.698187496981175,4,246.54583313207834,4,0,TRUE
056,9,petal,20,3.9279248948204755,4,196.39624474102376,4,0,TRUE
056,9,fugal,10,0.8849887349637308,4,88.49887349637308,4,0,TRUE
056,9,fugal,15,1.7301224812239284,4,115.3414987482619,4,0,TRUE
056,9,fugal,20,2.4365367328681224,4,121.82683664340612,4,0,TRUE
056,10,flashbaseline,NA,-0.36327187202832045,8,NA,8,0,TRUE
056,10,petal,10,4.18066471520911,4,418.06647152091097,4,0,TRUE
056,10,petal,15,3.9877232402166403,4,265.8482160144427,4,0,TRUE
056,10,petal,20,4.876180750985398,4,243.8090375492699,4,0,TRUE
056,10,fugal,10,0.7230368081481444,4,72.30368081481444,4,0,TRUE
056,10,fugal,15,0.9660541168942938,4,64.40360779295291,4,0,TRUE
056,10,fugal,20,2.943822496559631,4,147.19112482798155,4,0,TRUE
056,11,flashbaseline,NA,0.42333428039929877,8,NA,8,0,TRUE
056,11,petal,10,3.2732307513424326,4,327.32307513424325,4,0,TRUE
056,11,petal,15,4.848799356147448,4,323.25329040982984,4,0,TRUE
056,11,petal,20,4.9067520699812075,4,245.33760349906035,4,0,TRUE
056,11,fugal,10,2.5368178637277876,4,253.68178637277876,4,0,TRUE
056,11,fugal,15,2.069468205419435,4,137.9645470279623,4,0,TRUE
056,11,fugal,20,2.58165584607674,4,129.08279230383698,4,0,TRUE
056,12,flashbaseline,NA,1.0410930544310593,8,NA,8,0,TRUE
056,12,petal,10,3.340278187246782,4,334.02781872467824,4,0,TRUE
056,12,petal,15,3.9324490861687877,4,262.16327241125254,4,0,TRUE
056,12,petal,20,5.108206234630613,4,255.4103117315306,4,0,TRUE
056,12,fugal,10,0.8901353484923785,4,89.01353484923786,4,0,TRUE
056,12,fugal,15,1.8754803227543748,4,125.03202151695832,4,0,TRUE
056,12,fugal,20,1.7244285886680468,4,86.22142943340235,4,0,TRUE
057,1,flashbaseline,NA,0.144918968972524,8,NA,8,0,TRUE
057,1,petal,10,3.1668349096059125,4,316.68349096059126,4,0,TRUE
057,1,petal,15,2.397755319781695,4,159.850354652113,4,0,TRUE
057,1,petal,20,3.64929493598085,4,182.4647467990425,4,0,TRUE
057,1,fugal,10,1.3045967965431968,4,130.45967965431967,4,0,TRUE
057,1,fugal,15,-1.5889615280265055,4,-105.93076853510036,4,0,TRUE
057,1,fugal,20,-1.0746409064173617,4,-53.73204532086808,4,0,TRUE
057,2,flashbaseline,NA,0.45780644729053044,8,NA,8,0,TRUE
057,2,petal,10,3.5379567034263624,4,353.79567034263624,4,0,TRUE
057,2,petal,15,1.5186215780177175,4,101.24143853451449,4,0,TRUE
057,2,petal,20,3.51088430182927,4,175.5442150914635,4,0,TRUE
057,2,fugal,10,-1.1350065713596096,4,-113.50065713596095,4,0,TRUE
057,2,fugal,15,0.27313658534309726,4,18.20910568953982,4,0,TRUE
057,2,fugal,20,0.19830635193180052,4,9.915317596590025,4,0,TRUE
057,3,flashbaseline,NA,-1.474284225587103,8,NA,8,0,TRUE
057,3,petal,10,1.3720844004730959,4,137.20844004730958,4,0,TRUE
057,3,petal,15,4.244409558808157,4,282.96063725387717,4,0,TRUE
057,3,petal,20,3.4569334003060117,4,172.84667001530056,4,0,TRUE
057,3,fugal,10,-2.632362810940167,4,-263.2362810940167,4,0,TRUE
057,3,fugal,15,-0.8312283050197191,4,-55.41522033464794,4,0,TRUE
057,3,fugal,20,0.12629078039953118,4,6.314539019976559,4,0,TRUE
057,4,flashbaseline,NA,0.43467502774711647,8,NA,8,0,TRUE
057,4,petal,10,2.1269917155330313,4,212.69917155330316,4,0,TRUE
057,4,petal,15,3.21790966144264,4,214.52731076284266,4,0,TRUE
057,4,petal,20,1.8336350032125974,4,91.68175016062987,4,0,TRUE
057,4,fugal,10,0.009112077693914866,4,0.9112077693914866,4,0,TRUE
057,4,fugal,15,-1.83796042840158,4,-122.530695226772,4,0,TRUE
057,4,fugal,20,1.2082094711994542,4,60.410473559972715,4,0,TRUE
057,5,flashbaseline,NA,-0.7998919057621633,8,NA,8,0,TRUE
057,5,petal,10,1.8437103175929053,4,184.37103175929053,4,0,TRUE
057,5,petal,15,2.900172517545715,4,193.34483450304768,4,0,TRUE
057,5,petal,20,3.2744327370913093,4,163.72163685456547,4,0,TRUE
057,5,fugal,10,0.29873380722447496,4,29.873380722447497,4,0,TRUE
057,5,fugal,15,-0.09461509901454745,4,-6.307673267636497,4,0,TRUE
057,5,fugal,20,1.1657089084307048,4,58.28544542153524,4,0,TRUE
057,6,flashbaseline,NA,-1.2184348728427623,8,NA,8,0,TRUE
057,6,petal,10,1.813327639950912,4,181.33276399509117,4,0,TRUE
057,6,petal,15,2.0849306101501304,4,138.9953740100087,4,0,TRUE
057,6,petal,20,3.1532596946920797,4,157.66298473460398,4,0,TRUE
057,6,fugal,10,-0.1031109362298877,4,-10.31109362298877,4,0,TRUE
057,6,fugal,15,-1.0982657648051548,4,-73.21771765367698,4,0,TRUE
057,6,fugal,20,-1.7604575481551012,4,-88.02287740775506,4,0,TRUE
057,7,flashbaseline,NA,-0.34174669376567135,8,NA,8,0,TRUE
057,7,petal,10,3.276192819021035,4,327.61928190210347,4,0,TRUE
057,7,petal,15,3.059661889562186,4,203.97745930414573,4,0,TRUE
057,7,petal,20,3.7799210096148426,4,188.99605048074213,4,0,TRUE
057,7,fugal,10,0.09809257396137716,4,9.809257396137717,4,0,TRUE
057,7,fugal,15,1.138270021602985,4,75.88466810686567,4,0,TRUE
057,7,fugal,20,0.09083899255383243,4,4.541949627691622,4,0,TRUE
057,8,flashbaseline,NA,-0.5322124717696214,8,NA,8,0,TRUE
057,8,petal,10,2.664188040345691,4,266.41880403456906,4,0,TRUE
057,8,petal,15,3.5259538571934472,4,235.06359047956315,4,0,TRUE
057,8,petal,20,4.502285280904012,4,225.11426404520057,4,0,TRUE
057,8,fugal,10,0.13204027196632406,4,13.204027196632406,4,0,TRUE
057,8,fugal,15,-0.12447233381807646,4,-8.298155587871763,4,0,TRUE
057,8,fugal,20,0.16993369579680334,4,8.496684789840167,4,0,TRUE
057,9,flashbaseline,NA,0.21544121249648582,8,NA,8,0,TRUE
057,9,petal,10,3.2936760129053124,4,329.36760129053124,4,0,TRUE
057,9,petal,15,3.057549510490312,4,203.83663403268747,4,0,TRUE
057,9,petal,20,3.21145129510406,4,160.57256475520302,4,0,TRUE
057,9,fugal,10,-0.35981973044221194,4,-35.9819730442212,4,0,TRUE
057,9,fugal,15,0.2777892997297282,4,18.519286648648546,4,0,TRUE
057,9,fugal,20,-0.1658578339009647,4,-8.292891695048235,4,0,TRUE
057,10,flashbaseline,NA,-1.233612841360138,8,NA,8,0,TRUE
057,10,petal,10,3.7269118378014023,4,372.6911837801402,4,0,TRUE
057,10,petal,15,3.6427567192371226,4,242.8504479491415,4,0,TRUE
057,10,petal,20,3.455404534429345,4,172.77022672146725,4,0,TRUE
057,10,fugal,10,-1.453971423511663,4,-145.3971423511663,4,0,TRUE
057,10,fugal,15,0.09062240118694104,4,6.041493412462736,4,0,TRUE
057,10,fugal,20,-1.1288238657106942,4,-56.44119328553471,4,0,TRUE
057,11,flashbaseline,NA,0.47508020060521644,8,NA,8,0,TRUE
057,11,petal,10,2.1131292534117376,4,211.31292534117378,4,0,TRUE
057,11,petal,15,3.45751270612265,4,230.50084707484334,4,0,TRUE
057,11,petal,20,3.5121422500026624,4,175.6071125001331,4,0,TRUE
057,11,fugal,10,0.7307007603680751,4,73.0700760368075,4,0,TRUE
057,11,fugal,15,-1.5120391000593072,4,-100.80260667062048,4,0,TRUE
057,11,fugal,20,0.55465094227881,4,27.732547113940498,4,0,TRUE
057,12,flashbaseline,NA,0.23643746250589237,8,NA,8,0,TRUE
057,12,petal,10,2.7299419748295977,4,272.9941974829598,4,0,TRUE
057,12,petal,15,2.5696652884008477,4,171.31101922672318,4,0,TRUE
057,12,petal,20,3.59403855816832,4,179.701927908416,4,0,TRUE
057,12,fugal,10,-1.3862747434823441,4,-138.62747434823441,4,0,TRUE
057,12,fugal,15,-1.7556997287861218,4,-117.04664858574147,4,0,TRUE
057,12,fugal,20,-2.0543050597707393,4,-102.71525298853697,4,0,TRUE
058,1,flashbaseline,NA,0.33352841167264713,8,NA,8,0,TRUE
058,1,petal,10,1.675926129628007,4,167.5926129628007,4,0,TRUE
058,1,petal,15,1.7506405697692933,4,116.70937131795287,4,0,TRUE
058,1,petal,20,3.7811019707904725,4,189.0550985395236,4,0,TRUE
058,1,fugal,10,-6.667077493493756e-4,4,-0.06667077493493756,4,0,TRUE
058,1,fugal,15,1.1631849898076512,4,77.54566598717675,4,0,TRUE
058,1,fugal,20,0.8316747110951415,4,41.58373555475707,4,0,TRUE
058,2,flashbaseline,NA,0.8105383249281995,8,NA,8,0,TRUE
058,2,petal,10,1.5572828828998058,4,155.72828828998058,4,0,TRUE
058,2,petal,15,2.1460526871076793,4,143.07017914051195,4,0,TRUE
058,2,petal,20,3.2196637941054127,4,160.98318970527063,4,0,TRUE
058,2,fugal,10,1.6364433382000225,4,163.64433382000226,4,0,TRUE
058,2,fugal,15,1.2574516960383222,4,83.83011306922147,4,0,TRUE
058,2,fugal,20,-0.7200355045720528,4,-36.00177522860264,4,0,TRUE
058,3,flashbaseline,NA,0.4082419016954831,8,NA,8,0,TRUE
058,3,petal,10,1.6472060099995427,4,164.72060099995429,4,0,TRUE
058,3,petal,15,1.727779366387923,4,115.1852910925282,4,0,TRUE
058,3,petal,20,2.2657430564118077,4,113.28715282059039,4,0,TRUE
058,3,fugal,10,0.6137219000444613,4,61.372190004446125,4,0,TRUE
058,3,fugal,15,1.3896131245796224,4,92.64087497197484,4,0,TRUE
058,3,fugal,20,2.75051633907238,4,137.525816953619,4,0,TRUE
058,4,flashbaseline,NA,0.19548796180527866,8,NA,8,0,TRUE
058,4,petal,10,1.4796742505421823,4,147.96742505421824,4,0,TRUE
058,4,petal,15,3.79194985733238,4,252.796657155492,4,0,TRUE
058,4,petal,20,3.8388936108275526,4,191.94468054137764,4,0,TRUE
058,4,fugal,10,0.13804177258672023,4,13.804177258672023,4,0,TRUE
058,4,fugal,15,2.2326595782102427,4,148.84397188068286,4,0,TRUE
058,4,fugal,20,1.563701485859644,4,78.18507429298221,4,0,TRUE
058,5,flashbaseline,NA,0.2921738025150477,8,NA,8,0,TRUE
058,5,petal,10,1.5652932137964175,4,156.52932137964177,4,0,TRUE
058,5,petal,15,2.3896301563477924,4,159.30867708985284,4,0,TRUE
058,5,petal,20,4.422616937645428,4,221.13084688227138,4,0,TRUE
058,5,fugal,10,0.9422066782775689,4,94.22066782775688,4,0,TRUE
058,5,fugal,15,1.0102953121539575,4,67.35302081026383,4,0,TRUE
058,5,fugal,20,0.3901284617542192,4,19.506423087710964,4,0,TRUE
058,6,flashbaseline,NA,-1.2410626066601478,8,NA,8,0,TRUE
058,6,petal,10,1.7663400504022624,4,176.63400504022624,4,0,TRUE
058,6,petal,15,2.2153141580120903,4,147.68761053413934,4,0,TRUE
058,6,petal,20,1.757387381427005,4,87.86936907135025,4,0,TRUE
058,6,fugal,10,0.7296713845532725,4,72.96713845532724,4,0,TRUE
058,6,fugal,15,0.5704024658728934,4,38.0268310581929,4,0,TRUE
058,6,fugal,20,1.4641058233719026,4,73.20529116859512,4,0,TRUE
058,7,flashbaseline,NA,0.18924179269005578,8,NA,8,0,TRUE
058,7,petal,10,2.0411976457186913,4,204.11976457186915,4,0,TRUE
058,7,petal,15,1.2925572490802075,4,86.17048327201384,4,0,TRUE
058,7,petal,20,4.62872769442857,4,231.4363847214285,4,0,TRUE
058,7,fugal,10,1.58345098421678,4,158.34509842167802,4,0,TRUE
058,7,fugal,15,1.2917531650130063,4,86.11687766753376,4,0,TRUE
058,7,fugal,20,2.2377324750050773,4,111.88662375025386,4,0,TRUE
058,8,flashbaseline,NA,0.21774950947263738,8,NA,8,0,TRUE
058,8,petal,10,2.6535670910639677,4,265.35670910639675,4,0,TRUE
058,8,petal,15,3.620658891694305,4,241.377259446287,4,0,TRUE
058,8,petal,20,3.2513140603444595,4,162.56570301722297,4,0,TRUE
058,8,fugal,10,-0.15280378606829226,4,-15.280378606829226,4,0,TRUE
058,8,fugal,15,0.24592825089259518,4,16.39521672617301,4,0,TRUE
058,8,fugal,20,1.8027598971372352,4,90.13799485686177,4,0,TRUE
058,9,flashbaseline,NA,0.007057281594273726,8,NA,8,0,TRUE
058,9,petal,10,1.6392854619109298,4,163.92854619109298,4,0,TRUE
058,9,petal,15,2.3218252354590625,4,154.78834903060417,4,0,TRUE
058,9,petal,20,4.029286701555985,4,201.46433507779923,4,0,TRUE
058,9,fugal,10,2.214222241754895,4,221.4222241754895,4,0,TRUE
058,9,fugal,15,1.6814315795241785,4,112.09543863494524,4,0,TRUE
058,9,fugal,20,1.9312657053243825,4,96.56328526621913,4,0,TRUE
058,10,flashbaseline,NA,-0.558608056237829,8,NA,8,0,TRUE
058,10,petal,10,0.8842719250731832,4,88.42719250731831,4,0,TRUE
058,10,petal,15,2.5962861679483,4,173.08574452988665,4,0,TRUE
058,10,petal,20,2.040269210125621,4,102.01346050628105,4,0,TRUE
058,10,fugal,10,1.2601574337263126,4,126.01574337263128,4,0,TRUE
058,10,fugal,15,2.103866411509089,4,140.25776076727263,4,0,TRUE
058,10,fugal,20,2.1427670696206933,4,107.13835348103466,4,0,TRUE
058,11,flashbaseline,NA,0.3279303317270615,8,NA,8,0,TRUE
058,11,petal,10,1.8659702256920907,4,186.59702256920906,4,0,TRUE
058,11,petal,15,1.8028668024490448,4,120.19112016326966,4,0,TRUE
058,11,petal,20,0.7711612149125029,4,38.55806074562514,4,0,TRUE
058,11,fugal,10,0.9973297690306274,4,99.73297690306273,4,0,TRUE
058,11,fugal,15,1.432777874833179,4,95.5185249888786,4,0,TRUE
058,11,fugal,20,1.0705754352141725,4,53.52877176070862,4,0,TRUE
058,12,flashbaseline,NA,-0.041237615486005755,8,NA,8,0,TRUE
058,12,petal,10,0.7608188310600844,4,76.08188310600845,4,0,TRUE
058,12,petal,15,1.547792654968115,4,103.18617699787433,4,0,TRUE
058,12,petal,20,2.5631226794997497,4,128.15613397498748,4,0,TRUE
058,12,fugal,10,1.5967430880876612,4,159.6743088087661,4,0,TRUE
058,12,fugal,15,1.1205389696255927,4,74.70259797503952,4,0,TRUE
058,12,fugal,20,1.4290946165924727,4,71.45473082962364,4,0,TRUE
059,1,flashbaseline,NA,4.8245899267435055e-4,8,NA,8,0,TRUE
059,1,petal,10,1.349693582956917,4,134.9693582956917,4,0,TRUE
059,1,petal,15,0.639295811661683,4,42.619720777445536,4,0,TRUE
059,1,petal,20,-0.11008897266770895,4,-5.504448633385448,4,0,TRUE
059,1,fugal,10,-1.377839699969224,4,-137.7839699969224,4,0,TRUE
059,1,fugal,15,0.48321192556894377,4,32.214128371262916,4,0,TRUE
059,1,fugal,20,1.9260117064581919,4,96.3005853229096,4,0,TRUE
059,2,flashbaseline,NA,-0.3924571295133126,8,NA,8,0,TRUE
059,2,petal,10,1.1272679808677037,4,112.72679808677037,4,0,TRUE
059,2,petal,15,1.003296129460745,4,66.88640863071633,4,0,TRUE
059,2,petal,20,1.3551934748626153,4,67.75967374313078,4,0,TRUE
059,2,fugal,10,0.7774968007568007,4,77.74968007568008,4,0,TRUE
059,2,fugal,15,0.824576796754097,4,54.971786450273136,4,0,TRUE
059,2,fugal,20,1.729270510902829,4,86.46352554514145,4,0,TRUE
059,3,flashbaseline,NA,0.334568722553844,8,NA,8,0,TRUE
059,3,petal,10,2.115199991977375,4,211.51999919773752,4,0,TRUE
059,3,petal,15,0.629730865779381,4,41.9820577186254,4,0,TRUE
059,3,petal,20,1.423126912659852,4,71.1563456329926,4,0,TRUE
059,3,fugal,10,-0.5739610134028544,4,-57.39610134028544,4,0,TRUE
059,3,fugal,15,0.9308727036459019,4,62.05818024306013,4,0,TRUE
059,3,fugal,20,-0.3804020743534149,4,-19.020103717670747,4,0,TRUE
059,4,flashbaseline,NA,0.22954954227877977,8,NA,8,0,TRUE
059,4,petal,10,0.6560545823777667,4,65.60545823777666,4,0,TRUE
059,4,petal,15,0.34785182758338146,4,23.190121838892097,4,0,TRUE
059,4,petal,20,0.22796714646967703,4,11.398357323483852,4,0,TRUE
059,4,fugal,10,-0.32760065255367055,4,-32.76006525536705,4,0,TRUE
059,4,fugal,15,-0.29512867912102014,4,-19.675245274734678,4,0,TRUE
059,4,fugal,20,-0.9300844279873526,4,-46.50422139936763,4,0,TRUE
059,5,flashbaseline,NA,0.4116558019127146,8,NA,8,0,TRUE
059,5,petal,10,1.1655621565610386,4,116.55621565610386,4,0,TRUE
059,5,petal,15,1.218237220291802,4,81.21581468612013,4,0,TRUE
059,5,petal,20,0.5960659542924217,4,29.803297714621085,4,0,TRUE
059,5,fugal,10,0.008350643620821552,4,0.8350643620821552,4,0,TRUE
059,5,fugal,15,-0.277282556805057,4,-18.4855037870038,4,0,TRUE
059,5,fugal,20,2.309971286613748,4,115.49856433068739,4,0,TRUE
059,6,flashbaseline,NA,-0.38951906106630646,8,NA,8,0,TRUE
059,6,petal,10,1.1414763058539283,4,114.14763058539283,4,0,TRUE
059,6,petal,15,0.6778900706297516,4,45.19267137531678,4,0,TRUE
059,6,petal,20,1.459745945306695,4,72.98729726533475,4,0,TRUE
059,6,fugal,10,1.278381495610984,4,127.8381495610984,4,0,TRUE
059,6,fugal,15,1.121452123423658,4,74.76347489491054,4,0,TRUE
059,6,fugal,20,0.7475147228572949,4,37.375736142864746,4,0,TRUE
059,7,flashbaseline,NA,0.418161528540451,8,NA,8,0,TRUE
059,7,petal,10,1.4368873379774767,4,143.68873379774766,4,0,TRUE
059,7,petal,15,0.8444292098146624,4,56.29528065431082,4,0,TRUE
059,7,petal,20,-0.17691204045619002,4,-8.845602022809501,4,0,TRUE
059,7,fugal,10,-0.44596925260479486,4,-44.59692526047949,4,0,TRUE
059,7,fugal,15,-0.17544395748937747,4,-11.696263832625165,4,0,TRUE
059,7,fugal,20,0.8817310615662859,4,44.086553078314296,4,0,TRUE
059,8,flashbaseline,NA,-0.45696755755014673,8,NA,8,0,TRUE
059,8,petal,10,1.6869996356502943,4,168.6999635650294,4,0,TRUE
059,8,petal,15,1.5870425030904705,4,105.80283353936468,4,0,TRUE
059,8,petal,20,1.8542310540151545,4,92.71155270075774,4,0,TRUE
059,8,fugal,10,0.3761137643363195,4,37.61137643363195,4,0,TRUE
059,8,fugal,15,-0.2687900057151398,4,-17.919333714342653,4,0,TRUE
059,8,fugal,20,0.46960533114693137,4,23.480266557346567,4,0,TRUE
059,9,flashbaseline,NA,0.09788975071304692,8,NA,8,0,TRUE
059,9,petal,10,1.3424300180753919,4,134.24300180753917,4,0,TRUE
059,9,petal,15,2.4420420578890623,4,162.80280385927082,4,0,TRUE
059,9,petal,20,1.5233177986150932,4,76.16588993075466,4,0,TRUE
059,9,fugal,10,-1.1924355152325394,4,-119.24355152325394,4,0,TRUE
059,9,fugal,15,0.9486699076232423,4,63.24466050821616,4,0,TRUE
059,9,fugal,20,-0.7152886751926775,4,-35.764433759633874,4,0,TRUE
059,10,flashbaseline,NA,0.03423453660759762,8,NA,8,0,TRUE
059,10,petal,10,2.6378502166470326,4,263.78502166470327,4,0,TRUE
059,10,petal,15,0.09143003873986949,4,6.095335915991299,4,0,TRUE
059,10,petal,20,1.5495910129359083,4,77.47955064679542,4,0,TRUE
059,10,fugal,10,0.6858992402956989,4,68.5899240295699,4,0,TRUE
059,10,fugal,15,-0.7665361536554243,4,-51.102410243694955,4,0,TRUE
059,10,fugal,20,-0.8014594026924802,4,-40.07297013462401,4,0,TRUE
059,11,flashbaseline,NA,0.7206353200726239,8,NA,8,0,TRUE
059,11,petal,10,1.5683068027154556,4,156.83068027154556,4,0,TRUE
059,11,petal,15,1.7877071164993312,4,119.18047443328875,4,0,TRUE
059,11,petal,20,1.0257223859083782,4,51.28611929541891,4,0,TRUE
059,11,fugal,10,0.30643594030699783,4,30.643594030699784,4,0,TRUE
059,11,fugal,15,2.4517420459590475,4,163.44946973060317,4,0,TRUE
059,11,fugal,20,0.776409824962688,4,38.8204912481344,4,0,TRUE
059,12,flashbaseline,NA,-0.13191244941097346,8,NA,8,0,TRUE
059,12,petal,10,2.02695181494491,4,202.695181494491,4,0,TRUE
059,12,petal,15,2.3402856904487983,4,156.0190460299199,4,0,TRUE
059,12,petal,20,2.5921694019932895,4,129.6084700996645,4,0,TRUE
059,12,fugal,10,-0.8739257660148781,4,-87.39257660148782,4,0,TRUE
059,12,fugal,15,0.5123658188236813,4,34.15772125491208,4,0,TRUE
059,12,fugal,20,0.06684841013903375,4,3.3424205069516875,4,0,TRUE
060,1,flashbaseline,NA,0.08859459216665647,8,NA,8,0,TRUE
060,1,petal,10,1.5041967934998273,4,150.41967934998274,4,0,TRUE
060,1,petal,15,2.7100069807689717,4,180.6671320512648,4,0,TRUE
060,1,petal,20,2.93237708498291,4,146.6188542491455,4,0,TRUE
060,1,fugal,10,-2.876360401073875,4,-287.63604010738754,4,0,TRUE
060,1,fugal,15,-1.0681525635282927,4,-71.21017090188619,4,0,TRUE
060,1,fugal,20,-1.1297878393111043,4,-56.489391965555214,4,0,TRUE
060,2,flashbaseline,NA,-0.9779383323778355,8,NA,8,0,TRUE
060,2,petal,10,2.5065777348406986,4,250.65777348406988,4,0,TRUE
060,2,petal,15,3.0393907361999,4,202.62604907999335,4,0,TRUE
060,2,petal,20,2.9342799505345374,4,146.71399752672687,4,0,TRUE
060,2,fugal,10,-0.39390542517353955,4,-39.39054251735395,4,0,TRUE
060,2,fugal,15,-1.5897581063746615,4,-105.98387375831076,4,0,TRUE
060,2,fugal,20,-0.36086192477805945,4,-18.043096238902972,4,0,TRUE
060,3,flashbaseline,NA,1.782729982750706,8,NA,8,0,TRUE
060,3,petal,10,2.6601407749699177,4,266.0140774969918,4,0,TRUE
060,3,petal,15,3.40654511660205,4,227.10300777347,4,0,TRUE
060,3,petal,20,3.665105361097425,4,183.25526805487124,4,0,TRUE
060,3,fugal,10,-0.263403904922647,4,-26.3403904922647,4,0,TRUE
060,3,fugal,15,-1.4590851117447199,4,-97.27234078298133,4,0,TRUE
060,3,fugal,20,-1.7593999960382827,4,-87.96999980191414,4,0,TRUE
060,4,flashbaseline,NA,-0.12783508188301962,8,NA,8,0,TRUE
060,4,petal,10,1.3824205836765233,4,138.24205836765233,4,0,TRUE
060,4,petal,15,3.6316750818193757,4,242.11167212129172,4,0,TRUE
060,4,petal,20,3.1244605674981973,4,156.22302837490986,4,0,TRUE
060,4,fugal,10,-2.2564994560988683,4,-225.64994560988683,4,0,TRUE
060,4,fugal,15,0.03714877808299394,4,2.476585205532929,4,0,TRUE
060,4,fugal,20,-0.756865637311176,4,-37.8432818655588,4,0,TRUE
060,5,flashbaseline,NA,0.34927701748983325,8,NA,8,0,TRUE
060,5,petal,10,2.166984649883855,4,216.6984649883855,4,0,TRUE
060,5,petal,15,1.62022116550888,4,108.01474436725867,4,0,TRUE
060,5,petal,20,2.9063997325309687,4,145.31998662654843,4,0,TRUE
060,5,fugal,10,2.4740228848429515,4,247.40228848429516,4,0,TRUE
060,5,fugal,15,-0.8687377894833925,4,-57.91585263222617,4,0,TRUE
060,5,fugal,20,0.11376519443491173,4,5.688259721745586,4,0,TRUE
060,6,flashbaseline,NA,0.7487621897734341,8,NA,8,0,TRUE
060,6,petal,10,3.1234609326900253,4,312.34609326900255,4,0,TRUE
060,6,petal,15,3.0254388106904457,4,201.69592071269636,4,0,TRUE
060,6,petal,20,2.143863248503336,4,107.19316242516682,4,0,TRUE
060,6,fugal,10,-1.3176264911152165,4,-131.76264911152163,4,0,TRUE
060,6,fugal,15,1.0899207777929656,4,72.6613851861977,4,0,TRUE
060,6,fugal,20,-1.0998631785537814,4,-54.993158927689066,4,0,TRUE
060,7,flashbaseline,NA,0.09396085607487908,8,NA,8,0,TRUE
060,7,petal,10,2.2468256119529424,4,224.68256119529423,4,0,TRUE
060,7,petal,15,1.1949586692430256,4,79.66391128286837,4,0,TRUE
060,7,petal,20,0.7048341048387378,4,35.241705241936884,4,0,TRUE
060,7,fugal,10,0.3101572697216248,4,31.015726972162476,4,0,TRUE
060,7,fugal,15,-0.2024002351675247,4,-13.493349011168313,4,0,TRUE
060,7,fugal,20,0.8989487893020705,4,44.94743946510352,4,0,TRUE
060,8,flashbaseline,NA,0.8710836939705671,8,NA,8,0,TRUE
060,8,petal,10,0.40725406844847784,4,40.72540684484778,4,0,TRUE
060,8,petal,15,3.1430019484832368,4,209.53346323221578,4,0,TRUE
060,8,petal,20,0.8396005775256329,4,41.980028876281644,4,0,TRUE
060,8,fugal,10,0.029082251070071036,4,2.9082251070071035,4,0,TRUE
060,8,fugal,15,-1.6467616467233301,4,-109.78410978155534,4,0,TRUE
060,8,fugal,20,0.34280449344850666,4,17.140224672425333,4,0,TRUE
060,9,flashbaseline,NA,-0.2917344764078864,8,NA,8,0,TRUE
060,9,petal,10,2.058486807025825,4,205.8486807025825,4,0,TRUE
060,9,petal,15,1.5879616220097075,4,105.8641081339805,4,0,TRUE
060,9,petal,20,3.8500258765383064,4,192.50129382691534,4,0,TRUE
060,9,fugal,10,0.636214430725459,4,63.6214430725459,4,0,TRUE
060,9,fugal,15,0.7378573709731524,4,49.19049139821016,4,0,TRUE
060,9,fugal,20,-1.0514115899535301,4,-52.570579497676505,4,0,TRUE
060,10,flashbaseline,NA,0.48086912532951,8,NA,8,0,TRUE
060,10,petal,10,2.7699881148646766,4,276.9988114864677,4,0,TRUE
060,10,petal,15,1.1512964676342459,4,76.75309784228305,4,0,TRUE
060,10,petal,20,3.093107556088839,4,154.65537780444194,4,0,TRUE
060,10,fugal,10,0.18864408174122294,4,18.864408174122293,4,0,TRUE
060,10,fugal,15,2.7936088201235947,4,186.24058800823965,4,0,TRUE
060,10,fugal,20,0.2868097802196375,4,14.340489010981875,4,0,TRUE
060,11,flashbaseline,NA,0.6969821409341657,8,NA,8,0,TRUE
060,11,petal,10,3.7318908785652476,4,373.1890878565248,4,0,TRUE
060,11,petal,15,1.2234459939434408,4,81.56306626289606,4,0,TRUE
060,11,petal,20,1.4703785325861718,4,73.5189266293086,4,0,TRUE
060,11,fugal,10,-1.1025020306144926,4,-110.25020306144926,4,0,TRUE
060,11,fugal,15,-0.2880332464859767,4,-19.202216432398448,4,0,TRUE
060,11,fugal,20,0.5333150964664768,4,26.66575482332384,4,0,TRUE
060,12,flashbaseline,NA,0.7623270477415378,8,NA,8,0,TRUE
060,12,petal,10,2.278559376275185,4,227.8559376275185,4,0,TRUE
060,12,petal,15,3.4737129609592152,4,231.58086406394767,4,0,TRUE
060,12,petal,20,4.105789338957125,4,205.28946694785628,4,0,TRUE
060,12,fugal,10,-0.617326875364801,4,-61.73268753648011,4,0,TRUE
060,12,fugal,15,-0.24121584488868025,4,-16.081056325912016,4,0,TRUE
060,12,fugal,20,0.560593895107063,4,28.02969475535315,4,0,TRUE
061,1,flashbaseline,NA,0.3889621657331045,8,NA,8,0,TRUE
061,1,petal,10,2.0010286474755126,4,200.10286474755125,4,0,TRUE
061,1,petal,15,2.9618321751839103,4,197.455478345594,4,0,TRUE
061,1,petal,20,4.402645758456037,4,220.13228792280188,4,0,TRUE
061,1,fugal,10,1.836050270075233,4,183.6050270075233,4,0,TRUE
061,1,fugal,15,2.1657484722725004,4,144.38323148483337,4,0,TRUE
061,1,fugal,20,-1.009973606898285,4,-50.49868034491425,4,0,TRUE
061,2,flashbaseline,NA,-0.17829542150465547,8,NA,8,0,TRUE
061,2,petal,10,3.1953353520881578,4,319.5335352088158,4,0,TRUE
061,2,petal,15,3.8197402504896827,4,254.6493500326455,4,0,TRUE
061,2,petal,20,4.07037542106877,4,203.5187710534385,4,0,TRUE
061,2,fugal,10,0.7528033974871445,4,75.28033974871445,4,0,TRUE
061,2,fugal,15,1.9699628276389025,4,131.3308551759268,4,0,TRUE
061,2,fugal,20,3.1899578125237724,4,159.49789062618862,4,0,TRUE
061,3,flashbaseline,NA,0.229738489774321,8,NA,8,0,TRUE
061,3,petal,10,2.4864766476261204,4,248.64766476261204,4,0,TRUE
061,3,petal,15,4.991127004147042,4,332.74180027646946,4,0,TRUE
061,3,petal,20,4.625232239612915,4,231.26161198064574,4,0,TRUE
061,3,fugal,10,1.1120554419146909,4,111.20554419146907,4,0,TRUE
061,3,fugal,15,1.886642382020955,4,125.776158801397,4,0,TRUE
061,3,fugal,20,2.95608061227035,4,147.80403061351748,4,0,TRUE
061,4,flashbaseline,NA,0.20246635556627562,8,NA,8,0,TRUE
061,4,petal,10,2.8845604423326576,4,288.45604423326574,4,0,TRUE
061,4,petal,15,2.799696725575655,4,186.64644837171036,4,0,TRUE
061,4,petal,20,5.15121411620143,4,257.5607058100715,4,0,TRUE
061,4,fugal,10,0.47001954272103597,4,47.001954272103596,4,0,TRUE
061,4,fugal,15,1.8971297516866525,4,126.47531677911017,4,0,TRUE
061,4,fugal,20,3.3667072922895303,4,168.3353646144765,4,0,TRUE
061,5,flashbaseline,NA,-1.3947172233606642,7,NA,8,1,FALSE
061,5,petal,10,3.5868437860001148,4,358.6843786000114,4,0,TRUE
061,5,petal,15,4.005462122508315,4,267.03080816722104,4,0,TRUE
061,5,petal,20,4.129201706074087,4,206.46008530370435,4,0,TRUE
061,5,fugal,10,0.612174094620567,4,61.21740946205671,4,0,TRUE
061,5,fugal,15,1.1529839693657151,4,76.86559795771434,4,0,TRUE
061,5,fugal,20,1.3618999165259427,4,68.09499582629714,4,0,TRUE
061,6,flashbaseline,NA,0.12741020921862722,8,NA,8,0,TRUE
061,6,petal,10,4.095367730009002,4,409.5367730009002,4,0,TRUE
061,6,petal,15,3.460640487295405,4,230.7093658196937,4,0,TRUE
061,6,petal,20,3.7368164586550567,4,186.84082293275284,4,0,TRUE
061,6,fugal,10,0.4872406216472039,4,48.72406216472039,4,0,TRUE
061,6,fugal,15,1.811537315050498,3,120.76915433669987,4,1,FALSE
061,6,fugal,20,2.6959684083103372,4,134.7984204155169,4,0,TRUE
061,7,flashbaseline,NA,1.3027691373311536,8,NA,8,0,TRUE
061,7,petal,10,3.1532965395959573,4,315.3296539595957,4,0,TRUE
061,7,petal,15,3.701010429986053,4,246.73402866573687,4,0,TRUE
061,7,petal,20,3.667154007908522,4,183.3577003954261,4,0,TRUE
061,7,fugal,10,1.771808982468057,4,177.1808982468057,4,0,TRUE
061,7,fugal,15,2.589807422182023,4,172.6538281454682,4,0,TRUE
061,7,fugal,20,1.9672655817598395,4,98.36327908799197,4,0,TRUE
061,8,flashbaseline,NA,-0.9210840265455893,8,NA,8,0,TRUE
061,8,petal,10,3.8335163562390298,4,383.35163562390295,4,0,TRUE
061,8,petal,15,4.144529270017215,4,276.301951334481,4,0,TRUE
061,8,petal,20,4.100910918675117,4,205.04554593375585,4,0,TRUE
061,8,fugal,10,1.7300647726256484,4,173.00647726256486,4,0,TRUE
061,8,fugal,15,-0.4789346009831006,4,-31.92897339887337,4,0,TRUE
061,8,fugal,20,3.4072816550660336,3,170.36408275330166,4,1,FALSE
061,9,flashbaseline,NA,0.1522822162391023,8,NA,8,0,TRUE
061,9,petal,10,2.7299520092210128,4,272.9952009221013,4,0,TRUE
061,9,petal,15,2.664395931260277,4,177.6263954173518,4,0,TRUE
061,9,petal,20,7.00863252484507,4,350.4316262422535,4,0,TRUE
061,9,fugal,10,0.720019753514228,4,72.0019753514228,4,0,TRUE
061,9,fugal,15,2.9401208479815972,4,196.00805653210648,4,0,TRUE
061,9,fugal,20,1.6508824804198596,4,82.54412402099298,4,0,TRUE
061,10,flashbaseline,NA,-0.21047605292399688,8,NA,8,0,TRUE
061,10,petal,10,4.745755830422137,4,474.5755830422137,4,0,TRUE
061,10,petal,15,3.9297169974763646,4,261.98113316509097,4,0,TRUE
061,10,petal,20,3.9614162357489464,4,198.07081178744733,4,0,TRUE
061,10,fugal,10,1.4528948681950635,4,145.28948681950635,4,0,TRUE
061,10,fugal,15,3.1823655309053085,4,212.1577020603539,4,0,TRUE
061,10,fugal,20,2.5372876174240035,3,126.86438087120017,4,1,FALSE
061,11,flashbaseline,NA,-1.0370421858269592,8,NA,8,0,TRUE
061,11,petal,10,2.3896281156624952,4,238.9628115662495,4,0,TRUE
061,11,petal,15,4.67262459666468,4,311.508306444312,4,0,TRUE
061,11,petal,20,4.820116554953588,4,241.00582774767938,4,0,TRUE
061,11,fugal,10,0.23417851884542143,4,23.417851884542145,4,0,TRUE
061,11,fugal,15,0.9717510683124624,4,64.78340455416416,4,0,TRUE
061,11,fugal,20,3.15974228986193,4,157.9871144930965,4,0,TRUE
061,12,flashbaseline,NA,-1.2543286760970087,8,NA,8,0,TRUE
061,12,petal,10,3.7813502870853175,4,378.13502870853176,4,0,TRUE
061,12,petal,15,6.481834201501145,4,432.1222801000763,4,0,TRUE
061,12,petal,20,5.655689912697595,4,282.7844956348797,4,0,TRUE
061,12,fugal,10,1.2929384433260946,4,129.29384433260947,4,0,TRUE
061,12,fugal,15,1.8791624824129838,4,125.27749882753226,4,0,TRUE
061,12,fugal,20,2.9603771745672924,4,148.01885872836462,4,0,TRUE
062,1,flashbaseline,NA,-0.84280215394424,8,NA,8,0,TRUE
062,1,petal,10,2.519003999449075,4,251.90039994490755,4,0,TRUE
062,1,petal,15,4.416927481866398,4,294.4618321244265,4,0,TRUE
062,1,petal,20,2.35005637113923,4,117.5028185569615,4,0,TRUE
062,1,fugal,10,-2.3448979132699925,4,-234.48979132699927,4,0,TRUE
062,1,fugal,15,-2.4111382142609243,4,-160.74254761739496,4,0,TRUE
062,1,fugal,20,-0.8928648349830561,4,-44.64324174915281,4,0,TRUE
062,2,flashbaseline,NA,-0.007443477949529598,8,NA,8,0,TRUE
062,2,petal,10,2.82081979061169,4,282.081979061169,4,0,TRUE
062,2,petal,15,3.1092977816908176,4,207.28651877938785,4,0,TRUE
062,2,petal,20,3.72220258383052,4,186.110129191526,4,0,TRUE
062,2,fugal,10,-1.189948366483188,4,-118.99483664831881,4,0,TRUE
062,2,fugal,15,-1.1040441418925682,4,-73.60294279283788,4,0,TRUE
062,2,fugal,20,-0.6403915090808733,4,-32.01957545404367,4,0,TRUE
062,3,flashbaseline,NA,-0.22636216217592042,8,NA,8,0,TRUE
062,3,petal,10,2.4432909219206413,4,244.32909219206414,4,0,TRUE
062,3,petal,15,2.343564144545478,4,156.23760963636522,4,0,TRUE
062,3,petal,20,2.9872312891092223,4,149.36156445546112,4,0,TRUE
062,3,fugal,10,-1.3541375887378493,4,-135.41375887378493,4,0,TRUE
062,3,fugal,15,-1.6807202273062334,4,-112.04801515374889,4,0,TRUE
062,3,fugal,20,-0.49874859848151176,4,-24.937429924075587,4,0,TRUE
062,4,flashbaseline,NA,0.7288522369120521,8,NA,8,0,TRUE
062,4,petal,10,2.4375272800761336,4,243.75272800761334,4,0,TRUE
062,4,petal,15,3.199950124319672,4,213.33000828797816,4,0,TRUE
062,4,petal,20,3.8018774659557044,4,190.09387329778522,4,0,TRUE
062,4,fugal,10,-1.647010538805704,4,-164.70105388057038,4,0,TRUE
062,4,fugal,15,-1.513197948896867,4,-100.87986325979114,4,0,TRUE
062,4,fugal,20,-1.2862154817189446,4,-64.31077408594723,4,0,TRUE
062,5,flashbaseline,NA,0.3380949949337105,8,NA,8,0,TRUE
062,5,petal,10,2.5931497670405173,4,259.31497670405173,4,0,TRUE
062,5,petal,15,3.8957158208979474,4,259.7143880598632,4,0,TRUE
062,5,petal,20,3.586755980018095,4,179.33779900090474,4,0,TRUE
062,5,fugal,10,-0.5318015237199645,4,-53.18015237199645,4,0,TRUE
062,5,fugal,15,-0.8823406488747495,4,-58.8227099249833,4,0,TRUE
062,5,fugal,20,-1.693792589058439,4,-84.68962945292195,4,0,TRUE
062,6,flashbaseline,NA,-0.06139835848229658,8,NA,8,0,TRUE
062,6,petal,10,1.6715692496204801,4,167.156924962048,4,0,TRUE
062,6,petal,15,2.6395965751214776,4,175.97310500809851,4,0,TRUE
062,6,petal,20,3.6205934810715,4,181.029674053575,4,0,TRUE
062,6,fugal,10,-0.8503953816732808,4,-85.03953816732808,4,0,TRUE
062,6,fugal,15,-0.1450930841013277,4,-9.672872273421847,4,0,TRUE
062,6,fugal,20,-2.1187231275708975,4,-105.93615637854488,4,0,TRUE
062,7,flashbaseline,NA,-0.2791228068340512,8,NA,8,0,TRUE
062,7,petal,10,2.6636896158173373,4,266.36896158173374,4,0,TRUE
062,7,petal,15,4.022638456115268,4,268.1758970743512,4,0,TRUE
062,7,petal,20,2.603588871995455,4,130.17944359977275,4,0,TRUE
062,7,fugal,10,-1.0228700903839045,4,-102.28700903839045,4,0,TRUE
062,7,fugal,15,-1.6823385525119134,4,-112.15590350079422,4,0,TRUE
062,7,fugal,20,-1.3731180962734155,4,-68.65590481367077,4,0,TRUE
062,8,flashbaseline,NA,0.2286655190921002,8,NA,8,0,TRUE
062,8,petal,10,2.494877251313294,4,249.4877251313294,4,0,TRUE
062,8,petal,15,2.5735742247903137,4,171.5716149860209,4,0,TRUE
062,8,petal,20,3.1954126081761105,4,159.77063040880552,4,0,TRUE
062,8,fugal,10,-1.9776955164459804,4,-197.76955164459804,4,0,TRUE
062,8,fugal,15,-0.27606107582162775,4,-18.404071721441852,4,0,TRUE
062,8,fugal,20,-0.031244258181965266,3,-1.5622129090982633,4,1,FALSE
062,9,flashbaseline,NA,0.21822029304682622,8,NA,8,0,TRUE
062,9,petal,10,3.4212349767243024,4,342.12349767243023,4,0,TRUE
062,9,petal,15,1.9316135800205598,4,128.77423866803733,4,0,TRUE
062,9,petal,20,4.008336268319457,4,200.41681341597285,4,0,TRUE
062,9,fugal,10,-1.836996813168681,4,-183.6996813168681,4,0,TRUE
062,9,fugal,15,-2.008898736544841,4,-133.92658243632275,4,0,TRUE
062,9,fugal,20,-1.546749170469075,4,-77.33745852345375,4,0,TRUE
062,10,flashbaseline,NA,-0.28994972480997505,8,NA,8,0,TRUE
062,10,petal,10,2.9119527474606075,4,291.19527474606076,4,0,TRUE
062,10,petal,15,3.8757280741794577,4,258.38187161196385,4,0,TRUE
062,10,petal,20,3.107935036484097,4,155.39675182420484,4,0,TRUE
062,10,fugal,10,-2.032179084729875,4,-203.2179084729875,4,0,TRUE
062,10,fugal,15,-0.42702091235775275,4,-28.468060823850184,4,0,TRUE
062,10,fugal,20,-0.5967269652286428,4,-29.83634826143214,4,0,TRUE
062,11,flashbaseline,NA,-0.513299795147076,8,NA,8,0,TRUE
062,11,petal,10,2.5770810741483134,4,257.7081074148314,4,0,TRUE
062,11,petal,15,2.574066294536435,4,171.60441963576233,4,0,TRUE
062,11,petal,20,3.2168742195727575,4,160.84371097863786,4,0,TRUE
062,11,fugal,10,-1.6016170944725252,4,-160.16170944725252,4,0,TRUE
062,11,fugal,15,-0.4675177396218315,4,-31.1678493081221,4,0,TRUE
062,11,fugal,20,-1.044970897459935,4,-52.24854487299675,4,0,TRUE
062,12,flashbaseline,NA,0.21524390345411468,8,NA,8,0,TRUE
062,12,petal,10,2.509967354665604,4,250.99673546656044,4,0,TRUE
062,12,petal,15,3.0802244068313724,4,205.34829378875816,4,0,TRUE
062,12,petal,20,1.901188596907272,4,95.0594298453636,4,0,TRUE
062,12,fugal,10,-1.821397974820985,4,-182.1397974820985,4,0,TRUE
062,12,fugal,15,-2.856688144422945,4,-190.44587629486298,4,0,TRUE
062,12,fugal,20,-0.8619017901663175,4,-43.09508950831588,4,0,TRUE
063,1,flashbaseline,NA,0.8343382058484787,8,NA,8,0,TRUE
063,1,petal,10,0.09436447574783913,4,9.436447574783912,4,0,TRUE
063,1,petal,15,1.0513011527577891,4,70.08674351718594,4,0,TRUE
063,1,petal,20,2.712307651911552,4,135.61538259557759,4,0,TRUE
063,1,fugal,10,1.6511320940960645,4,165.11320940960644,4,0,TRUE
063,1,fugal,15,3.1197789579030784,4,207.9852638602052,4,0,TRUE
063,1,fugal,20,1.985965126286584,4,99.29825631432921,4,0,TRUE
063,2,flashbaseline,NA,0.4035481516934413,8,NA,8,0,TRUE
063,2,petal,10,1.9506109013765571,4,195.06109013765573,4,0,TRUE
063,2,petal,15,1.5342217472574808,4,102.28144981716538,4,0,TRUE
063,2,petal,20,4.123160612244015,4,206.15803061220075,4,0,TRUE
063,2,fugal,10,2.196630538099528,4,219.6630538099528,4,0,TRUE
063,2,fugal,15,2.7213804778863,4,181.42536519242,4,0,TRUE
063,2,fugal,20,-0.2365005276596074,4,-11.82502638298037,4,0,TRUE
063,3,flashbaseline,NA,-0.49192602568865457,8,NA,8,0,TRUE
063,3,petal,10,2.39423066334914,4,239.423066334914,4,0,TRUE
063,3,petal,15,3.522952521821817,4,234.86350145478778,4,0,TRUE
063,3,petal,20,2.9634213383086525,4,148.17106691543265,4,0,TRUE
063,3,fugal,10,2.625901051071444,4,262.5901051071444,4,0,TRUE
063,3,fugal,15,1.952966897304393,4,130.1977931536262,4,0,TRUE
063,3,fugal,20,1.6626589374920424,4,83.13294687460213,4,0,TRUE
063,4,flashbaseline,NA,-0.7848622872589421,8,NA,8,0,TRUE
063,4,petal,10,1.0264638825961028,4,102.64638825961028,4,0,TRUE
063,4,petal,15,0.4056552794283263,4,27.043685295221756,4,0,TRUE
063,4,petal,20,1.0855789572313053,4,54.278947861565264,4,0,TRUE
063,4,fugal,10,1.9444825503351801,4,194.448255033518,4,0,TRUE
063,4,fugal,15,2.6668410642772074,4,177.78940428514716,4,0,TRUE
063,4,fugal,20,0.10307837360734884,4,5.1539186803674415,4,0,TRUE
063,5,flashbaseline,NA,0.030866651495934334,8,NA,8,0,TRUE
063,5,petal,10,2.6477145339978563,4,264.7714533997856,4,0,TRUE
063,5,petal,15,1.0045813408484197,4,66.97208938989465,4,0,TRUE
063,5,petal,20,2.5734019949188074,4,128.67009974594038,4,0,TRUE
063,5,fugal,10,1.40594532084571,4,140.594532084571,4,0,TRUE
063,5,fugal,15,1.5207137912167816,4,101.38091941445211,4,0,TRUE
063,5,fugal,20,1.4007112293387607,4,70.03556146693803,4,0,TRUE
063,6,flashbaseline,NA,0.06727862097502685,8,NA,8,0,TRUE
063,6,petal,10,2.502259690578993,4,250.22596905789928,4,0,TRUE
063,6,petal,15,4.207741971061262,4,280.51613140408415,4,0,TRUE
063,6,petal,20,4.904877926948908,4,245.2438963474454,4,0,TRUE
063,6,fugal,10,0.32298352569609623,4,32.29835256960963,4,0,TRUE
063,6,fugal,15,1.8830595727879298,4,125.53730485252865,4,0,TRUE
063,6,fugal,20,0.699400013621218,4,34.970000681060895,4,0,TRUE
063,7,flashbaseline,NA,-0.95790406097512,8,NA,8,0,TRUE
063,7,petal,10,1.3904456208873037,4,139.04456208873037,4,0,TRUE
063,7,petal,15,3.1055886062812146,4,207.03924041874762,4,0,TRUE
063,7,petal,20,1.6413390631971272,4,82.06695315985637,4,0,TRUE
063,7,fugal,10,-0.10661894029774777,4,-10.661894029774777,4,0,TRUE
063,7,fugal,15,1.4669135385325325,4,97.79423590216884,4,0,TRUE
063,7,fugal,20,2.179111603658655,4,108.95558018293275,4,0,TRUE
063,8,flashbaseline,NA,-0.4270994108445142,8,NA,8,0,TRUE
063,8,petal,10,-0.403578087772805,4,-40.357808777280496,4,0,TRUE
063,8,petal,15,1.6195387233304925,4,107.96924822203285,4,0,TRUE
063,8,petal,20,2.6790494736860015,4,133.9524736843001,4,0,TRUE
063,8,fugal,10,0.03789698379179374,4,3.7896983791793737,4,0,TRUE
063,8,fugal,15,0.5219281850190968,4,34.795212334606454,4,0,TRUE
063,8,fugal,20,0.39476814956286,4,19.738407478143,4,0,TRUE
063,9,flashbaseline,NA,-0.11408900711266834,8,NA,8,0,TRUE
063,9,petal,10,2.8310151120805047,4,283.1015112080505,4,0,TRUE
063,9,petal,15,2.756876470345113,4,183.7917646896742,4,0,TRUE
063,9,petal,20,2.6814856606797677,4,134.0742830339884,4,0,TRUE
063,9,fugal,10,2.347618010376115,4,234.7618010376115,4,0,TRUE
063,9,fugal,15,-0.056075599119332686,4,-3.7383732746221794,4,0,TRUE
063,9,fugal,20,1.3897789038107757,4,69.48894519053879,4,0,TRUE
063,10,flashbaseline,NA,-0.24266904804977368,8,NA,8,0,TRUE
063,10,petal,10,0.6593184687871284,4,65.93184687871285,4,0,TRUE
063,10,petal,15,2.324268824242005,4,154.951254949467,4,0,TRUE
063,10,petal,20,2.59726534989244,4,129.86326749462202,4,0,TRUE
063,10,fugal,10,-0.6535189175063667,4,-65.35189175063667,4,0,TRUE
063,10,fugal,15,1.370110507056935,4,91.34070047046234,4,0,TRUE
063,10,fugal,20,0.816733932965118,3,40.8366966482559,4,1,FALSE
063,11,flashbaseline,NA,-1.3798115024354893,8,NA,8,0,TRUE
063,11,petal,10,1.6205288344108724,4,162.05288344108723,4,0,TRUE
063,11,petal,15,-0.31432116953363276,4,-20.954744635575516,4,0,TRUE
063,11,petal,20,2.486402489877319,4,124.32012449386595,4,0,TRUE
063,11,fugal,10,1.0812646674178166,4,108.12646674178166,4,0,TRUE
063,11,fugal,15,0.3762663926225025,4,25.0844261748335,4,0,TRUE
063,11,fugal,20,2.3549954834142843,4,117.74977417071422,4,0,TRUE
063,12,flashbaseline,NA,-0.540819237735322,8,NA,8,0,TRUE
063,12,petal,10,-1.4010328892379,4,-140.10328892379002,4,0,TRUE
063,12,petal,15,2.49418338421089,4,166.27889228072598,4,0,TRUE
063,12,petal,20,2.0490668176060978,4,102.45334088030489,4,0,TRUE
063,12,fugal,10,0.6455243804258713,4,64.55243804258713,4,0,TRUE
063,12,fugal,15,1.706899765173055,4,113.79331767820368,4,0,TRUE
063,12,fugal,20,0.8273432076439369,4,41.36716038219684,4,0,TRUE
064,1,flashbaseline,NA,-0.21896239384832117,8,NA,8,0,TRUE
064,1,petal,10,0.8905933388651726,4,89.05933388651725,4,0,TRUE
064,1,petal,15,0.6873025875487051,4,45.82017250324701,4,0,TRUE
064,1,petal,20,0.19257327835666,4,9.628663917833,4,0,TRUE
064,1,fugal,10,-2.2857584092070424,4,-228.57584092070422,4,0,TRUE
064,1,fugal,15,-1.63512500787249,4,-109.008333858166,4,0,TRUE
064,1,fugal,20,-1.614009735054437,4,-80.70048675272184,4,0,TRUE
064,2,flashbaseline,NA,0.17379920842094765,8,NA,8,0,TRUE
064,2,petal,10,1.357580353617542,4,135.75803536175417,4,0,TRUE
064,2,petal,15,-0.07100341994581034,4,-4.73356132972069,4,0,TRUE
064,2,petal,20,2.0980141460548976,4,104.90070730274488,4,0,TRUE
064,2,fugal,10,-1.2750080987000967,4,-127.50080987000968,4,0,TRUE
064,2,fugal,15,-0.8079021212619732,4,-53.86014141746488,4,0,TRUE
064,2,fugal,20,-2.466830881161405,4,-123.34154405807026,4,0,TRUE
064,3,flashbaseline,NA,0.27160393234370356,8,NA,8,0,TRUE
064,3,petal,10,1.2348925965524715,4,123.48925965524715,4,0,TRUE
064,3,petal,15,1.4386575260902168,4,95.91050173934778,4,0,TRUE
064,3,petal,20,2.8191997566089624,4,140.9599878304481,4,0,TRUE
064,3,fugal,10,-1.4653761861633525,4,-146.53761861633524,4,0,TRUE
064,3,fugal,15,-1.3571213703431444,4,-90.47475802287629,4,0,TRUE
064,3,fugal,20,-1.460718034297225,4,-73.03590171486125,4,0,TRUE
064,4,flashbaseline,NA,-0.22605871101007805,8,NA,8,0,TRUE
064,4,petal,10,1.2462982200210466,4,124.62982200210466,4,0,TRUE
064,4,petal,15,1.1072453133430775,4,73.81635422287184,4,0,TRUE
064,4,petal,20,1.87181395169312,4,93.590697584656,4,0,TRUE
064,4,fugal,10,-1.4471627956520319,4,-144.7162795652032,4,0,TRUE
064,4,fugal,15,-1.112836737823348,4,-74.18911585488986,4,0,TRUE
064,4,fugal,20,-1.7891242863396106,4,-89.45621431698054,4,0,TRUE
064,5,flashbaseline,NA,-0.4488542401361866,8,NA,8,0,TRUE
064,5,petal,10,1.34613940097154,4,134.613940097154,4,0,TRUE
064,5,petal,15,1.5656379944211527,4,104.37586629474352,4,0,TRUE
064,5,petal,20,1.19977719390146,4,59.988859695073,4,0,TRUE
064,5,fugal,10,-1.2393308400589254,4,-123.93308400589254,4,0,TRUE
064,5,fugal,15,-1.8014201952357511,4,-120.09467968238341,4,0,TRUE
064,5,fugal,20,-0.4139408865958456,4,-20.69704432979228,4,0,TRUE
064,6,flashbaseline,NA,-0.4628982340489475,8,NA,8,0,TRUE
064,6,petal,10,1.8956592861042076,4,189.56592861042077,4,0,TRUE
064,6,petal,15,1.6370135382985762,4,109.13423588657174,4,0,TRUE
064,6,petal,20,1.005809764048506,4,50.2904882024253,4,0,TRUE
064,6,fugal,10,-1.6400473165231821,4,-164.0047316523182,4,0,TRUE
064,6,fugal,15,0.06628303902164391,4,4.418869268109594,4,0,TRUE
064,6,fugal,20,-0.9351431171513116,4,-46.757155857565586,4,0,TRUE
064,7,flashbaseline,NA,-0.5737063255005761,8,NA,8,0,TRUE
064,7,petal,10,2.0697150863056644,4,206.97150863056643,4,0,TRUE
064,7,petal,15,1.3686156804065703,4,91.24104536043802,4,0,TRUE
064,7,petal,20,2.5388093423970384,4,126.9404671198519,4,0,TRUE
064,7,fugal,10,-1.610371189456915,4,-161.0371189456915,4,0,TRUE
064,7,fugal,15,-1.3664266791085427,4,-91.09511194056951,4,0,TRUE
064,7,fugal,20,-2.170520763736951,4,-108.52603818684754,4,0,TRUE
064,8,flashbaseline,NA,-0.278315812887932,8,NA,8,0,TRUE
064,8,petal,10,-0.39681877116773967,4,-39.68187711677397,4,0,TRUE
064,8,petal,15,1.3807390217897826,4,92.04926811931884,4,0,TRUE
064,8,petal,20,0.521048231058828,4,26.0524115529414,4,0,TRUE
064,8,fugal,10,-0.7788405148932368,4,-77.88405148932368,4,0,TRUE
064,8,fugal,15,-2.0618522902165446,4,-137.45681934776962,4,0,TRUE
064,8,fugal,20,-1.9557814149492716,4,-97.78907074746358,4,0,TRUE
064,9,flashbaseline,NA,0.12228837898717584,8,NA,8,0,TRUE
064,9,petal,10,1.86902687623029,4,186.902687623029,4,0,TRUE
064,9,petal,15,2.0848071496798783,4,138.98714331199187,4,0,TRUE
064,9,petal,20,0.4184852458564541,4,20.924262292822704,4,0,TRUE
064,9,fugal,10,-1.4321923247660031,4,-143.21923247660033,4,0,TRUE
064,9,fugal,15,-1.8784190961219676,4,-125.22793974146451,4,0,TRUE
064,9,fugal,20,-1.2534478396474,4,-62.67239198237,4,0,TRUE
064,10,flashbaseline,NA,-0.5609537467116847,8,NA,8,0,TRUE
064,10,petal,10,2.1065334774261464,4,210.6533477426146,4,0,TRUE
064,10,petal,15,1.3996222452497684,4,93.3081496833179,4,0,TRUE
064,10,petal,20,1.774684532815789,4,88.73422664078944,4,0,TRUE
064,10,fugal,10,-1.753847431595705,4,-175.38474315957052,4,0,TRUE
064,10,fugal,15,-1.455029496974824,4,-97.00196646498829,4,0,TRUE
064,10,fugal,20,-0.48834647423818894,4,-24.417323711909447,4,0,TRUE
064,11,flashbaseline,NA,0.027105414964122387,8,NA,8,0,TRUE
064,11,petal,10,1.2781781801948502,4,127.81781801948503,4,0,TRUE
064,11,petal,15,-0.04406204067367593,4,-2.9374693782450625,4,0,TRUE
064,11,petal,20,2.6208949829511097,4,131.04474914755548,4,0,TRUE
064,11,fugal,10,-1.4894657909726932,4,-148.94657909726934,4,0,TRUE
064,11,fugal,15,-1.5443919180765688,4,-102.95946120510459,4,0,TRUE
064,11,fugal,20,-1.3824872007098201,4,-69.12436003549101,4,0,TRUE
064,12,flashbaseline,NA,-0.13488875843627382,8,NA,8,0,TRUE
064,12,petal,10,1.3303820253606586,4,133.03820253606585,4,0,TRUE
064,12,petal,15,1.4463348291581508,4,96.42232194387672,4,0,TRUE
064,12,petal,20,1.0421617883654726,4,52.10808941827363,4,0,TRUE
064,12,fugal,10,-1.112232310518978,4,-111.2232310518978,4,0,TRUE
064,12,fugal,15,-0.34495129639466987,4,-22.996753092977993,4,0,TRUE
064,12,fugal,20,-1.7777045375559384,4,-88.88522687779691,4,0,TRUE
065,1,flashbaseline,NA,-0.3064433093404334,8,NA,8,0,TRUE
065,1,petal,10,1.8098815016037784,4,180.98815016037784,4,0,TRUE
065,1,petal,15,2.305515990927505,4,153.70106606183367,4,0,TRUE
065,1,petal,20,3.6258525456812025,4,181.29262728406013,4,0,TRUE
065,1,fugal,10,0.4158430613369994,4,41.58430613369994,4,0,TRUE
065,1,fugal,15,0.43795668326982284,4,29.19711221798819,4,0,TRUE
065,1,fugal,20,1.4552223435966107,4,72.76111717983053,4,0,TRUE
065,2,flashbaseline,NA,0.06222285613644303,8,NA,8,0,TRUE
065,2,petal,10,4.110425464950392,4,411.04254649503923,4,0,TRUE
065,2,petal,15,3.080579805322985,4,205.37198702153233,4,0,TRUE
065,2,petal,20,4.595243520054147,4,229.76217600270738,4,0,TRUE
065,2,fugal,10,-0.02460256855163745,4,-2.460256855163745,4,0,TRUE
065,2,fugal,15,2.0782275205644836,4,138.5485013709656,4,0,TRUE
065,2,fugal,20,2.79265511997095,4,139.63275599854748,4,0,TRUE
065,3,flashbaseline,NA,-0.5364307957413216,8,NA,8,0,TRUE
065,3,petal,10,1.858846623848165,4,185.8846623848165,4,0,TRUE
065,3,petal,15,2.6736433060175626,4,178.2428870678375,4,0,TRUE
065,3,petal,20,3.6129713665718852,4,180.64856832859428,4,0,TRUE
065,3,fugal,10,0.0024724665281015135,4,0.24724665281015132,4,0,TRUE
065,3,fugal,15,0.6152211569809487,4,41.01474379872992,4,0,TRUE
065,3,fugal,20,0.8926867491995123,4,44.63433745997562,4,0,TRUE
065,4,flashbaseline,NA,-0.00764995442413291,8,NA,8,0,TRUE
065,4,petal,10,2.612344221232835,4,261.23442212328354,4,0,TRUE
065,4,petal,15,2.471620250503226,4,164.77468336688173,4,0,TRUE
065,4,petal,20,3.6475582870911323,4,182.3779143545566,4,0,TRUE
065,4,fugal,10,1.487461624238395,4,148.74616242383948,4,0,TRUE
065,4,fugal,15,1.9237850379037194,4,128.25233586024794,4,0,TRUE
065,4,fugal,20,1.008782923774372,4,50.4391461887186,4,0,TRUE
065,5,flashbaseline,NA,1.4346887405172017,8,NA,8,0,TRUE
065,5,petal,10,3.622598317346127,4,362.25983173461276,4,0,TRUE
065,5,petal,15,3.86510663034228,4,257.67377535615196,4,0,TRUE
065,5,petal,20,4.0001674155100275,4,200.00837077550136,4,0,TRUE
065,5,fugal,10,-1.1003380441503485,4,-110.03380441503485,4,0,TRUE
065,5,fugal,15,0.6931617560199801,4,46.21078373466534,4,0,TRUE
065,5,fugal,20,1.070118150507585,4,53.50590752537924,4,0,TRUE
065,6,flashbaseline,NA,-0.42157637776949264,8,NA,8,0,TRUE
065,6,petal,10,3.87006291263994,4,387.006291263994,4,0,TRUE
065,6,petal,15,4.487766176812605,4,299.184411787507,4,0,TRUE
065,6,petal,20,4.97207077164586,4,248.60353858229297,4,0,TRUE
065,6,fugal,10,-0.4755664553197775,4,-47.55664553197775,4,0,TRUE
065,6,fugal,15,-2.8567914125442924,4,-190.45276083628616,4,0,TRUE
065,6,fugal,20,0.7846643915323535,4,39.23321957661767,4,0,TRUE
065,7,flashbaseline,NA,-0.5095450856965917,8,NA,8,0,TRUE
065,7,petal,10,2.34264556250798,3,234.26455625079797,4,1,FALSE
065,7,petal,15,2.996428189493832,4,199.7618792995888,4,0,TRUE
065,7,petal,20,4.286117089100602,4,214.3058544550301,4,0,TRUE
065,7,fugal,10,1.9246154526052301,4,192.461545260523,4,0,TRUE
065,7,fugal,15,0.989594529339886,4,65.97296862265907,4,0,TRUE
065,7,fugal,20,0.0309877372486823,4,1.5493868624341147,4,0,TRUE
065,8,flashbaseline,NA,0.45778478026729824,8,NA,8,0,TRUE
065,8,petal,10,2.8046285926197276,4,280.46285926197277,4,0,TRUE
065,8,petal,15,4.975477116322595,4,331.6984744215063,4,0,TRUE
065,8,petal,20,4.4125066838472,4,220.62533419236,4,0,TRUE
065,8,fugal,10,-0.7712393277360592,4,-77.12393277360592,4,0,TRUE
065,8,fugal,15,1.1433757409162049,4,76.22504939441366,4,0,TRUE
065,8,fugal,20,-0.08287124987456353,4,-4.143562493728177,4,0,TRUE
065,9,flashbaseline,NA,-0.7323681635259385,8,NA,8,0,TRUE
065,9,petal,10,3.59978960740273,4,359.97896074027295,4,0,TRUE
065,9,petal,15,2.60132525112524,4,173.4216834083493,4,0,TRUE
065,9,petal,20,4.154681426469093,4,207.73407132345466,4,0,TRUE
065,9,fugal,10,-0.9005784461550292,4,-90.05784461550293,4,0,TRUE
065,9,fugal,15,0.5851602849636774,4,39.01068566424516,4,0,TRUE
065,9,fugal,20,0.08414013297796186,4,4.207006648898092,4,0,TRUE
065,10,flashbaseline,NA,-1.26447436547434,8,NA,8,0,TRUE
065,10,petal,10,3.59738834006857,4,359.73883400685696,4,0,TRUE
065,10,petal,15,5.274917005074553,4,351.66113367163683,4,0,TRUE
065,10,petal,20,4.03889219346029,4,201.9446096730145,4,0,TRUE
065,10,fugal,10,-0.18145160320864218,4,-18.145160320864218,4,0,TRUE
065,10,fugal,15,0.4745399990142797,4,31.635999934285312,4,0,TRUE
065,10,fugal,20,3.2444002222389106,4,162.22001111194552,4,0,TRUE
065,11,flashbaseline,NA,-0.32002726354125305,8,NA,8,0,TRUE
065,11,petal,10,3.061795127293665,4,306.1795127293665,4,0,TRUE
065,11,petal,15,4.492863966913077,4,299.52426446087185,4,0,TRUE
065,11,petal,20,4.114069506577499,4,205.70347532887496,4,0,TRUE
065,11,fugal,10,0.40659946835803445,4,40.659946835803446,4,0,TRUE
065,11,fugal,15,0.11600633230076118,4,7.7337554867174125,4,0,TRUE
065,11,fugal,20,0.5465071775105075,4,27.325358875525374,4,0,TRUE
065,12,flashbaseline,NA,-0.6644261254509745,8,NA,8,0,TRUE
065,12,petal,10,3.06388778773743,4,306.38877877374307,4,0,TRUE
065,12,petal,15,4.371224539535735,4,291.4149693023823,4,0,TRUE
065,12,petal,20,4.580868760341447,4,229.04343801707236,4,0,TRUE
065,12,fugal,10,-1.858690493985118,4,-185.8690493985118,4,0,TRUE
065,12,fugal,15,-0.7619298049528784,4,-50.79532033019189,4,0,TRUE
065,12,fugal,20,1.6036384178907903,4,80.18192089453952,4,0,TRUE
066,1,flashbaseline,NA,0.19618856035501495,8,NA,8,0,TRUE
066,1,petal,10,3.2051898941593677,4,320.51898941593674,4,0,TRUE
066,1,petal,15,4.48703392364756,4,299.1355949098373,4,0,TRUE
066,1,petal,20,4.01512639975279,4,200.7563199876395,4,0,TRUE
066,1,fugal,10,-0.5964487436520377,4,-59.64487436520377,4,0,TRUE
066,1,fugal,15,0.08780611971659147,4,5.853741314439431,4,0,TRUE
066,1,fugal,20,2.0316493693983255,4,101.58246846991628,4,0,TRUE
066,2,flashbaseline,NA,0.39962760882577064,8,NA,8,0,TRUE
066,2,petal,10,2.59177036444359,4,259.177036444359,4,0,TRUE
066,2,petal,15,3.4382170021670975,4,229.21446681113983,4,0,TRUE
066,2,petal,20,3.6105788602809574,4,180.52894301404788,4,0,TRUE
066,2,fugal,10,-0.5830140208321308,4,-58.301402083213084,4,0,TRUE
066,2,fugal,15,-0.8752088213230325,4,-58.34725475486883,4,0,TRUE
066,2,fugal,20,-0.1591694334809418,4,-7.95847167404709,4,0,TRUE
066,3,flashbaseline,NA,-0.125875587087855,8,NA,8,0,TRUE
066,3,petal,10,2.6563458606934502,4,265.63458606934506,4,0,TRUE
066,3,petal,15,4.4621827172651525,4,297.4788478176768,4,0,TRUE
066,3,petal,20,3.7291518438230375,4,186.4575921911519,4,0,TRUE
066,3,fugal,10,0.1171101980115298,4,11.71101980115298,4,0,TRUE
066,3,fugal,15,0.16301924992212874,4,10.867949994808583,4,0,TRUE
066,3,fugal,20,0.755423639189108,4,37.771181959455404,4,0,TRUE
066,4,flashbaseline,NA,-0.1976741064043303,8,NA,8,0,TRUE
066,4,petal,10,3.0157465017567606,4,301.5746501756761,4,0,TRUE
066,4,petal,15,2.9705262064220377,4,198.03508042813584,4,0,TRUE
066,4,petal,20,3.9946927876899476,4,199.73463938449737,4,0,TRUE
066,4,fugal,10,-0.9959005571248892,4,-99.59005571248892,4,0,TRUE
066,4,fugal,15,-1.0690102827510413,4,-71.26735218340276,4,0,TRUE
066,4,fugal,20,0.5425788266673051,4,27.12894133336525,4,0,TRUE
066,5,flashbaseline,NA,-0.3711968843722537,8,NA,8,0,TRUE
066,5,petal,10,3.407404958640295,4,340.74049586402947,4,0,TRUE
066,5,petal,15,3.4404657872065547,4,229.3643858137703,4,0,TRUE
066,5,petal,20,3.145219767388775,4,157.26098836943873,4,0,TRUE
066,5,fugal,10,-0.2148470900981423,4,-21.48470900981423,4,0,TRUE
066,5,fugal,15,-0.9718153661522103,4,-64.78769107681403,4,0,TRUE
066,5,fugal,20,-0.5431305638403054,4,-27.15652819201527,4,0,TRUE
066,6,flashbaseline,NA,-0.40166096945382335,8,NA,8,0,TRUE
066,6,petal,10,2.7702686834681147,4,277.02686834681145,4,0,TRUE
066,6,petal,15,2.8153491999862426,4,187.68994666574952,4,0,TRUE
066,6,petal,20,3.417121373952445,4,170.85606869762225,4,0,TRUE
066,6,fugal,10,0.337166026222476,4,33.7166026222476,4,0,TRUE
066,6,fugal,15,-0.9584866655961848,4,-63.89911103974565,4,0,TRUE
066,6,fugal,20,-0.42869156126722197,4,-21.434578063361098,4,0,TRUE
066,7,flashbaseline,NA,0.26816212007258156,8,NA,8,0,TRUE
066,7,petal,10,2.7307624022701975,4,273.07624022701975,4,0,TRUE
066,7,petal,15,2.9316641801569525,4,195.44427867713014,4,0,TRUE
066,7,petal,20,3.5369164249888576,4,176.84582124944288,4,0,TRUE
066,7,fugal,10,-0.9345510633366607,4,-93.45510633366608,4,0,TRUE
066,7,fugal,15,1.4620727719344815,4,97.47151812896543,4,0,TRUE
066,7,fugal,20,0.06260496838980573,4,3.1302484194902864,4,0,TRUE
066,8,flashbaseline,NA,0.4877134478091233,8,NA,8,0,TRUE
066,8,petal,10,2.374552117017985,4,237.4552117017985,4,0,TRUE
066,8,petal,15,3.6461947574521876,4,243.07965049681252,4,0,TRUE
066,8,petal,20,3.5612724609744277,4,178.06362304872138,4,0,TRUE
066,8,fugal,10,-0.90593875782514,4,-90.593875782514,4,0,TRUE
066,8,fugal,15,-1.113564826386529,4,-74.23765509243526,4,0,TRUE
066,8,fugal,20,-0.8658040699830212,4,-43.29020349915106,4,0,TRUE
066,9,flashbaseline,NA,-0.3200256040977806,8,NA,8,0,TRUE
066,9,petal,10,3.724309347483125,4,372.43093474831244,4,0,TRUE
066,9,petal,15,2.847556199887115,4,189.83707999247432,4,0,TRUE
066,9,petal,20,4.46965023851215,4,223.4825119256075,4,0,TRUE
066,9,fugal,10,-1.4310544105606229,4,-143.1054410560623,4,0,TRUE
066,9,fugal,15,0.1865188624727281,4,12.434590831515207,4,0,TRUE
066,9,fugal,20,-0.18221322129410197,4,-9.110661064705099,4,0,TRUE
066,10,flashbaseline,NA,0.15451043659639963,8,NA,8,0,TRUE
066,10,petal,10,3.1935934804398567,4,319.3593480439857,4,0,TRUE
066,10,petal,15,4.218786786750755,4,281.2524524500503,4,0,TRUE
066,10,petal,20,3.687288179079707,4,184.36440895398536,4,0,TRUE
066,10,fugal,10,-0.5816808549339573,4,-58.16808549339573,4,0,TRUE
066,10,fugal,15,-1.0740422552400943,4,-71.6028170160063,4,0,TRUE
066,10,fugal,20,0.007886361468246506,4,0.3943180734123253,4,0,TRUE
066,11,flashbaseline,NA,-0.3205380768144347,8,NA,8,0,TRUE
066,11,petal,10,1.8044481880749328,4,180.44481880749328,4,0,TRUE
066,11,petal,15,4.297535369696328,4,286.5023579797552,4,0,TRUE
066,11,petal,20,4.1035478331706905,4,205.17739165853453,4,0,TRUE
066,11,fugal,10,-0.6796153936626994,4,-67.96153936626995,4,0,TRUE
066,11,fugal,15,-0.08757842703862279,4,-5.838561802574852,4,0,TRUE
066,11,fugal,20,0.685047963725343,4,34.25239818626715,4,0,TRUE
066,12,flashbaseline,NA,-0.32300884800924967,8,NA,8,0,TRUE
066,12,petal,10,2.3717230289988875,4,237.17230289988873,4,0,TRUE
066,12,petal,15,3.00057402316421,4,200.03826821094734,4,0,TRUE
066,12,petal,20,4.067034892072665,4,203.35174460363325,4,0,TRUE
066,12,fugal,10,-0.09906285488741884,4,-9.906285488741885,4,0,TRUE
066,12,fugal,15,-2.01760870340657,4,-134.50724689377134,4,0,TRUE
066,12,fugal,20,-0.511475338505656,4,-25.5737669252828,4,0,TRUE
067,1,flashbaseline,NA,-0.5119516169005975,8,NA,8,0,TRUE
067,1,petal,10,2.71614899433035,4,271.614899433035,4,0,TRUE
067,1,petal,15,2.986745036211405,4,199.11633574742697,4,0,TRUE
067,1,petal,20,5.30567438277881,4,265.2837191389405,4,0,TRUE
067,1,fugal,10,-0.6407063092920561,4,-64.0706309292056,4,0,TRUE
067,1,fugal,15,0.6929681029168592,4,46.19787352779061,4,0,TRUE
067,1,fugal,20,1.1008970447875193,4,55.04485223937596,4,0,TRUE
067,2,flashbaseline,NA,-0.283721345530086,8,NA,8,0,TRUE
067,2,petal,10,2.4369292953664576,4,243.69292953664575,4,0,TRUE
067,2,petal,15,3.0432098654498776,4,202.8806576966585,4,0,TRUE
067,2,petal,20,4.85698302126937,4,242.8491510634685,4,0,TRUE
067,2,fugal,10,-0.007327655816207895,4,-0.7327655816207895,4,0,TRUE
067,2,fugal,15,0.7882719884222349,4,52.55146589481566,4,0,TRUE
067,2,fugal,20,1.9056021651450792,4,95.28010825725396,4,0,TRUE
067,3,flashbaseline,NA,-0.05815958127157443,8,NA,8,0,TRUE
067,3,petal,10,1.9671034999529016,4,196.71034999529016,4,0,TRUE
067,3,petal,15,0.826140102793165,4,55.07600685287766,4,0,TRUE
067,3,petal,20,2.38666527819992,4,119.33326390999599,4,0,TRUE
067,3,fugal,10,0.12172879330734261,4,12.172879330734261,4,0,TRUE
067,3,fugal,15,-1.951563113023442,4,-130.10420753489612,4,0,TRUE
067,3,fugal,20,0.5193979674680456,4,25.96989837340228,4,0,TRUE
067,4,flashbaseline,NA,0.14392198026074765,8,NA,8,0,TRUE
067,4,petal,10,1.3580680235374325,4,135.80680235374325,4,0,TRUE
067,4,petal,15,2.0124065064652825,4,134.16043376435215,4,0,TRUE
067,4,petal,20,2.1473390720808294,4,107.36695360404147,4,0,TRUE
067,4,fugal,10,-0.07335665193095653,4,-7.335665193095653,4,0,TRUE
067,4,fugal,15,-0.45728662409016574,4,-30.485774939344385,4,0,TRUE
067,4,fugal,20,0.501636404006308,4,25.081820200315402,4,0,TRUE
067,5,flashbaseline,NA,-0.6705239733987727,8,NA,8,0,TRUE
067,5,petal,10,2.9679118133862445,4,296.7911813386245,4,0,TRUE
067,5,petal,15,2.2454346606068434,4,149.69564404045624,4,0,TRUE
067,5,petal,20,1.1436073642139843,4,57.180368210699214,4,0,TRUE
067,5,fugal,10,-0.9094840981431744,4,-90.94840981431744,4,0,TRUE
067,5,fugal,15,-0.41220334824359894,4,-27.48022321623993,4,0,TRUE
067,5,fugal,20,-1.278618284967214,4,-63.9309142483607,4,0,TRUE
067,6,flashbaseline,NA,-0.47364238643385603,8,NA,8,0,TRUE
067,6,petal,10,2.774942696342712,4,277.49426963427123,4,0,TRUE
067,6,petal,15,3.0222834666930676,4,201.4855644462045,4,0,TRUE
067,6,petal,20,1.301601021140188,4,65.0800510570094,4,0,TRUE
067,6,fugal,10,-0.9936043845985937,4,-99.36043845985937,4,0,TRUE
067,6,fugal,15,-2.41542188607662,4,-161.02812573844133,4,0,TRUE
067,6,fugal,20,-0.9667867321188321,4,-48.339336605941604,4,0,TRUE
067,7,flashbaseline,NA,-0.1668395016590435,8,NA,8,0,TRUE
067,7,petal,10,4.189033561664073,4,418.90335616640726,4,0,TRUE
067,7,petal,15,2.0463683481846564,4,136.42455654564375,4,0,TRUE
067,7,petal,20,2.6382176721348154,4,131.91088360674078,4,0,TRUE
067,7,fugal,10,-1.5409250597564326,4,-154.09250597564326,4,0,TRUE
067,7,fugal,15,-2.013714642024795,4,-134.247642801653,4,0,TRUE
067,7,fugal,20,-0.8702752077994325,4,-43.51376038997162,4,0,TRUE
067,8,flashbaseline,NA,-0.35466695667522774,8,NA,8,0,TRUE
067,8,petal,10,2.5757777631852377,4,257.5777763185237,4,0,TRUE
067,8,petal,15,3.9287221457432673,4,261.91480971621786,4,0,TRUE
067,8,petal,20,2.67686167226251,4,133.8430836131255,4,0,TRUE
067,8,fugal,10,-2.091682862732003,4,-209.16828627320032,4,0,TRUE
067,8,fugal,15,-1.0651854605207312,4,-71.0123640347154,4,0,TRUE
067,8,fugal,20,-3.8443058458267774,4,-192.21529229133887,4,0,TRUE
067,9,flashbaseline,NA,0.0025401515260935204,8,NA,8,0,TRUE
067,9,petal,10,2.532024819490032,4,253.2024819490032,4,0,TRUE
067,9,petal,15,2.287664259283629,4,152.5109506189086,4,0,TRUE
067,9,petal,20,2.3274093304159726,4,116.37046652079863,4,0,TRUE
067,9,fugal,10,-2.2915529662066514,4,-229.15529662066513,4,0,TRUE
067,9,fugal,15,-3.5207856623080573,4,-234.7190441538705,4,0,TRUE
067,9,fugal,20,-1.127453367356575,4,-56.372668367828744,4,0,TRUE
067,10,flashbaseline,NA,-0.29786202595520306,8,NA,8,0,TRUE
067,10,petal,10,2.4445095219015545,4,244.45095219015545,4,0,TRUE
067,10,petal,15,2.831201307703663,4,188.74675384691088,4,0,TRUE
067,10,petal,20,2.846977675180845,4,142.34888375904225,4,0,TRUE
067,10,fugal,10,-1.2949612774927417,4,-129.49612774927417,4,0,TRUE
067,10,fugal,15,-2.4282836229259774,4,-161.88557486173184,4,0,TRUE
067,10,fugal,20,-0.7263667661685226,4,-36.31833830842613,4,0,TRUE
067,11,flashbaseline,NA,0.9645467815668035,8,NA,8,0,TRUE
067,11,petal,10,1.4199504699855101,4,141.995046998551,4,0,TRUE
067,11,petal,15,1.2883387994958149,4,85.88925329972099,4,0,TRUE
067,11,petal,20,3.3398574951917257,4,166.9928747595863,4,0,TRUE
067,11,fugal,10,-1.5247336544698484,4,-152.47336544698484,4,0,TRUE
067,11,fugal,15,-1.9589289137901755,4,-130.59526091934504,4,0,TRUE
067,11,fugal,20,-2.9896326899042225,4,-149.48163449521113,4,0,TRUE
067,12,flashbaseline,NA,0.03606506133646605,8,NA,8,0,TRUE
067,12,petal,10,0.5654427083395055,4,56.54427083395055,4,0,TRUE
067,12,petal,15,0.6260843745320178,4,41.73895830213452,4,0,TRUE
067,12,petal,20,1.1413663789467676,4,57.06831894733838,4,0,TRUE
067,12,fugal,10,-3.2830673111217523,4,-328.3067311121752,4,0,TRUE
067,12,fugal,15,-1.950996651849028,4,-130.06644345660186,4,0,TRUE
067,12,fugal,20,-4.9152077912348675,4,-245.76038956174338,4,0,TRUE
068,1,flashbaseline,NA,0.16776710150839935,8,NA,8,0,TRUE
068,1,petal,10,3.67245154502081,4,367.245154502081,4,0,TRUE
068,1,petal,15,4.0706902066041275,4,271.37934710694185,4,0,TRUE
068,1,petal,20,4.762794483290205,4,238.13972416451023,4,0,TRUE
068,1,fugal,10,-2.8606336549011404,4,-286.063365490114,4,0,TRUE
068,1,fugal,15,0.39989096092309323,4,26.659397394872883,4,0,TRUE
068,1,fugal,20,1.4401145385784802,3,72.00572692892402,4,1,FALSE
068,2,flashbaseline,NA,-0.4115207863573034,8,NA,8,0,TRUE
068,2,petal,10,3.3122959871108826,4,331.2295987110883,4,0,TRUE
068,2,petal,15,5.23499436416536,4,348.99962427769066,4,0,TRUE
068,2,petal,20,5.124103509243068,4,256.20517546215336,4,0,TRUE
068,2,fugal,10,0.18712009632855753,4,18.712009632855754,4,0,TRUE
068,2,fugal,15,0.44278906924218575,4,29.519271282812383,4,0,TRUE
068,2,fugal,20,0.9123029711381465,4,45.61514855690733,4,0,TRUE
068,3,flashbaseline,NA,0.240385756735712,8,NA,8,0,TRUE
068,3,petal,10,3.7583695312089627,4,375.8369531208963,4,0,TRUE
068,3,petal,15,4.6154746271619,4,307.69830847746,4,0,TRUE
068,3,petal,20,6.575587327291328,4,328.7793663645664,4,0,TRUE
068,3,fugal,10,0.6528520421231885,4,65.28520421231885,4,0,TRUE
068,3,fugal,15,-0.061430505893745435,4,-4.09536705958303,4,0,TRUE
068,3,fugal,20,2.005504776574706,4,100.27523882873531,4,0,TRUE
068,4,flashbaseline,NA,0.48504079979343506,8,NA,8,0,TRUE
068,4,petal,10,3.03921242699882,4,303.921242699882,4,0,TRUE
068,4,petal,15,4.9267581779891145,4,328.4505451992743,4,0,TRUE
068,4,petal,20,5.396505275403673,4,269.8252637701836,4,0,TRUE
068,4,fugal,10,0.7100655367161279,4,71.00655367161279,4,0,TRUE
068,4,fugal,15,1.2876404976704028,4,85.84269984469351,4,0,TRUE
068,4,fugal,20,1.1536312572888043,4,57.68156286444022,4,0,TRUE
068,5,flashbaseline,NA,-0.010298182602528794,8,NA,8,0,TRUE
068,5,petal,10,3.531605684647135,4,353.1605684647135,4,0,TRUE
068,5,petal,15,4.771571890956863,4,318.1047927304575,4,0,TRUE
068,5,petal,20,5.4332795164047045,4,271.66397582023524,4,0,TRUE
068,5,fugal,10,0.24129753724199451,4,24.12975372419945,4,0,TRUE
068,5,fugal,15,1.1991262637357867,4,79.94175091571911,4,0,TRUE
068,5,fugal,20,1.0888282138050336,4,54.44141069025168,4,0,TRUE
068,6,flashbaseline,NA,0.16128018940346253,8,NA,8,0,TRUE
068,6,petal,10,4.030250128260785,4,403.0250128260785,4,0,TRUE
068,6,petal,15,5.578114810518447,4,371.8743207012298,4,0,TRUE
068,6,petal,20,5.80771003966314,4,290.385501983157,4,0,TRUE
068,6,fugal,10,0.395436500694842,4,39.543650069484194,4,0,TRUE
068,6,fugal,15,0.6118228037872347,4,40.788186919148984,4,0,TRUE
068,6,fugal,20,0.6714986420642186,4,33.57493210321093,4,0,TRUE
068,7,flashbaseline,NA,0.4342648742682722,8,NA,8,0,TRUE
068,7,petal,10,4.086326501022485,4,408.63265010224853,4,0,TRUE
068,7,petal,15,5.034514234869178,4,335.63428232461183,4,0,TRUE
068,7,petal,20,5.75298294780345,4,287.6491473901725,4,0,TRUE
068,7,fugal,10,0.22531715344593825,4,22.531715344593827,4,0,TRUE
068,7,fugal,15,1.4478690975215862,4,96.52460650143908,4,0,TRUE
068,7,fugal,20,0.42064880265166127,4,21.032440132583062,4,0,TRUE
068,8,flashbaseline,NA,-0.06773594190551241,8,NA,8,0,TRUE
068,8,petal,10,3.6452119389632425,4,364.52119389632423,4,0,TRUE
068,8,petal,15,4.856210541416255,4,323.74736942775036,4,0,TRUE
068,8,petal,20,6.065603302821085,4,303.2801651410543,4,0,TRUE
068,8,fugal,10,-0.012366681307242777,4,-1.2366681307242777,4,0,TRUE
068,8,fugal,15,1.532592056617685,4,102.17280377451233,4,0,TRUE
068,8,fugal,20,1.195848606093014,4,59.7924303046507,4,0,TRUE
068,9,flashbaseline,NA,-0.21684795817804128,8,NA,8,0,TRUE
068,9,petal,10,3.799298708220555,4,379.9298708220555,4,0,TRUE
068,9,petal,15,5.2303255388121555,4,348.6883692541437,4,0,TRUE
068,9,petal,20,5.97988376010956,4,298.994188005478,4,0,TRUE
068,9,fugal,10,-0.1424741786993295,4,-14.24741786993295,4,0,TRUE
068,9,fugal,15,0.5043735549334825,4,33.624903662232164,4,0,TRUE
068,9,fugal,20,1.7673042603838298,4,88.3652130191915,4,0,TRUE
068,10,flashbaseline,NA,-0.1926876127474994,8,NA,8,0,TRUE
068,10,petal,10,3.1568014902982027,4,315.68014902982026,4,0,TRUE
068,10,petal,15,4.429337517349072,4,295.2891678232715,4,0,TRUE
068,10,petal,20,5.8278121592923195,4,291.390607964616,4,0,TRUE
068,10,fugal,10,0.8084384514464895,4,80.84384514464895,4,0,TRUE
068,10,fugal,15,0.8741858272438934,4,58.27905514959289,4,0,TRUE
068,10,fugal,20,1.0094832759008874,4,50.47416379504437,4,0,TRUE
068,11,flashbaseline,NA,0.27859442020571756,8,NA,8,0,TRUE
068,11,petal,10,3.8513254640669023,4,385.13254640669027,4,0,TRUE
068,11,petal,15,4.789004172175377,4,319.2669448116918,4,0,TRUE
068,11,petal,20,6.17911589367069,4,308.9557946835345,4,0,TRUE
068,11,fugal,10,1.0498917493387996,4,104.98917493387997,4,0,TRUE
068,11,fugal,15,0.8188177310896365,4,54.5878487393091,4,0,TRUE
068,11,fugal,20,1.7685397727945062,4,88.42698863972531,4,0,TRUE
068,12,flashbaseline,NA,-0.10638109399552248,8,NA,8,0,TRUE
068,12,petal,10,3.9551623140791854,4,395.51623140791855,4,0,TRUE
068,12,petal,15,4.04040129536175,4,269.36008635745003,4,0,TRUE
068,12,petal,20,6.136042258643645,4,306.80211293218224,4,0,TRUE
068,12,fugal,10,0.2732210200605667,4,27.32210200605667,4,0,TRUE
068,12,fugal,15,1.5012289657561555,4,100.08193105041038,4,0,TRUE
068,12,fugal,20,1.9928172573791925,4,99.64086286895963,4,0,TRUE
069,1,flashbaseline,NA,-0.5504348570641499,8,NA,8,0,TRUE
069,1,petal,10,3.8381291878079424,4,383.8129187807943,4,0,TRUE
069,1,petal,15,4.351868922404728,4,290.1245948269819,4,0,TRUE
069,1,petal,20,4.874943401114468,4,243.7471700557234,4,0,TRUE
069,1,fugal,10,2.5249725155246874,4,252.49725155246873,4,0,TRUE
069,1,fugal,15,2.5794761245775373,4,171.96507497183583,4,0,TRUE
069,1,fugal,20,4.328038494687817,4,216.40192473439086,4,0,TRUE
069,2,flashbaseline,NA,-0.21675441369398468,8,NA,8,0,TRUE
069,2,petal,10,3.2139192614025274,4,321.39192614025274,4,0,TRUE
069,2,petal,15,4.2139407509207,4,280.92938339471334,4,0,TRUE
069,2,petal,20,5.670479881363495,4,283.5239940681748,4,0,TRUE
069,2,fugal,10,1.3440218361030078,4,134.4021836103008,4,0,TRUE
069,2,fugal,15,2.8309590627646553,4,188.73060418431035,4,0,TRUE
069,2,fugal,20,4.321287719520225,4,216.06438597601124,4,0,TRUE
069,3,flashbaseline,NA,0.03911774895687589,8,NA,8,0,TRUE
069,3,petal,10,3.70082224949839,4,370.082224949839,4,0,TRUE
069,3,petal,15,4.588451947099465,4,305.8967964732976,4,0,TRUE
069,3,petal,20,5.32791511751186,4,266.395755875593,4,0,TRUE
069,3,fugal,10,1.8330297562445375,4,183.30297562445375,4,0,TRUE
069,3,fugal,15,3.5817581926943576,4,238.78387951295718,4,0,TRUE
069,3,fugal,20,4.359594205569298,4,217.97971027846492,4,0,TRUE
069,4,flashbaseline,NA,-0.24308289895122023,7,NA,8,1,FALSE
069,4,petal,10,2.597926856342765,4,259.7926856342765,4,0,TRUE
069,4,petal,15,4.781597794664158,4,318.77318631094386,4,0,TRUE
069,4,petal,20,5.27657684753826,4,263.82884237691303,4,0,TRUE
069,4,fugal,10,1.5915927643989567,4,159.15927643989568,4,0,TRUE
069,4,fugal,15,4.214815174922244,3,280.98767832814957,4,1,FALSE
069,4,fugal,20,4.482507227354145,4,224.12536136770728,4,0,TRUE
069,5,flashbaseline,NA,0.4055951885898511,8,NA,8,0,TRUE
069,5,petal,10,2.4731349745790276,4,247.31349745790277,4,0,TRUE
069,5,petal,15,4.82298152937192,4,321.53210195812795,4,0,TRUE
069,5,petal,20,5.40797569071972,4,270.39878453598595,4,0,TRUE
069,5,fugal,10,2.977328155685555,4,297.7328155685555,4,0,TRUE
069,5,fugal,15,3.03328079342317,4,202.21871956154467,4,0,TRUE
069,5,fugal,20,4.076414015255008,4,203.8207007627504,4,0,TRUE
069,6,flashbaseline,NA,-0.11179572799361387,8,NA,8,0,TRUE
069,6,petal,10,2.7923546293738526,4,279.23546293738525,4,0,TRUE
069,6,petal,15,4.01541700483295,3,267.6944669888633,4,1,FALSE
069,6,petal,20,5.451922880348111,4,272.5961440174055,4,0,TRUE
069,6,fugal,10,2.226444406473945,4,222.6444406473945,4,0,TRUE
069,6,fugal,15,2.902851142791153,3,193.52340951941022,4,1,FALSE
069,6,fugal,20,3.5604185907725725,4,178.02092953862865,4,0,TRUE
069,7,flashbaseline,NA,-0.10052317847194724,8,NA,8,0,TRUE
069,7,petal,10,2.6253780682809156,4,262.53780682809156,4,0,TRUE
069,7,petal,15,5.08350479653501,3,338.90031976900065,4,1,FALSE
069,7,petal,20,5.4722666099441195,4,273.613330497206,4,0,TRUE
069,7,fugal,10,2.41567584881002,4,241.567584881002,4,0,TRUE
069,7,fugal,15,3.18442294345361,4,212.29486289690732,4,0,TRUE
069,7,fugal,20,3.3954260799205,4,169.77130399602498,4,0,TRUE
069,8,flashbaseline,NA,-0.09362165184028623,8,NA,8,0,TRUE
069,8,petal,10,2.8857747681094,4,288.57747681094,4,0,TRUE
069,8,petal,15,4.595722865624833,4,306.3815243749888,4,0,TRUE
069,8,petal,20,5.133928558693892,4,256.6964279346946,4,0,TRUE
069,8,fugal,10,3.022452759512245,4,302.2452759512245,4,0,TRUE
069,8,fugal,15,3.7703098223835347,4,251.3539881589023,4,0,TRUE
069,8,fugal,20,4.245673433926285,4,212.28367169631426,4,0,TRUE
069,9,flashbaseline,NA,0.016487440945122916,8,NA,8,0,TRUE
069,9,petal,10,3.25021294259954,3,325.021294259954,4,1,FALSE
069,9,petal,15,4.036543895082442,4,269.1029263388295,4,0,TRUE
069,9,petal,20,4.70624970148485,4,235.31248507424252,4,0,TRUE
069,9,fugal,10,2.46161899404146,4,246.16189940414597,4,0,TRUE
069,9,fugal,15,2.9327532332240427,4,195.51688221493617,4,0,TRUE
069,9,fugal,20,3.6839032147348876,4,184.19516073674438,4,0,TRUE
069,10,flashbaseline,NA,-0.04744634597589019,8,NA,8,0,TRUE
069,10,petal,10,3.112639156310415,4,311.2639156310415,4,0,TRUE
069,10,petal,15,4.26370473045179,4,284.24698203011934,4,0,TRUE
069,10,petal,20,5.615505843963115,4,280.7752921981558,4,0,TRUE
069,10,fugal,10,2.0140760009950105,4,201.40760009950102,4,0,TRUE
069,10,fugal,15,3.117189581569701,4,207.8126387713134,4,0,TRUE
069,10,fugal,20,3.320937045672785,4,166.04685228363925,4,0,TRUE
069,11,flashbaseline,NA,0.678708851386033,8,NA,8,0,TRUE
069,11,petal,10,3.222460779186295,4,322.24607791862945,4,0,TRUE
069,11,petal,15,4.07312672852062,4,271.5417819013747,4,0,TRUE
069,11,petal,20,5.475799935376385,4,273.7899967688192,4,0,TRUE
069,11,fugal,10,1.082312087347519,4,108.23120873475189,4,0,TRUE
069,11,fugal,15,3.4463817973638866,3,229.75878649092576,4,1,FALSE
069,11,fugal,20,4.831599634459765,4,241.5799817229883,4,0,TRUE
069,12,flashbaseline,NA,-0.7725763960937168,8,NA,8,0,TRUE
069,12,petal,10,2.67305596375631,4,267.305596375631,4,0,TRUE
069,12,petal,15,3.7998626210392974,4,253.32417473595314,4,0,TRUE
069,12,petal,20,5.275193474443642,4,263.75967372218213,4,0,TRUE
069,12,fugal,10,2.3933143155264425,4,239.33143155264423,4,0,TRUE
069,12,fugal,15,2.7747697174651957,4,184.98464783101304,4,0,TRUE
069,12,fugal,20,4.71885114088875,4,235.9425570444375,4,0,TRUE
070,1,flashbaseline,NA,0.17522315501656255,8,NA,8,0,TRUE
070,1,petal,10,1.2832269969141954,4,128.32269969141956,4,0,TRUE
070,1,petal,15,1.6715723233929176,4,111.43815489286118,4,0,TRUE
070,1,petal,20,3.4557206242474052,4,172.78603121237026,4,0,TRUE
070,1,fugal,10,-1.9024178557209663,4,-190.24178557209663,4,0,TRUE
070,1,fugal,15,0.048137402789062006,4,3.209160185937467,4,0,TRUE
070,1,fugal,20,0.22012602922504051,4,11.006301461252026,4,0,TRUE
070,2,flashbaseline,NA,0.32071006936641777,8,NA,8,0,TRUE
070,2,petal,10,3.050173575539671,4,305.0173575539671,4,0,TRUE
070,2,petal,15,2.7616256368284473,4,184.10837578856314,4,0,TRUE
070,2,petal,20,4.278405529491953,4,213.92027647459764,4,0,TRUE
070,2,fugal,10,-1.5067761665003216,4,-150.67761665003215,4,0,TRUE
070,2,fugal,15,-1.057958421916333,4,-70.53056146108887,4,0,TRUE
070,2,fugal,20,0.48104916113396456,4,24.052458056698228,4,0,TRUE
070,3,flashbaseline,NA,-0.23778812017696005,8,NA,8,0,TRUE
070,3,petal,10,2.8164296301861675,4,281.64296301861674,4,0,TRUE
070,3,petal,15,2.3933819268711525,4,159.55879512474348,4,0,TRUE
070,3,petal,20,5.020650548950595,4,251.03252744752973,4,0,TRUE
070,3,fugal,10,-1.357920723300937,4,-135.79207233009367,4,0,TRUE
070,3,fugal,15,-0.48727997318998073,4,-32.48533154599872,4,0,TRUE
070,3,fugal,20,-1.4141506770946717,4,-70.70753385473358,4,0,TRUE
070,4,flashbaseline,NA,-0.05376873801550394,8,NA,8,0,TRUE
070,4,petal,10,1.89690417643159,4,189.690417643159,4,0,TRUE
070,4,petal,15,2.2265989843187244,4,148.43993228791496,4,0,TRUE
070,4,petal,20,3.2759327692760305,4,163.79663846380151,4,0,TRUE
070,4,fugal,10,-0.3078520816922793,4,-30.78520816922793,4,0,TRUE
070,4,fugal,15,-0.35647262240521693,4,-23.76484149368113,4,0,TRUE
070,4,fugal,20,0.36234233231570145,4,18.117116615785072,4,0,TRUE
070,5,flashbaseline,NA,-0.33869267900093675,8,NA,8,0,TRUE
070,5,petal,10,2.0756227294789165,4,207.56227294789164,4,0,TRUE
070,5,petal,15,2.6910929464508904,4,179.40619643005937,4,0,TRUE
070,5,petal,20,2.857970305053605,4,142.89851525268026,4,0,TRUE
070,5,fugal,10,-1.4686890414336837,4,-146.86890414336835,4,0,TRUE
070,5,fugal,15,-0.8542109802889978,4,-56.94739868593319,4,0,TRUE
070,5,fugal,20,-0.6271697486456691,4,-31.358487432283457,4,0,TRUE
070,6,flashbaseline,NA,-0.48615153439388514,8,NA,8,0,TRUE
070,6,petal,10,3.301820508317215,4,330.18205083172154,4,0,TRUE
070,6,petal,15,2.30117973750093,4,153.41198250006198,4,0,TRUE
070,6,petal,20,1.852754811579505,4,92.63774057897525,4,0,TRUE
070,6,fugal,10,-0.2365776691847905,4,-23.65776691847905,4,0,TRUE
070,6,fugal,15,-0.882450747713067,4,-58.8300498475378,4,0,TRUE
070,6,fugal,20,-1.08702930280091,4,-54.3514651400455,4,0,TRUE
070,7,flashbaseline,NA,-0.031186040640590384,8,NA,8,0,TRUE
070,7,petal,10,2.5292426547745923,4,252.92426547745922,4,0,TRUE
070,7,petal,15,3.33994035115113,4,222.662690076742,4,0,TRUE
070,7,petal,20,2.4089889627742074,4,120.44944813871037,4,0,TRUE
070,7,fugal,10,-0.550451472197405,4,-55.0451472197405,4,0,TRUE
070,7,fugal,15,0.5564908667300749,4,37.09939111533833,4,0,TRUE
070,7,fugal,20,0.41733107113239604,4,20.866553556619802,4,0,TRUE
070,8,flashbaseline,NA,-0.32335947667847004,8,NA,8,0,TRUE
070,8,petal,10,4.33369759113703,4,433.369759113703,4,0,TRUE
070,8,petal,15,2.9508599873455235,4,196.72399915636822,4,0,TRUE
070,8,petal,20,4.823130071398892,4,241.15650356994462,4,0,TRUE
070,8,fugal,10,-1.0068069900923526,4,-100.68069900923527,4,0,TRUE
070,8,fugal,15,-0.302668455227872,4,-20.177897015191466,4,0,TRUE
070,8,fugal,20,-1.0913582925346639,4,-54.5679146267332,4,0,TRUE
070,9,flashbaseline,NA,-0.04297267075429634,8,NA,8,0,TRUE
070,9,petal,10,1.5691007418024907,4,156.91007418024907,4,0,TRUE
070,9,petal,15,3.2526776674556324,4,216.8451778303755,4,0,TRUE
070,9,petal,20,3.6459879646213835,4,182.29939823106918,4,0,TRUE
070,9,fugal,10,0.34780955866398255,4,34.78095586639825,4,0,TRUE
070,9,fugal,15,-0.6358254595535807,4,-42.388363970238714,4,0,TRUE
070,9,fugal,20,1.0418308974557995,4,52.091544872789974,4,0,TRUE
070,10,flashbaseline,NA,-0.22332279567561497,8,NA,8,0,TRUE
070,10,petal,10,2.027395141359125,4,202.73951413591251,4,0,TRUE
070,10,petal,15,2.747531721725265,4,183.16878144835098,4,0,TRUE
070,10,petal,20,2.7449890366776857,4,137.24945183388428,4,0,TRUE
070,10,fugal,10,0.5637633922700893,4,56.37633922700893,4,0,TRUE
070,10,fugal,15,-1.2475914913366246,4,-83.17276608910831,4,0,TRUE
070,10,fugal,20,-0.7131212848184172,4,-35.65606424092086,4,0,TRUE
070,11,flashbaseline,NA,0.019519020976277668,8,NA,8,0,TRUE
070,11,petal,10,2.175861615799391,4,217.5861615799391,4,0,TRUE
070,11,petal,15,2.064065250316711,4,137.60435002111407,4,0,TRUE
070,11,petal,20,4.279847477296423,4,213.99237386482113,4,0,TRUE
070,11,fugal,10,1.4050004285134143,4,140.50004285134145,4,0,TRUE
070,11,fugal,15,-1.6077809605148026,4,-107.18539736765351,4,0,TRUE
070,11,fugal,20,1.1841129114952327,4,59.20564557476163,4,0,TRUE
070,12,flashbaseline,NA,-0.15554486386432476,8,NA,8,0,TRUE
070,12,petal,10,2.0971906112930077,4,209.71906112930077,4,0,TRUE
070,12,petal,15,2.924277195434515,4,194.95181302896765,4,0,TRUE
070,12,petal,20,4.229448255658992,4,211.47241278294962,4,0,TRUE
070,12,fugal,10,-0.4124073301973128,4,-41.24073301973128,4,0,TRUE
070,12,fugal,15,1.0012118881895242,4,66.74745921263495,4,0,TRUE
070,12,fugal,20,0.103133026664291,4,5.156651333214549,4,0,TRUE
071,1,flashbaseline,NA,0.40863606159884813,8,NA,8,0,TRUE
071,1,petal,10,2.6377391840167927,4,263.7739184016793,4,0,TRUE
071,1,petal,15,2.7130110535079077,4,180.86740356719386,4,0,TRUE
071,1,petal,20,3.374108430377815,4,168.70542151889072,4,0,TRUE
071,1,fugal,10,-0.7902866876809618,4,-79.02866876809618,4,0,TRUE
071,1,fugal,15,-0.25554322564152476,4,-17.036215042768315,4,0,TRUE
071,1,fugal,20,-1.4861777094901323,4,-74.30888547450662,4,0,TRUE
071,2,flashbaseline,NA,-0.02460221820465658,8,NA,8,0,TRUE
071,2,petal,10,2.0376091638733658,4,203.76091638733658,4,0,TRUE
071,2,petal,15,3.6741631281373275,4,244.9442085424885,4,0,TRUE
071,2,petal,20,2.320651295094965,4,116.03256475474825,4,0,TRUE
071,2,fugal,10,-0.808442610988496,4,-80.8442610988496,4,0,TRUE
071,2,fugal,15,-0.14369722628611933,4,-9.57981508574129,4,0,TRUE
071,2,fugal,20,-1.706042439766105,4,-85.30212198830525,4,0,TRUE
071,3,flashbaseline,NA,-0.013855795279682781,8,NA,8,0,TRUE
071,3,petal,10,2.470522386485505,4,247.05223864855046,4,0,TRUE
071,3,petal,15,2.4816867465711328,4,165.44578310474216,4,0,TRUE
071,3,petal,20,2.7937802349001837,4,139.6890117450092,4,0,TRUE
071,3,fugal,10,0.21532697106527848,4,21.53269710652785,4,0,TRUE
071,3,fugal,15,0.7286860999788366,4,48.579073331922444,4,0,TRUE
071,3,fugal,20,-0.6364258120788633,4,-31.82129060394316,4,0,TRUE
071,4,flashbaseline,NA,-0.39839138963178944,8,NA,8,0,TRUE
071,4,petal,10,2.478671251681225,4,247.8671251681225,4,0,TRUE
071,4,petal,15,2.064429913668995,4,137.62866091126637,4,0,TRUE
071,4,petal,20,2.8264507008847874,4,141.32253504423937,4,0,TRUE
071,4,fugal,10,0.249139828040014,4,24.913982804001403,4,0,TRUE
071,4,fugal,15,1.448752656633801,4,96.5835104422534,4,0,TRUE
071,4,fugal,20,-0.5970274001539317,4,-29.851370007696588,4,0,TRUE
071,5,flashbaseline,NA,0.7263552859681974,8,NA,8,0,TRUE
071,5,petal,10,3.5864411544162973,4,358.6441154416297,4,0,TRUE
071,5,petal,15,2.7071143595487777,4,180.47429063658518,4,0,TRUE
071,5,petal,20,3.8946706555791275,4,194.73353277895637,4,0,TRUE
071,5,fugal,10,-0.99102918905143,4,-99.102918905143,4,0,TRUE
071,5,fugal,15,0.054239896093633,4,3.6159930729088665,4,0,TRUE
071,5,fugal,20,0.47747493913135475,4,23.873746956567736,4,0,TRUE
071,6,flashbaseline,NA,0.30882630928249466,8,NA,8,0,TRUE
071,6,petal,10,2.2492436462362426,4,224.92436462362426,4,0,TRUE
071,6,petal,15,2.559730634674215,4,170.648708978281,4,0,TRUE
071,6,petal,20,2.96218976978953,4,148.1094884894765,4,0,TRUE
071,6,fugal,10,-0.8106408941495425,4,-81.06408941495425,4,0,TRUE
071,6,fugal,15,-0.44198638350271124,4,-29.465758900180752,4,0,TRUE
071,6,fugal,20,-0.7328226032842335,4,-36.64113016421168,4,0,TRUE
071,7,flashbaseline,NA,-0.0018741440192034386,8,NA,8,0,TRUE
071,7,petal,10,1.8949155854324795,4,189.49155854324795,4,0,TRUE
071,7,petal,15,2.7325890511196773,4,182.1726034079785,4,0,TRUE
071,7,petal,20,2.8501920450089275,4,142.50960225044636,4,0,TRUE
071,7,fugal,10,-0.681049727013313,4,-68.10497270133129,4,0,TRUE
071,7,fugal,15,0.28833563096718073,4,19.22237539781205,4,0,TRUE
071,7,fugal,20,-0.08609822443228349,4,-4.304911221614175,4,0,TRUE
071,8,flashbaseline,NA,0.3680929377542756,8,NA,8,0,TRUE
071,8,petal,10,1.8262432207210821,4,182.6243220721082,4,0,TRUE
071,8,petal,15,2.77678876141374,4,185.11925076091597,4,0,TRUE
071,8,petal,20,3.0052175444698426,4,150.26087722349212,4,0,TRUE
071,8,fugal,10,-1.1400930860953775,4,-114.00930860953775,4,0,TRUE
071,8,fugal,15,-0.8351025277973363,4,-55.673501853155756,4,0,TRUE
071,8,fugal,20,-1.0878605817286489,4,-54.39302908643244,4,0,TRUE
071,9,flashbaseline,NA,-0.38414376361012914,8,NA,8,0,TRUE
071,9,petal,10,2.2102933287608675,4,221.02933287608676,4,0,TRUE
071,9,petal,15,3.0185820765615548,4,201.23880510410368,4,0,TRUE
071,9,petal,20,2.005128351132922,4,100.25641755664608,4,0,TRUE
071,9,fugal,10,-1.4290865937811212,4,-142.9086593781121,4,0,TRUE
071,9,fugal,15,-0.9633777869496121,4,-64.2251857966408,4,0,TRUE
071,9,fugal,20,-0.8609422172364818,4,-43.04711086182409,4,0,TRUE
071,10,flashbaseline,NA,0.055358420744840764,8,NA,8,0,TRUE
071,10,petal,10,0.9364142843598418,4,93.64142843598418,4,0,TRUE
071,10,petal,15,2.5342377108464835,4,168.9491807230989,4,0,TRUE
071,10,petal,20,3.3463937829417976,4,167.3196891470899,4,0,TRUE
071,10,fugal,10,-1.0447742873633694,4,-104.47742873633695,4,0,TRUE
071,10,fugal,15,-0.9734732744209003,4,-64.89821829472668,4,0,TRUE
071,10,fugal,20,0.40152777812250673,4,20.076388906125334,4,0,TRUE
071,11,flashbaseline,NA,-0.08584097965702067,8,NA,8,0,TRUE
071,11,petal,10,2.517102612481975,4,251.7102612481975,4,0,TRUE
071,11,petal,15,3.01203859872928,4,200.80257324861867,4,0,TRUE
071,11,petal,20,2.1663422032056756,4,108.31711016028378,4,0,TRUE
071,11,fugal,10,-0.573695584523128,4,-57.3695584523128,4,0,TRUE
071,11,fugal,15,0.5050479798813681,4,33.66986532542453,4,0,TRUE
071,11,fugal,20,-0.9869181290155038,4,-49.34590645077519,4,0,TRUE
071,12,flashbaseline,NA,0.21473199666620502,8,NA,8,0,TRUE
071,12,petal,10,1.1451762373844887,4,114.51762373844888,4,0,TRUE
071,12,petal,15,2.0735652749739226,4,138.2376849982615,4,0,TRUE
071,12,petal,20,2.15836147226785,4,107.9180736133925,4,0,TRUE
071,12,fugal,10,-0.8562691190788423,4,-85.62691190788422,4,0,TRUE
071,12,fugal,15,-0.5860961050787385,4,-39.07307367191591,4,0,TRUE
071,12,fugal,20,-0.8488813960712488,4,-42.44406980356244,4,0,TRUE
072,1,flashbaseline,NA,0.18339052120107258,8,NA,8,0,TRUE
072,1,petal,10,2.8098454100748524,4,280.9845410074853,4,0,TRUE
072,1,petal,15,2.563639769537274,4,170.9093179691516,4,0,TRUE
072,1,petal,20,4.241771524147323,4,212.08857620736615,4,0,TRUE
072,1,fugal,10,-0.49592703750562656,4,-49.592703750562656,4,0,TRUE
072,1,fugal,15,2.672754781883842,4,178.18365212558945,4,0,TRUE
072,1,fugal,20,0.39085039676500793,4,19.542519838250396,4,0,TRUE
072,2,flashbaseline,NA,0.804225736496522,8,NA,8,0,TRUE
072,2,petal,10,-0.380023486329085,4,-38.0023486329085,4,0,TRUE
072,2,petal,15,0.659392823674154,4,43.959521578276934,4,0,TRUE
072,2,petal,20,3.214053741721524,4,160.70268708607622,4,0,TRUE
072,2,fugal,10,-0.21872894126380382,4,-21.87289412638038,4,0,TRUE
072,2,fugal,15,0.7652075265247793,4,51.01383510165195,4,0,TRUE
072,2,fugal,20,3.086803488392561,4,154.34017441962806,4,0,TRUE
072,3,flashbaseline,NA,0.6266949125434054,8,NA,8,0,TRUE
072,3,petal,10,0.8068905708100504,4,80.68905708100505,4,0,TRUE
072,3,petal,15,2.5476304455437755,4,169.84202970291838,4,0,TRUE
072,3,petal,20,4.9052691720670625,4,245.26345860335314,4,0,TRUE
072,3,fugal,10,0.4440452134312085,4,44.404521343120855,4,0,TRUE
072,3,fugal,15,-0.12894636582663083,4,-8.596424388442054,4,0,TRUE
072,3,fugal,20,-0.19260049564830073,4,-9.630024782415036,4,0,TRUE
072,4,flashbaseline,NA,-0.7462954067954436,8,NA,8,0,TRUE
072,4,petal,10,0.7891815268997953,4,78.91815268997952,4,0,TRUE
072,4,petal,15,3.092741643590525,4,206.18277623936834,4,0,TRUE
072,4,petal,20,4.164117419368377,4,208.20587096841885,4,0,TRUE
072,4,fugal,10,-1.859448103579884,4,-185.94481035798842,4,0,TRUE
072,4,fugal,15,0.31628766991725726,4,21.085844661150485,4,0,TRUE
072,4,fugal,20,0.045006051827366104,4,2.250302591368305,4,0,TRUE
072,5,flashbaseline,NA,-0.008136765347286357,8,NA,8,0,TRUE
072,5,petal,10,1.4781449633349475,4,147.81449633349476,4,0,TRUE
072,5,petal,15,2.3299647794559526,4,155.3309852970635,4,0,TRUE
072,5,petal,20,4.911345492436743,4,245.56727462183713,4,0,TRUE
072,5,fugal,10,-0.352604983026648,4,-35.2604983026648,4,0,TRUE
072,5,fugal,15,0.9261936320153334,4,61.74624213435556,4,0,TRUE
072,5,fugal,20,0.05456011761280255,4,2.7280058806401275,4,0,TRUE
072,6,flashbaseline,NA,0.25207952162969666,8,NA,8,0,TRUE
072,6,petal,10,3.5526596067238536,4,355.26596067238535,4,0,TRUE
072,6,petal,15,4.24387674795443,4,282.9251165302953,4,0,TRUE
072,6,petal,20,4.692323773594987,4,234.61618867974937,4,0,TRUE
072,6,fugal,10,2.022242367743524,4,202.2242367743524,4,0,TRUE
072,6,fugal,15,-0.40003165180226485,4,-26.66877678681766,4,0,TRUE
072,6,fugal,20,-2.0715664396066327,4,-103.57832198033164,4,0,TRUE
072,7,flashbaseline,NA,-0.8313696341489534,8,NA,8,0,TRUE
072,7,petal,10,1.8568312894640673,4,185.68312894640673,4,0,TRUE
072,7,petal,15,3.94968380074043,4,263.3122533826953,4,0,TRUE
072,7,petal,20,3.970003547315233,4,198.50017736576163,4,0,TRUE
072,7,fugal,10,0.22228742138684265,4,22.228742138684265,4,0,TRUE
072,7,fugal,15,0.3815342592492091,4,25.435617283280603,4,0,TRUE
072,7,fugal,20,-0.7533454145273192,4,-37.667270726365956,4,0,TRUE
072,8,flashbaseline,NA,0.36254880194899536,8,NA,8,0,TRUE
072,8,petal,10,2.564629068303141,4,256.46290683031407,4,0,TRUE
072,8,petal,15,3.1337318132539878,4,208.91545421693252,4,0,TRUE
072,8,petal,20,4.656393137426518,4,232.8196568713259,4,0,TRUE
072,8,fugal,10,-0.5741463095520378,4,-57.41463095520378,4,0,TRUE
072,8,fugal,15,1.7971139706243824,4,119.8075980416255,4,0,TRUE
072,8,fugal,20,1.4851759487650138,4,74.25879743825068,4,0,TRUE
072,9,flashbaseline,NA,-0.37092112048975895,8,NA,8,0,TRUE
072,9,petal,10,0.19513809891308612,4,19.51380989130861,4,0,TRUE
072,9,petal,15,3.8770303314882977,4,258.4686887658865,4,0,TRUE
072,9,petal,20,4.729619440695645,4,236.48097203478224,4,0,TRUE
072,9,fugal,10,0.1424822463199601,4,14.24822463199601,4,0,TRUE
072,9,fugal,15,-1.2953622194152437,4,-86.35748129434957,4,0,TRUE
072,9,fugal,20,0.1760277793057926,4,8.801388965289629,4,0,TRUE
072,10,flashbaseline,NA,-0.6761684464449906,8,NA,8,0,TRUE
072,10,petal,10,1.4651165729317437,4,146.51165729317435,4,0,TRUE
072,10,petal,15,1.4806945038250086,4,98.71296692166725,4,0,TRUE
072,10,petal,20,3.98207628459893,4,199.1038142299465,4,0,TRUE
072,10,fugal,10,1.017525537196222,4,101.75255371962218,4,0,TRUE
072,10,fugal,15,0.12791657974966325,4,8.527771983310885,4,0,TRUE
072,10,fugal,20,-0.37200401783743187,4,-18.600200891871594,4,0,TRUE
072,11,flashbaseline,NA,-0.11162072706416352,8,NA,8,0,TRUE
072,11,petal,10,0.7041698636766636,4,70.41698636766635,4,0,TRUE
072,11,petal,15,2.7228988190950223,4,181.52658793966816,4,0,TRUE
072,11,petal,20,4.98268602467781,4,249.1343012338905,4,0,TRUE
072,11,fugal,10,-2.1439581943007977,4,-214.39581943007977,4,0,TRUE
072,11,fugal,15,0.8244302002979733,4,54.962013353198216,4,0,TRUE
072,11,fugal,20,0.45519952548152,4,22.759976274076,4,0,TRUE
072,12,flashbaseline,NA,0.5398492107170666,8,NA,8,0,TRUE
072,12,petal,10,2.2006600304598325,4,220.06600304598325,4,0,TRUE
072,12,petal,15,2.122570212709322,4,141.5046808472881,4,0,TRUE
072,12,petal,20,2.4546164806110222,4,122.7308240305511,4,0,TRUE
072,12,fugal,10,0.059343309230622365,4,5.9343309230622365,4,0,TRUE
072,12,fugal,15,0.9996305638109557,4,66.64203758739706,4,0,TRUE
072,12,fugal,20,0.5599774359491959,4,27.998871797459795,4,0,TRUE
073,1,flashbaseline,NA,0.343514143072457,8,NA,8,0,TRUE
073,1,petal,10,3.61373523779279,4,361.373523779279,4,0,TRUE
073,1,petal,15,1.7884539547137184,4,119.23026364758122,4,0,TRUE
073,1,petal,20,2.86654019784338,4,143.327009892169,4,0,TRUE
073,1,fugal,10,1.135112936332689,4,113.5112936332689,4,0,TRUE
073,1,fugal,15,-0.5975805024776969,4,-39.838700165179795,4,0,TRUE
073,1,fugal,20,2.3161351101368757,3,115.80675550684379,4,1,FALSE
073,2,flashbaseline,NA,-0.8203125092481081,8,NA,8,0,TRUE
073,2,petal,10,1.35113252618817,4,135.113252618817,4,0,TRUE
073,2,petal,15,2.7068927896752752,4,180.45951931168503,4,0,TRUE
073,2,petal,20,5.2489176921267005,4,262.445884606335,4,0,TRUE
073,2,fugal,10,2.515646449840262,4,251.5646449840262,4,0,TRUE
073,2,fugal,15,0.18767062907959337,4,12.51137527197289,4,0,TRUE
073,2,fugal,20,3.0580231287396797,4,152.901156436984,4,0,TRUE
073,3,flashbaseline,NA,0.671703563961862,8,NA,8,0,TRUE
073,3,petal,10,2.5543363167980484,4,255.43363167980482,4,0,TRUE
073,3,petal,15,2.7513952052823925,4,183.42634701882616,4,0,TRUE
073,3,petal,20,2.1548461413411797,4,107.74230706705897,4,0,TRUE
073,3,fugal,10,-0.10895852745149448,4,-10.895852745149448,4,0,TRUE
073,3,fugal,15,1.066226037920214,4,71.0817358613476,4,0,TRUE
073,3,fugal,20,4.2555281129406755,4,212.77640564703376,4,0,TRUE
073,4,flashbaseline,NA,-0.42552779688781883,8,NA,8,0,TRUE
073,4,petal,10,2.3716150493810186,4,237.16150493810187,4,0,TRUE
073,4,petal,15,1.1774747937835761,4,78.49831958557174,4,0,TRUE
073,4,petal,20,2.593271027743362,4,129.6635513871681,4,0,TRUE
073,4,fugal,10,1.2417136944289826,4,124.17136944289827,4,0,TRUE
073,4,fugal,15,-1.251228690229986,4,-83.4152460153324,4,0,TRUE
073,4,fugal,20,1.6542345020293086,4,82.71172510146543,4,0,TRUE
073,5,flashbaseline,NA,0.447923195296369,8,NA,8,0,TRUE
073,5,petal,10,0.8449727810636315,4,84.49727810636315,4,0,TRUE
073,5,petal,15,1.631412959790844,4,108.76086398605626,4,0,TRUE
073,5,petal,20,4.842976532006725,4,242.14882660033626,4,0,TRUE
073,5,fugal,10,0.34586065656662246,4,34.58606565666224,4,0,TRUE
073,5,fugal,15,0.5669951084980311,4,37.79967389986874,4,0,TRUE
073,5,fugal,20,1.59522929384212,4,79.761464692106,4,0,TRUE
073,6,flashbaseline,NA,0.5280658013850632,8,NA,8,0,TRUE
073,6,petal,10,1.2459800211476635,4,124.59800211476635,4,0,TRUE
073,6,petal,15,0.9007947088938141,4,60.05298059292094,4,0,TRUE
073,6,petal,20,2.6080370145447462,4,130.4018507272373,4,0,TRUE
073,6,fugal,10,-0.06860347561056113,4,-6.860347561056113,4,0,TRUE
073,6,fugal,15,1.3849019027389644,4,92.32679351593096,4,0,TRUE
073,6,fugal,20,0.11837375310048226,4,5.9186876550241125,4,0,TRUE
073,7,flashbaseline,NA,0.20290008930839493,8,NA,8,0,TRUE
073,7,petal,10,4.289963098634155,4,428.99630986341555,4,0,TRUE
073,7,petal,15,2.8197923203825166,4,187.9861546921678,4,0,TRUE
073,7,petal,20,2.0699779562153173,4,103.49889781076587,4,0,TRUE
073,7,fugal,10,0.11411589597857297,4,11.411589597857297,4,0,TRUE
073,7,fugal,15,-0.6068864357963719,4,-40.45909571975813,4,0,TRUE
073,7,fugal,20,0.27468515612002,4,13.734257806000999,4,0,TRUE
073,8,flashbaseline,NA,0.9536207887808968,8,NA,8,0,TRUE
073,8,petal,10,1.1627379249469014,4,116.27379249469014,4,0,TRUE
073,8,petal,15,4.946518646412835,4,329.7679097608556,4,0,TRUE
073,8,petal,20,5.29971808710428,4,264.98590435521396,4,0,TRUE
073,8,fugal,10,-0.1895125547782005,4,-18.95125547782005,4,0,TRUE
073,8,fugal,15,0.04345303833425984,4,2.896869222283989,4,0,TRUE
073,8,fugal,20,2.3120590281492834,4,115.60295140746418,4,0,TRUE
073,9,flashbaseline,NA,0.042993989417709655,8,NA,8,0,TRUE
073,9,petal,10,1.4217952462029613,4,142.17952462029612,4,0,TRUE
073,9,petal,15,2.084256889988433,4,138.9504593325622,4,0,TRUE
073,9,petal,20,3.71994992755142,4,185.997496377571,4,0,TRUE
073,9,fugal,10,0.35297722681838206,4,35.29772268183821,4,0,TRUE
073,9,fugal,15,0.995731287199481,4,66.38208581329873,4,0,TRUE
073,9,fugal,20,1.3237082617432225,4,66.18541308716112,4,0,TRUE
073,10,flashbaseline,NA,-1.3882001238419976,8,NA,8,0,TRUE
073,10,petal,10,2.682197249172291,4,268.21972491722914,4,0,TRUE
073,10,petal,15,2.8419977522798963,4,189.46651681865976,4,0,TRUE
073,10,petal,20,4.330669407322885,4,216.53347036614426,4,0,TRUE
073,10,fugal,10,1.3738372476892495,4,137.38372476892496,4,0,TRUE
073,10,fugal,15,1.4550658847769768,4,97.00439231846512,4,0,TRUE
073,10,fugal,20,1.4259275408557648,4,71.29637704278824,4,0,TRUE
073,11,flashbaseline,NA,0.7911691838136738,8,NA,8,0,TRUE
073,11,petal,10,2.262656362172183,4,226.26563621721832,4,0,TRUE
073,11,petal,15,1.8442860501367373,4,122.95240334244916,4,0,TRUE
073,11,petal,20,2.0888417463604974,4,104.44208731802487,4,0,TRUE
073,11,fugal,10,-0.0260180249521737,4,-2.60180249521737,4,0,TRUE
073,11,fugal,15,0.1225329195326591,4,8.168861302177273,4,0,TRUE
073,11,fugal,20,-1.6757238850642455,4,-83.78619425321227,4,0,TRUE
073,12,flashbaseline,NA,-0.3621848671122785,8,NA,8,0,TRUE
073,12,petal,10,2.7514986765622522,4,275.14986765622524,4,0,TRUE
073,12,petal,15,2.4908861544019176,4,166.05907696012784,4,0,TRUE
073,12,petal,20,2.825545406198335,4,141.27727030991673,4,0,TRUE
073,12,fugal,10,1.3069457822097832,4,130.69457822097831,4,0,TRUE
073,12,fugal,15,1.4051841104725222,4,93.67894069816815,4,0,TRUE
073,12,fugal,20,-0.40211649028342933,4,-20.105824514171466,4,0,TRUE
074,1,flashbaseline,NA,0.40349218199573855,8,NA,8,0,TRUE
074,1,petal,10,3.1780052282159152,4,317.8005228215915,4,0,TRUE
074,1,petal,15,3.930614183242045,4,262.04094554946965,4,0,TRUE
074,1,petal,20,5.202769375187163,4,260.13846875935815,4,0,TRUE
074,1,fugal,10,2.3032942021748224,4,230.32942021748224,4,0,TRUE
074,1,fugal,15,2.4407635078379126,4,162.71756718919417,4,0,TRUE
074,1,fugal,20,2.6361430283679224,4,131.8071514183961,4,0,TRUE
074,2,flashbaseline,NA,0.2540596935432106,8,NA,8,0,TRUE
074,2,petal,10,3.20833211812272,4,320.833211812272,4,0,TRUE
074,2,petal,15,4.508176176107235,4,300.545078407149,4,0,TRUE
074,2,petal,20,5.150864872875138,4,257.5432436437569,4,0,TRUE
074,2,fugal,10,-1.1166571181760403,4,-111.66571181760402,4,0,TRUE
074,2,fugal,15,-0.27910785380000447,4,-18.60719025333363,4,0,TRUE
074,2,fugal,20,1.1005905234613125,4,55.029526173065626,4,0,TRUE
074,3,flashbaseline,NA,-0.2692514912162234,8,NA,8,0,TRUE
074,3,petal,10,1.8916407968423725,4,189.16407968423727,4,0,TRUE
074,3,petal,15,4.504746520296718,4,300.31643468644785,4,0,TRUE
074,3,petal,20,3.62904210133124,4,181.452105066562,4,0,TRUE
074,3,fugal,10,0.3140237695638007,4,31.402376956380067,4,0,TRUE
074,3,fugal,15,-0.5353228932163216,4,-35.68819288108811,4,0,TRUE
074,3,fugal,20,0.8289253154005259,4,41.446265770026294,4,0,TRUE
074,4,flashbaseline,NA,-0.22110541735648692,8,NA,8,0,TRUE
074,4,petal,10,4.63683906775376,4,463.68390677537604,4,0,TRUE
074,4,petal,15,4.223432664892295,4,281.56217765948634,4,0,TRUE
074,4,petal,20,5.00987391420212,4,250.49369571010598,4,0,TRUE
074,4,fugal,10,-0.14239139327623723,4,-14.239139327623723,4,0,TRUE
074,4,fugal,15,-0.1667584050210274,4,-11.117227001401828,4,0,TRUE
074,4,fugal,20,1.8112587896987127,4,90.56293948493563,4,0,TRUE
074,5,flashbaseline,NA,0.08024382058649143,8,NA,8,0,TRUE
074,5,petal,10,4.573935159536627,4,457.39351595366276,4,0,TRUE
074,5,petal,15,4.113051116080305,4,274.203407738687,4,0,TRUE
074,5,petal,20,5.354995763349345,4,267.7497881674673,4,0,TRUE
074,5,fugal,10,0.4688669375699446,4,46.88669375699446,4,0,TRUE
074,5,fugal,15,-0.47302015916442713,4,-31.53467727762847,4,0,TRUE
074,5,fugal,20,0.6039008395324196,4,30.195041976620978,4,0,TRUE
074,6,flashbaseline,NA,-0.16859648876321243,8,NA,8,0,TRUE
074,6,petal,10,2.92633632448051,4,292.633632448051,4,0,TRUE
074,6,petal,15,5.061782339907607,4,337.4521559938405,4,0,TRUE
074,6,petal,20,3.5515490148366067,4,177.57745074183035,4,0,TRUE
074,6,fugal,10,-0.9195112062015725,4,-91.95112062015724,4,0,TRUE
074,6,fugal,15,1.0855536089061362,4,72.37024059374241,4,0,TRUE
074,6,fugal,20,2.066470312684422,4,103.32351563422111,4,0,TRUE
074,7,flashbaseline,NA,0.49299830906469577,8,NA,8,0,TRUE
074,7,petal,10,3.092522490963395,4,309.25224909633954,4,0,TRUE
074,7,petal,15,5.55364105124195,4,370.24273674946335,4,0,TRUE
074,7,petal,20,6.380354424303935,4,319.01772121519673,4,0,TRUE
074,7,fugal,10,-1.1160999278367274,4,-111.60999278367274,4,0,TRUE
074,7,fugal,15,-0.14441240591075138,4,-9.627493727383426,4,0,TRUE
074,7,fugal,20,0.7250321025777126,4,36.25160512888563,4,0,TRUE
074,8,flashbaseline,NA,0.20396836292848503,8,NA,8,0,TRUE
074,8,petal,10,3.6382477226729524,4,363.82477226729526,4,0,TRUE
074,8,petal,15,3.642265119224545,4,242.81767461496966,4,0,TRUE
074,8,petal,20,6.354867532852525,4,317.74337664262623,4,0,TRUE
074,8,fugal,10,-0.3518752924079088,4,-35.18752924079088,4,0,TRUE
074,8,fugal,15,-1.22488771205816,4,-81.65918080387733,4,0,TRUE
074,8,fugal,20,0.7369382198472552,4,36.84691099236276,4,0,TRUE
074,9,flashbaseline,NA,0.7411466701000401,8,NA,8,0,TRUE
074,9,petal,10,4.004919646379097,4,400.4919646379097,4,0,TRUE
074,9,petal,15,6.192371820645283,4,412.8247880430189,4,0,TRUE
074,9,petal,20,5.907013144853425,4,295.3506572426713,4,0,TRUE
074,9,fugal,10,-1.0353543066360003,4,-103.53543066360002,4,0,TRUE
074,9,fugal,15,-0.9276635311218395,4,-61.844235408122636,4,0,TRUE
074,9,fugal,20,-0.14654212442042192,4,-7.327106221021095,4,0,TRUE
074,10,flashbaseline,NA,0.05715942089101164,8,NA,8,0,TRUE
074,10,petal,10,4.071865439804258,4,407.18654398042577,4,0,TRUE
074,10,petal,15,4.24128308076053,4,282.75220538403534,4,0,TRUE
074,10,petal,20,5.916923398225233,4,295.84616991126165,4,0,TRUE
074,10,fugal,10,-0.1331018667813963,4,-13.31018667813963,4,0,TRUE
074,10,fugal,15,-0.4215902504640973,4,-28.10601669760649,4,0,TRUE
074,10,fugal,20,-0.235668841587094,4,-11.7834420793547,4,0,TRUE
074,11,flashbaseline,NA,-0.29332968723092223,8,NA,8,0,TRUE
074,11,petal,10,2.71399807000202,4,271.399807000202,4,0,TRUE
074,11,petal,15,5.52036588665821,4,368.0243924438807,4,0,TRUE
074,11,petal,20,5.379832414256413,4,268.99162071282063,4,0,TRUE
074,11,fugal,10,-1.7555496086446525,4,-175.55496086446527,4,0,TRUE
074,11,fugal,15,-0.7107985576578437,4,-47.38657051052291,4,0,TRUE
074,11,fugal,20,1.822898410823751,4,91.14492054118755,4,0,TRUE
074,12,flashbaseline,NA,0.13023209337472333,8,NA,8,0,TRUE
074,12,petal,10,3.5356840979848125,4,353.56840979848124,4,0,TRUE
074,12,petal,15,4.529672697904743,4,301.9781798603162,4,0,TRUE
074,12,petal,20,4.846961642857018,4,242.3480821428509,4,0,TRUE
074,12,fugal,10,0.3383251006633867,4,33.83251006633867,4,0,TRUE
074,12,fugal,15,-0.9645879600171041,4,-64.30586400114028,4,0,TRUE
074,12,fugal,20,-0.05551463176018556,4,-2.775731588009278,4,0,TRUE
075,1,flashbaseline,NA,-0.5452682555781948,8,NA,8,0,TRUE
075,1,petal,10,1.1694234248814,4,116.94234248813999,4,0,TRUE
075,1,petal,15,1.183571539792366,4,78.90476931949107,4,0,TRUE
075,1,petal,20,2.444092808151821,4,122.20464040759104,4,0,TRUE
075,1,fugal,10,1.3117311599223374,4,131.17311599223373,4,0,TRUE
075,1,fugal,15,2.106313413126217,4,140.42089420841447,4,0,TRUE
075,1,fugal,20,4.505285438611203,4,225.26427193056014,4,0,TRUE
075,2,flashbaseline,NA,0.3685099410494027,8,NA,8,0,TRUE
075,2,petal,10,-0.789202763567732,4,-78.9202763567732,4,0,TRUE
075,2,petal,15,-2.0163830814735526,4,-134.4255387649035,4,0,TRUE
075,2,petal,20,-0.5716171903961562,4,-28.580859519807813,4,0,TRUE
075,2,fugal,10,-1.643521162124763,4,-164.35211621247632,4,0,TRUE
075,2,fugal,15,1.252598687490277,4,83.50657916601847,4,0,TRUE
075,2,fugal,20,-0.25435251006074855,4,-12.717625503037427,4,0,TRUE
075,3,flashbaseline,NA,-0.03668105168042661,8,NA,8,0,TRUE
075,3,petal,10,-4.593061813596205,4,-459.30618135962055,4,0,TRUE
075,3,petal,15,-2.802774889485571,4,-186.85165929903806,4,0,TRUE
075,3,petal,20,-2.7530828770899514,4,-137.65414385449756,4,0,TRUE
075,3,fugal,10,-0.43669190022707993,4,-43.669190022707994,4,0,TRUE
075,3,fugal,15,-1.8768808141783697,4,-125.12538761189133,4,0,TRUE
075,3,fugal,20,-0.02509550869244509,4,-1.2547754346222546,4,0,TRUE
075,4,flashbaseline,NA,-0.43013546735663466,8,NA,8,0,TRUE
075,4,petal,10,-4.393455488964943,4,-439.3455488964942,4,0,TRUE
075,4,petal,15,-1.5396991073864075,4,-102.64660715909383,4,0,TRUE
075,4,petal,20,0.05321803444892104,4,2.660901722446052,4,0,TRUE
075,4,fugal,10,-2.03404732242606,4,-203.40473224260597,4,0,TRUE
075,4,fugal,15,-2.354139817695238,4,-156.94265451301587,4,0,TRUE
075,4,fugal,20,-3.9036984301151327,4,-195.18492150575665,4,0,TRUE
075,5,flashbaseline,NA,0.48430615171920627,8,NA,8,0,TRUE
075,5,petal,10,-3.3836456587747077,4,-338.3645658774708,4,0,TRUE
075,5,petal,15,-1.5476807968512774,4,-103.17871979008515,4,0,TRUE
075,5,petal,20,-0.43081504099341394,4,-21.540752049670697,4,0,TRUE
075,5,fugal,10,0.008039958059087027,4,0.8039958059087027,4,0,TRUE
075,5,fugal,15,-0.24188771006297904,4,-16.125847337531937,4,0,TRUE
075,5,fugal,20,-0.3810864835381974,4,-19.05432417690987,4,0,TRUE
075,6,flashbaseline,NA,0.5956691116474395,8,NA,8,0,TRUE
075,6,petal,10,-0.8710262937058268,4,-87.10262937058269,4,0,TRUE
075,6,petal,15,-2.012890963603219,4,-134.19273090688128,4,0,TRUE
075,6,petal,20,2.160648503777405,4,108.03242518887023,4,0,TRUE
075,6,fugal,10,-1.0479826082406138,4,-104.79826082406137,4,0,TRUE
075,6,fugal,15,-0.5935043908002613,4,-39.56695938668409,4,0,TRUE
075,6,fugal,20,-0.73654951279496,4,-36.827475639747995,4,0,TRUE
075,7,flashbaseline,NA,0.5532549154203974,8,NA,8,0,TRUE
075,7,petal,10,-3.55412808776023,4,-355.412808776023,4,0,TRUE
075,7,petal,15,-1.7490923525414532,4,-116.60615683609689,4,0,TRUE
075,7,petal,20,-3.1302151840305172,4,-156.51075920152584,4,0,TRUE
075,7,fugal,10,-1.6104419889149075,4,-161.04419889149074,4,0,TRUE
075,7,fugal,15,-1.9448729338022548,4,-129.658195586817,4,0,TRUE
075,7,fugal,20,-1.5521192260360026,4,-77.60596130180012,4,0,TRUE
075,8,flashbaseline,NA,-0.6607652889482307,8,NA,8,0,TRUE
075,8,petal,10,-3.6445576596315976,4,-364.45576596315976,4,0,TRUE
075,8,petal,15,-5.315315945744403,4,-354.3543963829602,4,0,TRUE
075,8,petal,20,-4.772385352556463,4,-238.61926762782315,4,0,TRUE
075,8,fugal,10,-1.6324818898229425,4,-163.24818898229427,4,0,TRUE
075,8,fugal,15,-0.4699690858171032,4,-31.331272387806884,4,0,TRUE
075,8,fugal,20,-2.1093782396871723,4,-105.46891198435863,4,0,TRUE
075,9,flashbaseline,NA,-1.5841453019613596,8,NA,8,0,TRUE
075,9,petal,10,-3.4299351994575056,4,-342.99351994575056,4,0,TRUE
075,9,petal,15,-3.9830805556239524,4,-265.5387037082635,4,0,TRUE
075,9,petal,20,-3.1349364307093723,4,-156.74682153546863,4,0,TRUE
075,9,fugal,10,-1.9162674639021264,4,-191.62674639021265,4,0,TRUE
075,9,fugal,15,-2.5512079972588224,4,-170.08053315058817,4,0,TRUE
075,9,fugal,20,-2.98367338653992,4,-149.183669326996,4,0,TRUE
075,10,flashbaseline,NA,1.0639833564980863,8,NA,8,0,TRUE
075,10,petal,10,-4.784560095854751,4,-478.45600958547504,4,0,TRUE
075,10,petal,15,-4.712060781548622,4,-314.13738543657485,4,0,TRUE
075,10,petal,20,-3.819027333742283,4,-190.95136668711416,4,0,TRUE
075,10,fugal,10,-3.3477410003298327,4,-334.77410003298326,4,0,TRUE
075,10,fugal,15,-2.9436469597331425,4,-196.24313064887616,4,0,TRUE
075,10,fugal,20,-2.40773806385514,4,-120.38690319275699,4,0,TRUE
075,11,flashbaseline,NA,-0.07578067174752896,8,NA,8,0,TRUE
075,11,petal,10,-4.319327748164735,4,-431.9327748164735,4,0,TRUE
075,11,petal,15,-4.664095074170215,4,-310.93967161134765,4,0,TRUE
075,11,petal,20,-3.1330753736794197,4,-156.65376868397098,4,0,TRUE
075,11,fugal,10,-2.141287140128085,4,-214.12871401280847,4,0,TRUE
075,11,fugal,15,-0.8502805340447375,4,-56.68536893631583,4,0,TRUE
075,11,fugal,20,0.4763053567733582,4,23.81526783866791,4,0,TRUE
075,12,flashbaseline,NA,-0.11417224007829835,8,NA,8,0,TRUE
075,12,petal,10,-3.3571247236390653,4,-335.71247236390656,4,0,TRUE
075,12,petal,15,-2.9629524570085923,4,-197.5301638005728,4,0,TRUE
075,12,petal,20,-0.3529624392423223,4,-17.648121962116115,4,0,TRUE
075,12,fugal,10,0.11035725971486124,4,11.035725971486125,4,0,TRUE
075,12,fugal,15,-1.1772317532444123,4,-78.48211688296082,4,0,TRUE
075,12,fugal,20,1.8058874238697475,4,90.29437119348738,4,0,TRUE
076,1,flashbaseline,NA,0.2796680588873456,8,NA,8,0,TRUE
076,1,petal,10,3.75491656730145,4,375.491656730145,4,0,TRUE
076,1,petal,15,4.024641555625645,4,268.30943704170966,4,0,TRUE
076,1,petal,20,4.91727807935858,4,245.863903967929,4,0,TRUE
076,1,fugal,10,0.11495137155297552,4,11.495137155297552,4,0,TRUE
076,1,fugal,15,2.067049134785684,4,137.80327565237894,4,0,TRUE
076,1,fugal,20,2.579911148834505,4,128.99555744172525,4,0,TRUE
076,2,flashbaseline,NA,0.09515780765236365,7,NA,8,1,FALSE
076,2,petal,10,2.232886933267572,4,223.2886933267572,4,0,TRUE
076,2,petal,15,4.0968773381470625,4,273.12515587647084,4,0,TRUE
076,2,petal,20,5.0005016188683475,4,250.02508094341735,4,0,TRUE
076,2,fugal,10,-0.8278875468871782,4,-82.78875468871783,4,0,TRUE
076,2,fugal,15,0.1840967976469304,4,12.273119843128695,4,0,TRUE
076,2,fugal,20,1.2170530643036952,4,60.85265321518476,4,0,TRUE
076,3,flashbaseline,NA,0.11241552306507885,8,NA,8,0,TRUE
076,3,petal,10,3.339857530364215,4,333.98575303642156,4,0,TRUE
076,3,petal,15,3.4759603894777698,4,231.7306926318513,4,0,TRUE
076,3,petal,20,5.0040940989354326,4,250.2047049467716,4,0,TRUE
076,3,fugal,10,0.47820179436622523,4,47.82017943662252,4,0,TRUE
076,3,fugal,15,-1.1425257920590042,3,-76.16838613726694,4,1,FALSE
076,3,fugal,20,-0.7823326101655256,4,-39.11663050827628,4,0,TRUE
076,4,flashbaseline,NA,0.4018030818487632,8,NA,8,0,TRUE
076,4,petal,10,3.4153000518926273,4,341.53000518926274,4,0,TRUE
076,4,petal,15,3.50790882015507,4,233.860588010338,4,0,TRUE
076,4,petal,20,4.379819941326127,3,218.99099706630633,4,1,FALSE
076,4,fugal,10,-0.8731895624083081,4,-87.31895624083081,4,0,TRUE
076,4,fugal,15,0.5544724646916676,4,36.9648309794445,4,0,TRUE
076,4,fugal,20,-1.4118755933560176,4,-70.59377966780087,4,0,TRUE
076,5,flashbaseline,NA,0.060369739296839975,8,NA,8,0,TRUE
076,5,petal,10,3.1057071770375373,4,310.5707177037537,4,0,TRUE
076,5,petal,15,3.1704188363731176,4,211.36125575820782,4,0,TRUE
076,5,petal,20,4.191402515337478,4,209.5701257668739,4,0,TRUE
076,5,fugal,10,-0.15647816973203837,4,-15.647816973203838,4,0,TRUE
076,5,fugal,15,-0.6741276218122028,4,-44.94184145414685,4,0,TRUE
076,5,fugal,20,-1.0368159073193721,3,-51.8407953659686,4,1,FALSE
076,6,flashbaseline,NA,-0.48634776939819196,8,NA,8,0,TRUE
076,6,petal,10,2.96813477343842,4,296.813477343842,4,0,TRUE
076,6,petal,15,5.250920109880703,4,350.0613406587135,4,0,TRUE
076,6,petal,20,4.855546910371207,4,242.77734551856037,4,0,TRUE
076,6,fugal,10,-0.5289497098455338,4,-52.89497098455338,4,0,TRUE
076,6,fugal,15,-1.20596140619663,4,-80.39742707977533,4,0,TRUE
076,6,fugal,20,-2.140802923278523,4,-107.04014616392614,4,0,TRUE
076,7,flashbaseline,NA,0.034008113380540744,8,NA,8,0,TRUE
076,7,petal,10,3.4577092937040623,4,345.77092937040624,4,0,TRUE
076,7,petal,15,4.85264266235384,4,323.5095108235893,4,0,TRUE
076,7,petal,20,4.416297788007394,3,220.8148894003697,4,1,FALSE
076,7,fugal,10,-0.6890745810884582,4,-68.90745810884583,4,0,TRUE
076,7,fugal,15,-0.2539618080568657,4,-16.930787203791045,4,0,TRUE
076,7,fugal,20,-1.5151837469794944,4,-75.75918734897472,4,0,TRUE
076,8,flashbaseline,NA,-0.6661735197992278,8,NA,8,0,TRUE
076,8,petal,10,2.7672091826527603,4,276.720918265276,4,0,TRUE
076,8,petal,15,3.7106492398449524,4,247.3766159896635,4,0,TRUE
076,8,petal,20,3.9577346772558073,4,197.88673386279038,4,0,TRUE
076,8,fugal,10,-1.1389223168974312,4,-113.89223168974313,4,0,TRUE
076,8,fugal,15,-1.5683195830079288,4,-104.55463886719525,4,0,TRUE
076,8,fugal,20,-0.06435620272900597,4,-3.2178101364502982,4,0,TRUE
076,9,flashbaseline,NA,0.3877136193055744,8,NA,8,0,TRUE
076,9,petal,10,2.510928685307187,4,251.09286853071865,4,0,TRUE
076,9,petal,15,4.18157178239934,4,278.77145215995597,4,0,TRUE
076,9,petal,20,4.064021192149463,4,203.20105960747316,4,0,TRUE
076,9,fugal,10,-1.3535461327221208,4,-135.35461327221208,4,0,TRUE
076,9,fugal,15,0.2606509599796297,4,17.37673066530865,4,0,TRUE
076,9,fugal,20,0.007435369417411741,4,0.37176847087058706,4,0,TRUE
076,10,flashbaseline,NA,0.2698595633877472,8,NA,8,0,TRUE
076,10,petal,10,2.8544590932773626,4,285.4459093277363,4,0,TRUE
076,10,petal,15,4.594172174387325,4,306.278144959155,4,0,TRUE
076,10,petal,20,5.414001188401123,4,270.70005942005616,4,0,TRUE
076,10,fugal,10,0.6474825568039102,4,64.74825568039103,4,0,TRUE
076,10,fugal,15,0.1271111306893396,4,8.474075379289308,4,0,TRUE
076,10,fugal,20,0.32436089825019987,4,16.218044912509992,4,0,TRUE
076,11,flashbaseline,NA,-0.11875947553823285,8,NA,8,0,TRUE
076,11,petal,10,4.042144866272633,4,404.2144866272633,4,0,TRUE
076,11,petal,15,3.298687608457835,4,219.91250723052232,4,0,TRUE
076,11,petal,20,4.85654890058731,4,242.8274450293655,4,0,TRUE
076,11,fugal,10,0.030835842232871474,2,3.0835842232871475,4,2,FALSE
076,11,fugal,15,-0.5273635122096054,4,-35.15756748064036,4,0,TRUE
076,11,fugal,20,-1.0918407632533726,3,-54.59203816266863,4,1,FALSE
076,12,flashbaseline,NA,0.11974898232454961,8,NA,8,0,TRUE
076,12,petal,10,2.322513948114465,4,232.2513948114465,4,0,TRUE
076,12,petal,15,3.82402099360694,4,254.9347329071293,4,0,TRUE
076,12,petal,20,5.685339228733873,4,284.26696143669363,4,0,TRUE
076,12,fugal,10,0.15040805093093002,4,15.040805093093,4,0,TRUE
076,12,fugal,15,-0.774575641017119,4,-51.63837606780793,4,0,TRUE
076,12,fugal,20,-3.032642262930575,4,-151.63211314652875,4,0,TRUE
077,1,flashbaseline,NA,0.5292809228064494,8,NA,8,0,TRUE
077,1,petal,10,1.6309362765350712,3,163.09362765350713,4,1,FALSE
077,1,petal,15,2.6108998758828625,4,174.05999172552416,4,0,TRUE
077,1,petal,20,3.2685565246707924,4,163.42782623353963,4,0,TRUE
077,1,fugal,10,1.234541106064611,4,123.4541106064611,4,0,TRUE
077,1,fugal,15,1.0853977532028232,4,72.35985021352155,4,0,TRUE
077,1,fugal,20,1.6072056273823074,4,80.36028136911537,4,0,TRUE
077,2,flashbaseline,NA,0.7920631585131158,8,NA,8,0,TRUE
077,2,petal,10,1.6788867362429647,4,167.88867362429647,4,0,TRUE
077,2,petal,15,2.2509975735068224,4,150.06650490045485,4,0,TRUE
077,2,petal,20,3.32955646799355,4,166.47782339967748,4,0,TRUE
077,2,fugal,10,0.28631751624713353,4,28.631751624713356,4,0,TRUE
077,2,fugal,15,1.498387172205908,4,99.89247814706053,4,0,TRUE
077,2,fugal,20,1.4978731176377673,4,74.89365588188838,4,0,TRUE
077,3,flashbaseline,NA,0.1641708381564805,8,NA,8,0,TRUE
077,3,petal,10,1.4715141081548864,4,147.15141081548862,4,0,TRUE
077,3,petal,15,1.0434390314805402,4,69.56260209870267,4,0,TRUE
077,3,petal,20,1.4778329899122256,4,73.89164949561128,4,0,TRUE
077,3,fugal,10,1.5331447354990455,4,153.31447354990453,4,0,TRUE
077,3,fugal,15,2.6207364356430998,4,174.71576237620664,4,0,TRUE
077,3,fugal,20,1.040809677889045,4,52.040483894452244,4,0,TRUE
077,4,flashbaseline,NA,-0.45646071627739154,8,NA,8,0,TRUE
077,4,petal,10,2.4628922982410684,4,246.28922982410683,4,0,TRUE
077,4,petal,15,3.009146411220405,4,200.60976074802699,4,0,TRUE
077,4,petal,20,2.6926466685033734,4,134.63233342516867,4,0,TRUE
077,4,fugal,10,0.8904873991833451,4,89.0487399183345,4,0,TRUE
077,4,fugal,15,1.5538425814572787,4,103.58950543048525,4,0,TRUE
077,4,fugal,20,1.4211082381561728,4,71.05541190780865,4,0,TRUE
077,5,flashbaseline,NA,0.3070682905887716,7,NA,8,1,FALSE
077,5,petal,10,2.5603957433926134,3,256.0395743392613,4,1,FALSE
077,5,petal,15,2.6009428408652475,4,173.3961893910165,4,0,TRUE
077,5,petal,20,3.84456704334465,4,192.2283521672325,4,0,TRUE
077,5,fugal,10,0.7005671646006153,4,70.05671646006154,4,0,TRUE
077,5,fugal,15,0.6986618121353506,4,46.57745414235671,4,0,TRUE
077,5,fugal,20,0.9238464548652776,4,46.19232274326388,4,0,TRUE
077,6,flashbaseline,NA,-0.3603034773532301,8,NA,8,0,TRUE
077,6,petal,10,1.9261965064852427,4,192.61965064852427,4,0,TRUE
077,6,petal,15,2.759666551551335,4,183.97777010342233,4,0,TRUE
077,6,petal,20,3.7339269468114575,4,186.69634734057288,4,0,TRUE
077,6,fugal,10,0.05063989156712151,4,5.063989156712151,4,0,TRUE
077,6,fugal,15,2.501535869915677,4,166.76905799437847,4,0,TRUE
077,6,fugal,20,0.20524057216285352,4,10.262028608142677,4,0,TRUE
077,7,flashbaseline,NA,0.06334129081234635,8,NA,8,0,TRUE
077,7,petal,10,1.8274359296178457,4,182.74359296178457,4,0,TRUE
077,7,petal,15,3.0515796922229628,4,203.4386461481975,4,0,TRUE
077,7,petal,20,1.2973164948209812,4,64.86582474104905,4,0,TRUE
077,7,fugal,10,0.20433354300905437,4,20.433354300905435,4,0,TRUE
077,7,fugal,15,0.013463526850360563,4,0.8975684566907042,4,0,TRUE
077,7,fugal,20,-0.06939335713154493,4,-3.4696678565772467,4,0,TRUE
077,8,flashbaseline,NA,0.4929809723409847,8,NA,8,0,TRUE
077,8,petal,10,2.532099508661735,4,253.20995086617347,4,0,TRUE
077,8,petal,15,1.9104354420807192,4,127.3623628053813,4,0,TRUE
077,8,petal,20,3.2719170125545927,4,163.59585062772965,4,0,TRUE
077,8,fugal,10,1.46217577837105,4,146.217577837105,4,0,TRUE
077,8,fugal,15,0.9030211719952688,4,60.20141146635125,4,0,TRUE
077,8,fugal,20,2.1653640350697945,4,108.26820175348972,4,0,TRUE
077,9,flashbaseline,NA,-0.8405606891113216,8,NA,8,0,TRUE
077,9,petal,10,2.370519604671265,4,237.0519604671265,4,0,TRUE
077,9,petal,15,2.5057077616481225,4,167.04718410987482,4,0,TRUE
077,9,petal,20,3.225570058455855,4,161.27850292279274,4,0,TRUE
077,9,fugal,10,0.17781696251922757,4,17.781696251922757,4,0,TRUE
077,9,fugal,15,1.366534884570193,4,91.10232563801286,4,0,TRUE
077,9,fugal,20,0.8811244495717954,4,44.056222478589774,4,0,TRUE
077,10,flashbaseline,NA,-0.174791069213393,8,NA,8,0,TRUE
077,10,petal,10,1.821978792743094,4,182.1978792743094,4,0,TRUE
077,10,petal,15,2.319132035074495,4,154.60880233829968,4,0,TRUE
077,10,petal,20,3.5083374611498273,4,175.4168730574914,4,0,TRUE
077,10,fugal,10,-0.242582173319705,4,-24.2582173319705,4,0,TRUE
077,10,fugal,15,0.38179108858857,4,25.452739239238003,4,0,TRUE
077,10,fugal,20,1.009305991693715,4,50.46529958468575,4,0,TRUE
077,11,flashbaseline,NA,-0.08438144899233879,8,NA,8,0,TRUE
077,11,petal,10,2.17538440531498,4,217.53844053149803,4,0,TRUE
077,11,petal,15,3.0227748669350176,4,201.5183244623345,4,0,TRUE
077,11,petal,20,3.76078092299116,3,188.039046149558,4,1,FALSE
077,11,fugal,10,-0.14280321833758552,4,-14.280321833758553,4,0,TRUE
077,11,fugal,15,1.2576653891283383,4,83.84435927522254,4,0,TRUE
077,11,fugal,20,0.7042885104534291,4,35.214425522671455,4,0,TRUE
077,12,flashbaseline,NA,-0.45566640701242345,8,NA,8,0,TRUE
077,12,petal,10,0.8347194279762712,4,83.47194279762712,4,0,TRUE
077,12,petal,15,2.1244650712660977,4,141.6310047510732,4,0,TRUE
077,12,petal,20,3.5459952251808198,3,177.299761259041,4,1,FALSE
077,12,fugal,10,1.1115741690925593,4,111.15741690925593,4,0,TRUE
077,12,fugal,15,0.928342915228463,4,61.88952768189753,4,0,TRUE
077,12,fugal,20,0.48997561663664924,4,24.498780831832462,4,0,TRUE
078,1,flashbaseline,NA,-0.7432740647370458,8,NA,8,0,TRUE
078,1,petal,10,1.947976538184967,4,194.7976538184967,4,0,TRUE
078,1,petal,15,1.9757472127592743,4,131.7164808506183,4,0,TRUE
078,1,petal,20,4.146527622646775,4,207.32638113233875,4,0,TRUE
078,1,fugal,10,3.128821767433765,4,312.8821767433765,4,0,TRUE
078,1,fugal,15,0.9287560810654315,4,61.91707207102877,4,0,TRUE
078,1,fugal,20,0.4585663398795193,4,22.928316993975965,4,0,TRUE
078,2,flashbaseline,NA,0.48672906099860525,8,NA,8,0,TRUE
078,2,petal,10,1.8866733894304664,4,188.66733894304664,4,0,TRUE
078,2,petal,15,3.8606781373645997,4,257.3785424909733,4,0,TRUE
078,2,petal,20,3.968924887060463,3,198.44624435302316,4,1,FALSE
078,2,fugal,10,0.7920175404197201,4,79.20175404197201,4,0,TRUE
078,2,fugal,15,0.9206192652801215,4,61.374617685341434,4,0,TRUE
078,2,fugal,20,-1.139552621912797,3,-56.97763109563984,4,1,FALSE
078,3,flashbaseline,NA,0.05436020323080348,8,NA,8,0,TRUE
078,3,petal,10,1.4081427322409412,4,140.8142732240941,4,0,TRUE
078,3,petal,15,3.4453595624116926,4,229.69063749411285,4,0,TRUE
078,3,petal,20,4.523075191750102,4,226.1537595875051,4,0,TRUE
078,3,fugal,10,0.7805972921594424,3,78.05972921594424,4,1,FALSE
078,3,fugal,15,1.741644123411871,4,116.10960822745805,4,0,TRUE
078,3,fugal,20,-0.296347312897334,4,-14.817365644866701,4,0,TRUE
078,4,flashbaseline,NA,0.3981251990874948,8,NA,8,0,TRUE
078,4,petal,10,1.668322638630455,4,166.8322638630455,4,0,TRUE
078,4,petal,15,3.6191140657260226,4,241.27427104840152,4,0,TRUE
078,4,petal,20,4.603713306117695,4,230.18566530588475,4,0,TRUE
078,4,fugal,10,1.44673517289941,4,144.673517289941,4,0,TRUE
078,4,fugal,15,2.628238588768494,4,175.2159059178996,4,0,TRUE
078,4,fugal,20,0.20718243762361,4,10.3591218811805,4,0,TRUE
078,5,flashbaseline,NA,0.6350390080840413,8,NA,8,0,TRUE
078,5,petal,10,2.1511741427658064,4,215.11741427658066,4,0,TRUE
078,5,petal,15,2.229497926324164,4,148.6331950882776,4,0,TRUE
078,5,petal,20,4.529446784654413,4,226.47233923272066,4,0,TRUE
078,5,fugal,10,1.2725302854491847,4,127.25302854491846,4,0,TRUE
078,5,fugal,15,0.76961083582853,4,51.30738905523533,4,0,TRUE
078,5,fugal,20,1.3354970920639548,4,66.77485460319774,4,0,TRUE
078,6,flashbaseline,NA,-0.3490210377180592,8,NA,8,0,TRUE
078,6,petal,10,1.681590877868035,4,168.1590877868035,4,0,TRUE
078,6,petal,15,3.067003647700395,4,204.466909846693,4,0,TRUE
078,6,petal,20,5.2766532716949,4,263.832663584745,4,0,TRUE
078,6,fugal,10,0.062160584764389015,4,6.216058476438901,4,0,TRUE
078,6,fugal,15,1.0660025168223597,4,71.06683445482398,4,0,TRUE
078,6,fugal,20,2.4503518572416065,4,122.51759286208033,4,0,TRUE
078,7,flashbaseline,NA,-0.383882054483758,8,NA,8,0,TRUE
078,7,petal,10,2.940176636686625,4,294.0176636686625,4,0,TRUE
078,7,petal,15,3.1874268260338994,4,212.4951217355933,4,0,TRUE
078,7,petal,20,5.348660020314288,4,267.43300101571435,4,0,TRUE
078,7,fugal,10,1.2362187747106395,4,123.62187747106394,4,0,TRUE
078,7,fugal,15,-0.9297920545412761,4,-61.98613696941841,4,0,TRUE
078,7,fugal,20,-1.8044030399084625,4,-90.22015199542314,4,0,TRUE
078,8,flashbaseline,NA,-1.3316938761951522,8,NA,8,0,TRUE
078,8,petal,10,1.8656137491949973,4,186.56137491949974,4,0,TRUE
078,8,petal,15,3.786435543112468,4,252.42903620749786,4,0,TRUE
078,8,petal,20,5.30853038008656,4,265.426519004328,4,0,TRUE
078,8,fugal,10,2.503073948214216,4,250.3073948214216,4,0,TRUE
078,8,fugal,15,0.21961185596155952,4,14.640790397437302,4,0,TRUE
078,8,fugal,20,1.600561394942695,4,80.02806974713475,4,0,TRUE
078,9,flashbaseline,NA,-0.9423515107660264,8,NA,8,0,TRUE
078,9,petal,10,2.0736286111972526,4,207.36286111972527,4,0,TRUE
078,9,petal,15,2.5426965252446183,4,169.51310168297456,4,0,TRUE
078,9,petal,20,4.9956856692049225,4,249.78428346024612,4,0,TRUE
078,9,fugal,10,0.3742710754682187,4,37.427107546821865,4,0,TRUE
078,9,fugal,15,2.2964215130014902,4,153.09476753343267,4,0,TRUE
078,9,fugal,20,0.11622439823999631,4,5.811219911999816,4,0,TRUE
078,10,flashbaseline,NA,0.9357465543555668,8,NA,8,0,TRUE
078,10,petal,10,2.3141157197048647,4,231.41157197048648,4,0,TRUE
078,10,petal,15,3.9301165237746956,4,262.0077682516463,4,0,TRUE
078,10,petal,20,4.230330887604648,4,211.5165443802324,4,0,TRUE
078,10,fugal,10,2.011848979682014,4,201.18489796820137,4,0,TRUE
078,10,fugal,15,0.07713556578798253,4,5.142371052532169,4,0,TRUE
078,10,fugal,20,-0.9979472797779312,4,-49.897363988896565,4,0,TRUE
078,11,flashbaseline,NA,0.4576302708144892,8,NA,8,0,TRUE
078,11,petal,10,2.9183415579091854,4,291.83415579091854,4,0,TRUE
078,11,petal,15,4.325511817309053,4,288.3674544872702,4,0,TRUE
078,11,petal,20,4.804493791128275,4,240.22468955641375,4,0,TRUE
078,11,fugal,10,0.06386626652137598,4,6.386626652137598,4,0,TRUE
078,11,fugal,15,0.6019682138089812,4,40.13121425393208,4,0,TRUE
078,11,fugal,20,0.6236361443881665,4,31.181807219408324,4,0,TRUE
078,12,flashbaseline,NA,0.2598835916311918,8,NA,8,0,TRUE
078,12,petal,10,2.3612681240614624,4,236.12681240614626,4,0,TRUE
078,12,petal,15,3.549840866810975,4,236.65605778739834,4,0,TRUE
078,12,petal,20,4.19090522886999,4,209.54526144349953,4,0,TRUE
078,12,fugal,10,-1.233624564924364,4,-123.36245649243641,4,0,TRUE
078,12,fugal,15,-0.7284235746471766,4,-48.56157164314511,4,0,TRUE
078,12,fugal,20,-0.2927452147196229,4,-14.637260735981146,4,0,TRUE
079,1,flashbaseline,NA,0.044156349720220915,8,NA,8,0,TRUE
079,1,petal,10,2.41139031952597,4,241.139031952597,4,0,TRUE
079,1,petal,15,3.2920171148053674,4,219.46780765369118,4,0,TRUE
079,1,petal,20,5.397279668171232,4,269.8639834085616,4,0,TRUE
079,1,fugal,10,2.261142803142185,4,226.11428031421852,4,0,TRUE
079,1,fugal,15,3.0625063411235374,4,204.16708940823582,4,0,TRUE
079,1,fugal,20,3.549353099964198,4,177.46765499820987,4,0,TRUE
079,2,flashbaseline,NA,-0.3346081843821355,8,NA,8,0,TRUE
079,2,petal,10,2.96137067644237,4,296.13706764423705,4,0,TRUE
079,2,petal,15,3.8090922237298352,4,253.93948158198904,4,0,TRUE
079,2,petal,20,5.0661876558501024,4,253.30938279250515,4,0,TRUE
079,2,fugal,10,1.4366956754522549,4,143.66956754522548,4,0,TRUE
079,2,fugal,15,2.03195523637984,3,135.46368242532267,4,1,FALSE
079,2,fugal,20,4.76355403920729,4,238.17770196036452,4,0,TRUE
079,3,flashbaseline,NA,0.2760236135866738,8,NA,8,0,TRUE
079,3,petal,10,1.713113840875905,4,171.3113840875905,4,0,TRUE
079,3,petal,15,3.4887681601285876,4,232.58454400857252,4,0,TRUE
079,3,petal,20,5.0584243707536105,4,252.92121853768052,4,0,TRUE
079,3,fugal,10,2.4651704137026473,4,246.51704137026474,4,0,TRUE
079,3,fugal,15,3.4164226573632575,4,227.76151049088384,4,0,TRUE
079,3,fugal,20,4.05619657885729,4,202.8098289428645,4,0,TRUE
079,4,flashbaseline,NA,0.6262688013063379,8,NA,8,0,TRUE
079,4,petal,10,1.632217226676435,4,163.22172266764352,4,0,TRUE
079,4,petal,15,3.10364501626802,4,206.90966775120134,4,0,TRUE
079,4,petal,20,5.21054199309835,4,260.5270996549175,4,0,TRUE
079,4,fugal,10,2.9631831044081096,4,296.318310440811,4,0,TRUE
079,4,fugal,15,3.43848023065183,4,229.23201537678867,4,0,TRUE
079,4,fugal,20,4.37176008111852,4,218.58800405592598,4,0,TRUE
079,5,flashbaseline,NA,0.4931733641039733,8,NA,8,0,TRUE
079,5,petal,10,2.174613747111085,4,217.46137471110848,4,0,TRUE
079,5,petal,15,3.008009079503685,4,200.533938633579,4,0,TRUE
079,5,petal,20,4.761880016145873,4,238.09400080729364,4,0,TRUE
079,5,fugal,10,2.8601299006776526,4,286.01299006776526,4,0,TRUE
079,5,fugal,15,3.6686320567332475,4,244.57547044888318,4,0,TRUE
079,5,fugal,20,4.703268128115117,4,235.16340640575586,4,0,TRUE
079,6,flashbaseline,NA,0.6010943902180852,8,NA,8,0,TRUE
079,6,petal,10,3.093166330571955,4,309.3166330571955,4,0,TRUE
079,6,petal,15,3.4657177066330203,4,231.047847108868,4,0,TRUE
079,6,petal,20,5.219436315851875,4,260.97181579259376,4,0,TRUE
079,6,fugal,10,3.1619758133307725,4,316.1975813330772,4,0,TRUE
079,6,fugal,15,3.9388826929571774,4,262.59217953047846,4,0,TRUE
079,6,fugal,20,3.96601191259797,4,198.30059562989848,4,0,TRUE
079,7,flashbaseline,NA,0.2608208585225874,8,NA,8,0,TRUE
079,7,petal,10,2.492980352849235,4,249.29803528492351,4,0,TRUE
079,7,petal,15,4.098482343897437,4,273.23215625982914,4,0,TRUE
079,7,petal,20,5.493177532750467,3,274.65887663752335,4,1,FALSE
079,7,fugal,10,3.6779342825402774,4,367.79342825402773,4,0,TRUE
079,7,fugal,15,3.0780168442861475,4,205.20112295240983,4,0,TRUE
079,7,fugal,20,4.913393313728127,4,245.66966568640635,4,0,TRUE
079,8,flashbaseline,NA,-0.5373418192989987,8,NA,8,0,TRUE
079,8,petal,10,2.367258348266335,4,236.7258348266335,4,0,TRUE
079,8,petal,15,4.0893667541533425,4,272.6244502768895,4,0,TRUE
079,8,petal,20,4.449236824581442,4,222.46184122907212,4,0,TRUE
079,8,fugal,10,3.40207367653983,4,340.207367653983,4,0,TRUE
079,8,fugal,15,3.695791493122645,4,246.38609954150968,4,0,TRUE
079,8,fugal,20,5.040014928585715,4,252.00074642928578,4,0,TRUE
079,9,flashbaseline,NA,0.07421032565002872,8,NA,8,0,TRUE
079,9,petal,10,3.4070689809806924,4,340.70689809806925,4,0,TRUE
079,9,petal,15,3.44067716175069,4,229.378477450046,4,0,TRUE
079,9,petal,20,5.549375838761048,4,277.4687919380524,4,0,TRUE
079,9,fugal,10,2.9636722303966323,4,296.36722303966326,4,0,TRUE
079,9,fugal,15,3.216689929514106,4,214.44599530094038,4,0,TRUE
079,9,fugal,20,3.9649397692393062,4,198.24698846196532,4,0,TRUE
079,10,flashbaseline,NA,-0.7245562390989161,8,NA,8,0,TRUE
079,10,petal,10,1.662282282247599,4,166.2282282247599,4,0,TRUE
079,10,petal,15,3.3770440081467976,4,225.1362672097865,4,0,TRUE
079,10,petal,20,5.052182101655112,4,252.60910508275558,4,0,TRUE
079,10,fugal,10,3.32558765463947,4,332.558765463947,4,0,TRUE
079,10,fugal,15,3.7189629203093078,4,247.93086135395384,4,0,TRUE
079,10,fugal,20,4.410025384797698,4,220.5012692398849,4,0,TRUE
079,11,flashbaseline,NA,-1.2575867450339449,8,NA,8,0,TRUE
079,11,petal,10,3.09207082556224,4,309.20708255622395,4,0,TRUE
079,11,petal,15,4.19530555373244,4,279.687036915496,4,0,TRUE
079,11,petal,20,4.9777308973185646,4,248.88654486592824,4,0,TRUE
079,11,fugal,10,2.8754071876722107,4,287.5407187672211,4,0,TRUE
079,11,fugal,15,3.150954213724185,4,210.06361424827898,4,0,TRUE
079,11,fugal,20,4.365514663236783,4,218.27573316183916,4,0,TRUE
079,12,flashbaseline,NA,0.21810178069604136,8,NA,8,0,TRUE
079,12,petal,10,2.8723158891557725,4,287.2315889155773,4,0,TRUE
079,12,petal,15,4.113854375024768,4,274.25695833498446,4,0,TRUE
079,12,petal,20,6.184740613774332,4,309.23703068871663,4,0,TRUE
079,12,fugal,10,2.8557127490091148,4,285.5712749009115,4,0,TRUE
079,12,fugal,15,3.98690844541682,4,265.7938963611213,4,0,TRUE
079,12,fugal,20,4.477642992231923,4,223.88214961159613,4,0,TRUE
080,1,flashbaseline,NA,0.1480531083692738,8,NA,8,0,TRUE
080,1,petal,10,-0.43659069186955507,4,-43.659069186955506,4,0,TRUE
080,1,petal,15,1.3244492288250824,4,88.29661525500549,4,0,TRUE
080,1,petal,20,-1.94311465480732,4,-97.155732740366,4,0,TRUE
080,1,fugal,10,-2.790093219193825,4,-279.0093219193825,4,0,TRUE
080,1,fugal,15,-2.087947862794678,4,-139.19652418631188,4,0,TRUE
080,1,fugal,20,-3.987620413897354,4,-199.3810206948677,4,0,TRUE
080,2,flashbaseline,NA,0.40483566707058893,8,NA,8,0,TRUE
080,2,petal,10,-0.22821247528142938,4,-22.821247528142937,4,0,TRUE
080,2,petal,15,1.5104142491121704,4,100.6942832741447,4,0,TRUE
080,2,petal,20,-1.1260442928289494,4,-56.30221464144747,4,0,TRUE
080,2,fugal,10,-0.6496812300453985,4,-64.96812300453985,4,0,TRUE
080,2,fugal,15,-1.2363738294225355,4,-82.42492196150236,4,0,TRUE
080,2,fugal,20,-2.49340685881042,4,-124.670342940521,4,0,TRUE
080,3,flashbaseline,NA,-0.0767210481954479,8,NA,8,0,TRUE
080,3,petal,10,-2.723305504185454,4,-272.33055041854544,4,0,TRUE
080,3,petal,15,1.064686740361809,4,70.9791160241206,4,0,TRUE
080,3,petal,20,-0.4824789027118428,4,-24.123945135592137,4,0,TRUE
080,3,fugal,10,-2.6815949114946074,4,-268.15949114946073,4,0,TRUE
080,3,fugal,15,-3.6309098259085575,4,-242.0606550605705,4,0,TRUE
080,3,fugal,20,-2.849053230212955,4,-142.45266151064774,4,0,TRUE
080,4,flashbaseline,NA,0.0994164161831903,7,NA,8,1,FALSE
080,4,petal,10,0.6517384153188384,4,65.17384153188384,4,0,TRUE
080,4,petal,15,0.3991430031141634,4,26.609533540944227,4,0,TRUE
080,4,petal,20,-1.2046763838286785,4,-60.23381919143392,4,0,TRUE
080,4,fugal,10,-1.1068601428010216,4,-110.68601428010216,4,0,TRUE
080,4,fugal,15,-2.043126311151982,4,-136.20842074346544,4,0,TRUE
080,4,fugal,20,-2.3140461727725805,4,-115.70230863862903,4,0,TRUE
080,5,flashbaseline,NA,0.3253898706588027,8,NA,8,0,TRUE
080,5,petal,10,0.38191851751811323,4,38.19185175181132,4,0,TRUE
080,5,petal,15,-0.056039029495052795,4,-3.7359352996701864,4,0,TRUE
080,5,petal,20,-0.9230197571077223,4,-46.15098785538611,4,0,TRUE
080,5,fugal,10,-2.389400502888295,4,-238.94005028882953,4,0,TRUE
080,5,fugal,15,-2.1808580132872306,4,-145.39053421914872,4,0,TRUE
080,5,fugal,20,-3.161902782306703,4,-158.09513911533514,4,0,TRUE
080,6,flashbaseline,NA,0.17528588030557601,8,NA,8,0,TRUE
080,6,petal,10,-0.10588444572010175,4,-10.588444572010173,4,0,TRUE
080,6,petal,15,-1.5213284979291257,4,-101.42189986194171,4,0,TRUE
080,6,petal,20,-1.7959546745619643,4,-89.79773372809821,4,0,TRUE
080,6,fugal,10,-2.5595009224361975,4,-255.95009224361976,4,0,TRUE
080,6,fugal,15,-1.1364292453615272,4,-75.76194969076847,4,0,TRUE
080,6,fugal,20,-3.3460784687522924,4,-167.30392343761463,4,0,TRUE
080,7,flashbaseline,NA,0.24473974995004283,8,NA,8,0,TRUE
080,7,petal,10,-0.3799856627539351,4,-37.998566275393515,4,0,TRUE
080,7,petal,15,-1.8698490740766949,4,-124.65660493844632,4,0,TRUE
080,7,petal,20,-1.9595186895091787,4,-97.97593447545894,4,0,TRUE
080,7,fugal,10,-2.3578166161842375,4,-235.78166161842375,4,0,TRUE
080,7,fugal,15,-3.0173400270153805,4,-201.15600180102535,4,0,TRUE
080,7,fugal,20,-4.299803080231965,4,-214.99015401159824,4,0,TRUE
080,8,flashbaseline,NA,-0.5124798564896401,7,NA,8,1,FALSE
080,8,petal,10,-2.1591013837215973,4,-215.9101383721597,4,0,TRUE
080,8,petal,15,-1.158789289146491,4,-77.25261927643274,4,0,TRUE
080,8,petal,20,-3.355526829301455,4,-167.77634146507276,4,0,TRUE
080,8,fugal,10,-3.5707444752076176,4,-357.0744475207618,4,0,TRUE
080,8,fugal,15,-3.0949500479564924,4,-206.3300031970995,4,0,TRUE
080,8,fugal,20,-2.4871292070560984,4,-124.35646035280493,4,0,TRUE
080,9,flashbaseline,NA,-0.1703900244365484,8,NA,8,0,TRUE
080,9,petal,10,-1.7285496605769435,3,-172.85496605769436,4,1,FALSE
080,9,petal,15,1.9010177901577774,4,126.73451934385183,4,0,TRUE
080,9,petal,20,-1.1563815421623322,4,-57.81907710811661,4,0,TRUE
080,9,fugal,10,-2.7375369367241276,4,-273.75369367241274,4,0,TRUE
080,9,fugal,15,-2.5885468586260076,4,-172.5697905750672,4,0,TRUE
080,9,fugal,20,-3.155989951201293,4,-157.79949756006468,4,0,TRUE
080,10,flashbaseline,NA,-0.520233998347366,8,NA,8,0,TRUE
080,10,petal,10,-1.6707966636116225,4,-167.07966636116225,4,0,TRUE
080,10,petal,15,-0.28918339837643475,4,-19.278893225095647,4,0,TRUE
080,10,petal,20,-0.7604759471772787,4,-38.02379735886394,4,0,TRUE
080,10,fugal,10,-0.9659952078814377,4,-96.59952078814376,4,0,TRUE
080,10,fugal,15,-3.1198063713166624,4,-207.98709142111082,4,0,TRUE
080,10,fugal,20,-3.3180934408239224,4,-165.90467204119614,4,0,TRUE
080,11,flashbaseline,NA,0.4377968044483386,8,NA,8,0,TRUE
080,11,petal,10,-0.8198544657341558,4,-81.98544657341559,4,0,TRUE
080,11,petal,15,-2.276038738496286,4,-151.7359158997524,4,0,TRUE
080,11,petal,20,-3.0937456963423284,4,-154.68728481711642,4,0,TRUE
080,11,fugal,10,-2.3121857742040146,4,-231.21857742040146,4,0,TRUE
080,11,fugal,15,-3.923419409524655,4,-261.56129396831034,4,0,TRUE
080,11,fugal,20,-3.1531342977469223,4,-157.6567148873461,4,0,TRUE
080,12,flashbaseline,NA,0.12887338621361144,8,NA,8,0,TRUE
080,12,petal,10,-1.412469636401466,4,-141.24696364014662,4,0,TRUE
080,12,petal,15,-2.2223483139424554,4,-148.15655426283035,4,0,TRUE
080,12,petal,20,-1.4147351357163653,4,-70.73675678581827,4,0,TRUE
080,12,fugal,10,-2.9757532881774322,4,-297.57532881774324,4,0,TRUE
080,12,fugal,15,-2.7308435616683475,4,-182.0562374445565,4,0,TRUE
080,12,fugal,20,-3.358218692357005,4,-167.91093461785024,4,0,TRUE
081,1,flashbaseline,NA,0.29637899870215784,8,NA,8,0,TRUE
081,1,petal,10,0.30722423076942496,4,30.722423076942498,4,0,TRUE
081,1,petal,15,0.3661434173691688,4,24.409561157944584,4,0,TRUE
081,1,petal,20,0.8304960233898735,4,41.52480116949368,4,0,TRUE
081,1,fugal,10,-1.2703566596138947,4,-127.03566596138945,4,0,TRUE
081,1,fugal,15,-0.5931857771952391,4,-39.545718479682606,4,0,TRUE
081,1,fugal,20,-0.5647261840041196,4,-28.236309200205977,4,0,TRUE
081,2,flashbaseline,NA,-0.7925884769329719,8,NA,8,0,TRUE
081,2,petal,10,0.24410479105829647,4,24.410479105829644,4,0,TRUE
081,2,petal,15,-0.44898177754013874,4,-29.932118502675916,4,0,TRUE
081,2,petal,20,1.1617969697209594,4,58.08984848604796,4,0,TRUE
081,2,fugal,10,-0.2873945636755129,4,-28.73945636755129,4,0,TRUE
081,2,fugal,15,0.29140922785109263,4,19.427281856739512,4,0,TRUE
081,2,fugal,20,-0.6316315942754681,4,-31.581579713773408,4,0,TRUE
081,3,flashbaseline,NA,-0.4465613952273172,8,NA,8,0,TRUE
081,3,petal,10,1.3931082266131274,4,139.31082266131273,4,0,TRUE
081,3,petal,15,1.096677913714924,4,73.11186091432826,4,0,TRUE
081,3,petal,20,0.8954937254112254,4,44.77468627056127,4,0,TRUE
081,3,fugal,10,0.29842876617349956,4,29.842876617349958,4,0,TRUE
081,3,fugal,15,-0.9063052653584087,4,-60.420351023893915,4,0,TRUE
081,3,fugal,20,-0.8941691814116657,4,-44.70845907058328,4,0,TRUE
081,4,flashbaseline,NA,0.19010982128720572,8,NA,8,0,TRUE
081,4,petal,10,0.791657134113882,4,79.1657134113882,4,0,TRUE
081,4,petal,15,1.5563441492829613,4,103.75627661886408,4,0,TRUE
081,4,petal,20,-0.00872438351083149,4,-0.4362191755415745,4,0,TRUE
081,4,fugal,10,-0.6731853503061895,4,-67.31853503061895,4,0,TRUE
081,4,fugal,15,-0.9206213080536967,4,-61.37475387024645,4,0,TRUE
081,4,fugal,20,0.81120864164617,4,40.5604320823085,4,0,TRUE
081,5,flashbaseline,NA,-0.29407257561613076,8,NA,8,0,TRUE
081,5,petal,10,1.0482202690188904,4,104.82202690188905,4,0,TRUE
081,5,petal,15,-0.4452627146568745,4,-29.684180977124964,4,0,TRUE
081,5,petal,20,-0.3257543913964585,4,-16.287719569822926,4,0,TRUE
081,5,fugal,10,0.42360426738294327,4,42.36042673829433,4,0,TRUE
081,5,fugal,15,-0.6810224462723389,4,-45.40149641815593,4,0,TRUE
081,5,fugal,20,-1.121751157501617,4,-56.087557875080854,4,0,TRUE
081,6,flashbaseline,NA,0.19693094841159975,8,NA,8,0,TRUE
081,6,petal,10,1.7262923638226044,4,172.62923638226044,4,0,TRUE
081,6,petal,15,0.9124074609095671,4,60.82716406063781,4,0,TRUE
081,6,petal,20,1.5757664592150098,4,78.78832296075049,4,0,TRUE
081,6,fugal,10,-0.4337618312140321,4,-43.376183121403216,4,0,TRUE
081,6,fugal,15,-2.5538703368083273,4,-170.2580224538885,4,0,TRUE
081,6,fugal,20,-0.32048555384319627,4,-16.024277692159814,4,0,TRUE
081,7,flashbaseline,NA,-0.2716264768722271,8,NA,8,0,TRUE
081,7,petal,10,1.0566597563220588,4,105.66597563220589,4,0,TRUE
081,7,petal,15,-1.2285729980763291,4,-81.90486653842194,4,0,TRUE
081,7,petal,20,-0.4555494742696642,4,-22.77747371348321,4,0,TRUE
081,7,fugal,10,-1.2198267299402652,4,-121.98267299402652,4,0,TRUE
081,7,fugal,15,-2.244540301415433,4,-149.63602009436218,4,0,TRUE
081,7,fugal,20,-0.05597236842378572,4,-2.7986184211892864,4,0,TRUE
081,8,flashbaseline,NA,-0.3914519408246614,8,NA,8,0,TRUE
081,8,petal,10,1.174157437274976,4,117.4157437274976,4,0,TRUE
081,8,petal,15,-0.003612599062149724,4,-0.24083993747664828,4,0,TRUE
081,8,petal,20,0.38493800651749865,4,19.246900325874932,4,0,TRUE
081,8,fugal,10,-0.891261603178614,4,-89.1261603178614,4,0,TRUE
081,8,fugal,15,-0.5067093915374022,4,-33.78062610249348,4,0,TRUE
081,8,fugal,20,-0.6380171422603507,4,-31.90085711301753,4,0,TRUE
081,9,flashbaseline,NA,0.4947905326867297,8,NA,8,0,TRUE
081,9,petal,10,0.7101049555772765,4,71.01049555772765,4,0,TRUE
081,9,petal,15,-0.22216870524672505,4,-14.811247016448338,4,0,TRUE
081,9,petal,20,0.14156501815204658,4,7.07825090760233,4,0,TRUE
081,9,fugal,10,-0.5986915621117757,4,-59.86915621117757,4,0,TRUE
081,9,fugal,15,-0.6476076284019361,4,-43.17384189346241,4,0,TRUE
081,9,fugal,20,-1.7104453015641128,4,-85.52226507820563,4,0,TRUE
081,10,flashbaseline,NA,-0.1306860213336008,8,NA,8,0,TRUE
081,10,petal,10,0.35691764528264575,4,35.69176452826457,4,0,TRUE
081,10,petal,15,-0.04768754527405672,4,-3.179169684937115,4,0,TRUE
081,10,petal,20,0.11596636635338581,4,5.79831831766929,4,0,TRUE
081,10,fugal,10,-0.49595823603407,4,-49.595823603407005,4,0,TRUE
081,10,fugal,15,0.7687511684501068,3,51.25007789667379,4,1,FALSE
081,10,fugal,20,-2.0625458007647826,4,-103.12729003823912,4,0,TRUE
081,11,flashbaseline,NA,0.3493358275949259,8,NA,8,0,TRUE
081,11,petal,10,0.6797049557309267,4,67.97049557309268,4,0,TRUE
081,11,petal,15,0.5298598625411737,4,35.323990836078245,4,0,TRUE
081,11,petal,20,1.3834800462605328,4,69.17400231302665,4,0,TRUE
081,11,fugal,10,0.17863140587025772,4,17.86314058702577,4,0,TRUE
081,11,fugal,15,-1.2886687171584654,4,-85.91124781056436,4,0,TRUE
081,11,fugal,20,-1.7066668221057733,4,-85.33334110528865,4,0,TRUE
081,12,flashbaseline,NA,0.28861172491580533,8,NA,8,0,TRUE
081,12,petal,10,0.39153739988974734,4,39.153739988974735,4,0,TRUE
081,12,petal,15,0.20027774511960833,4,13.351849674640556,4,0,TRUE
081,12,petal,20,-0.15987093213374753,4,-7.993546606687376,4,0,TRUE
081,12,fugal,10,-0.30522399429245395,4,-30.522399429245397,4,0,TRUE
081,12,fugal,15,0.2851460305414788,4,19.00973536943192,4,0,TRUE
081,12,fugal,20,-2.11798350400977,4,-105.8991752004885,4,0,TRUE
082,1,flashbaseline,NA,0.6742693963115209,8,NA,8,0,TRUE
082,1,petal,10,1.2939400879161695,4,129.39400879161695,4,0,TRUE
082,1,petal,15,-0.20580938266661325,4,-13.720625511107551,4,0,TRUE
082,1,petal,20,1.1289448582973327,4,56.447242914866635,4,0,TRUE
082,1,fugal,10,0.04239391655460642,4,4.239391655460642,4,0,TRUE
082,1,fugal,15,0.9434839089621799,4,62.89892726414532,4,0,TRUE
082,1,fugal,20,1.0002516503024848,4,50.01258251512424,4,0,TRUE
082,2,flashbaseline,NA,0.21160278652263897,8,NA,8,0,TRUE
082,2,petal,10,-0.041014356115179056,4,-4.101435611517905,4,0,TRUE
082,2,petal,15,0.8117778448539341,4,54.11852299026228,4,0,TRUE
082,2,petal,20,1.2841508250707092,4,64.20754125353547,4,0,TRUE
082,2,fugal,10,0.3344298598006946,4,33.442985980069466,4,0,TRUE
082,2,fugal,15,1.1470437038323964,4,76.4695802554931,4,0,TRUE
082,2,fugal,20,0.5577380227946513,4,27.88690113973257,4,0,TRUE
082,3,flashbaseline,NA,-0.719042177040763,8,NA,8,0,TRUE
082,3,petal,10,0.22252570498663793,4,22.252570498663793,4,0,TRUE
082,3,petal,15,1.5432097792597423,4,102.8806519506495,4,0,TRUE
082,3,petal,20,0.34983207315114123,4,17.49160365755706,4,0,TRUE
082,3,fugal,10,0.5156418031852155,4,51.564180318521544,4,0,TRUE
082,3,fugal,15,0.976573722595138,3,65.10491483967587,4,1,FALSE
082,3,fugal,20,1.4788447938231593,4,73.94223969115795,4,0,TRUE
082,4,flashbaseline,NA,-0.5534034399896639,8,NA,8,0,TRUE
082,4,petal,10,1.4720766514113275,4,147.20766514113276,4,0,TRUE
082,4,petal,15,0.3466376959558577,4,23.10917973039051,4,0,TRUE
082,4,petal,20,0.0246149685690914,4,1.23074842845457,4,0,TRUE
082,4,fugal,10,1.8366469651351565,3,183.66469651351562,4,1,FALSE
082,4,fugal,15,1.7011156104378826,4,113.4077073625255,4,0,TRUE
082,4,fugal,20,0.8637178140137927,4,43.18589070068963,4,0,TRUE
082,5,flashbaseline,NA,0.7189103740451032,8,NA,8,0,TRUE
082,5,petal,10,0.61234007778376,4,61.234007778376,4,0,TRUE
082,5,petal,15,-0.823038495778989,4,-54.8692330519326,4,0,TRUE
082,5,petal,20,-2.087882163724265,4,-104.39410818621324,4,0,TRUE
082,5,fugal,10,1.012636311153818,3,101.2636311153818,4,1,FALSE
082,5,fugal,15,0.4206063722371396,4,28.040424815809306,4,0,TRUE
082,5,fugal,20,0.7179782847936276,4,35.898914239681375,4,0,TRUE
082,6,flashbaseline,NA,-0.43415871488516383,8,NA,8,0,TRUE
082,6,petal,10,0.6851725716389765,4,68.51725716389764,4,0,TRUE
082,6,petal,15,0.3402651821839385,4,22.68434547892923,4,0,TRUE
082,6,petal,20,-0.9096445270014152,4,-45.48222635007076,4,0,TRUE
082,6,fugal,10,-0.8245578853108085,4,-82.45578853108084,4,0,TRUE
082,6,fugal,15,1.8088477521757995,4,120.5898501450533,4,0,TRUE
082,6,fugal,20,1.3788935034368381,3,68.94467517184191,4,1,FALSE
082,7,flashbaseline,NA,-0.33149541710983776,8,NA,8,0,TRUE
082,7,petal,10,0.1962782934304644,4,19.627829343046443,4,0,TRUE
082,7,petal,15,-0.48153007501016826,4,-32.102005000677885,4,0,TRUE
082,7,petal,20,-0.3730311261115762,4,-18.651556305578808,4,0,TRUE
082,7,fugal,10,0.28442001816562273,4,28.442001816562275,4,0,TRUE
082,7,fugal,15,2.265781416357945,4,151.052094423863,4,0,TRUE
082,7,fugal,20,1.343321549881125,4,67.16607749405625,4,0,TRUE
082,8,flashbaseline,NA,0.47158499887518784,8,NA,8,0,TRUE
082,8,petal,10,-0.3419386945074001,4,-34.19386945074001,4,0,TRUE
082,8,petal,15,-0.8373470196917353,4,-55.82313464611568,4,0,TRUE
082,8,petal,20,0.15966640292671008,4,7.983320146335505,4,0,TRUE
082,8,fugal,10,0.37925815655840345,4,37.92581565584034,4,0,TRUE
082,8,fugal,15,0.6823676349446111,4,45.49117566297407,4,0,TRUE
082,8,fugal,20,-0.3359789188728166,4,-16.79894594364083,4,0,TRUE
082,9,flashbaseline,NA,0.22784197036730264,8,NA,8,0,TRUE
082,9,petal,10,-0.09865394196052724,4,-9.865394196052724,4,0,TRUE
082,9,petal,15,0.8910273520929668,4,59.40182347286446,4,0,TRUE
082,9,petal,20,-1.47753628133639,4,-73.87681406681949,4,0,TRUE
082,9,fugal,10,1.2670944522437748,4,126.70944522437749,4,0,TRUE
082,9,fugal,15,1.7332012319278594,4,115.54674879519062,4,0,TRUE
082,9,fugal,20,1.5273217998984725,4,76.36608999492363,4,0,TRUE
082,10,flashbaseline,NA,-0.4563530445499857,8,NA,8,0,TRUE
082,10,petal,10,0.6761789290758533,4,67.61789290758533,4,0,TRUE
082,10,petal,15,-1.45720999644875,4,-97.14733309658332,4,0,TRUE
082,10,petal,20,-0.5711291970602768,4,-28.55645985301384,4,0,TRUE
082,10,fugal,10,-0.642935862399729,4,-64.2935862399729,4,0,TRUE
082,10,fugal,15,1.3710632787531294,4,91.40421858354196,4,0,TRUE
082,10,fugal,20,1.267738933848385,4,63.38694669241926,4,0,TRUE
082,11,flashbaseline,NA,0.5656511226790532,8,NA,8,0,TRUE
082,11,petal,10,-0.4754743204085199,4,-47.54743204085199,4,0,TRUE
082,11,petal,15,0.04523012071628746,4,3.0153413810858303,4,0,TRUE
082,11,petal,20,2.2974334252935886,4,114.87167126467942,4,0,TRUE
082,11,fugal,10,1.0582103797179518,4,105.82103797179518,4,0,TRUE
082,11,fugal,15,2.0833912077687744,4,138.89274718458498,4,0,TRUE
082,11,fugal,20,4.290185162767605,4,214.50925813838023,4,0,TRUE
082,12,flashbaseline,NA,0.983506356408654,8,NA,8,0,TRUE
082,12,petal,10,0.7002504321311707,4,70.02504321311706,4,0,TRUE
082,12,petal,15,0.564778996647354,4,37.6519331098236,4,0,TRUE
082,12,petal,20,-1.029718538084524,4,-51.4859269042262,4,0,TRUE
082,12,fugal,10,0.9745312631672947,4,97.45312631672947,4,0,TRUE
082,12,fugal,15,0.3825024468431476,4,25.500163122876508,4,0,TRUE
082,12,fugal,20,-0.4257940192150673,4,-21.28970096075337,4,0,TRUE
083,1,flashbaseline,NA,0.18845803123336605,8,NA,8,0,TRUE
083,1,petal,10,1.4931830739490777,4,149.31830739490775,4,0,TRUE
083,1,petal,15,1.719958580143359,4,114.6639053428906,4,0,TRUE
083,1,petal,20,2.6280685957848404,4,131.403429789242,4,0,TRUE
083,1,fugal,10,-0.8097594076656354,3,-80.97594076656353,4,1,FALSE
083,1,fugal,15,-1.3818165506189735,4,-92.12110337459823,4,0,TRUE
083,1,fugal,20,-0.7882909516367392,4,-39.41454758183696,4,0,TRUE
083,2,flashbaseline,NA,-0.2156808471585248,8,NA,8,0,TRUE
083,2,petal,10,2.572014730060365,4,257.20147300603645,4,0,TRUE
083,2,petal,15,2.96072128898989,3,197.38141926599266,4,1,FALSE
083,2,petal,20,2.0138708179234834,4,100.69354089617417,4,0,TRUE
083,2,fugal,10,-0.8198690710947317,4,-81.98690710947318,4,0,TRUE
083,2,fugal,15,0.09067842822212163,4,6.045228548141442,4,0,TRUE
083,2,fugal,20,1.4612239335678021,4,73.0611966783901,4,0,TRUE
083,3,flashbaseline,NA,-0.3710875037267488,8,NA,8,0,TRUE
083,3,petal,10,2.32253550241696,4,232.25355024169596,4,0,TRUE
083,3,petal,15,2.7058651400416176,4,180.39100933610783,4,0,TRUE
083,3,petal,20,2.3296976203126025,4,116.48488101563012,4,0,TRUE
083,3,fugal,10,-0.750971348748774,4,-75.0971348748774,4,0,TRUE
083,3,fugal,15,1.0203101906965002,4,68.02067937976668,4,0,TRUE
083,3,fugal,20,-0.5054581134022604,4,-25.272905670113023,4,0,TRUE
083,4,flashbaseline,NA,-0.5664072133230779,8,NA,8,0,TRUE
083,4,petal,10,1.8094234527866107,4,180.94234527866107,4,0,TRUE
083,4,petal,15,3.231690873694573,3,215.44605824630486,4,1,FALSE
083,4,petal,20,2.9327797521687993,4,146.63898760843998,4,0,TRUE
083,4,fugal,10,-0.3942205744806649,4,-39.42205744806649,4,0,TRUE
083,4,fugal,15,0.770046460353891,4,51.3364306902594,4,0,TRUE
083,4,fugal,20,-0.9815881643510669,4,-49.07940821755334,4,0,TRUE
083,5,flashbaseline,NA,0.172334329610619,7,NA,8,1,FALSE
083,5,petal,10,2.49609932342224,4,249.609932342224,4,0,TRUE
083,5,petal,15,2.5243896821908884,4,168.29264547939258,4,0,TRUE
083,5,petal,20,2.44017874594009,4,122.00893729700451,4,0,TRUE
083,5,fugal,10,-1.2712382166813372,4,-127.12382166813371,4,0,TRUE
083,5,fugal,15,-0.13440886504970573,4,-8.960591003313716,4,0,TRUE
083,5,fugal,20,-1.155714710681321,4,-57.785735534066056,4,0,TRUE
083,6,flashbaseline,NA,0.1400030951533299,8,NA,8,0,TRUE
083,6,petal,10,1.2258138530318639,4,122.58138530318638,4,0,TRUE
083,6,petal,15,2.642323034396477,4,176.1548689597651,4,0,TRUE
083,6,petal,20,2.6332505907581525,4,131.66252953790763,4,0,TRUE
083,6,fugal,10,-0.8400042594831516,4,-84.00042594831517,4,0,TRUE
083,6,fugal,15,-2.3873016267285325,4,-159.15344178190216,4,0,TRUE
083,6,fugal,20,-2.12368522829965,4,-106.1842614149825,4,0,TRUE
083,7,flashbaseline,NA,0.24358157649772746,8,NA,8,0,TRUE
083,7,petal,10,1.8192538999150276,4,181.92538999150275,4,0,TRUE
083,7,petal,15,2.4731014763068,4,164.87343175378666,4,0,TRUE
083,7,petal,20,4.449137315416164,3,222.4568657708082,4,1,FALSE
083,7,fugal,10,0.6128420077864576,4,61.284200778645754,4,0,TRUE
083,7,fugal,15,-0.6559239991304795,4,-43.72826660869863,4,0,TRUE
083,7,fugal,20,0.7276086900462226,4,36.38043450231113,4,0,TRUE
083,8,flashbaseline,NA,0.22583187578065303,8,NA,8,0,TRUE
083,8,petal,10,2.27351227695537,4,227.351227695537,4,0,TRUE
083,8,petal,15,2.7454561382625875,4,183.03040921750582,4,0,TRUE
083,8,petal,20,2.79140876786238,4,139.570438393119,4,0,TRUE
083,8,fugal,10,-1.8940169909432876,4,-189.40169909432873,4,0,TRUE
083,8,fugal,15,-0.6804969956347965,4,-45.3664663756531,4,0,TRUE
083,8,fugal,20,-2.2356363347562906,4,-111.78181673781454,4,0,TRUE
083,9,flashbaseline,NA,-0.4282060166301863,8,NA,8,0,TRUE
083,9,petal,10,3.277363593167945,2,327.73635931679445,4,2,FALSE
083,9,petal,15,2.3627421045844876,4,157.51614030563252,4,0,TRUE
083,9,petal,20,3.3507988792296564,4,167.5399439614828,4,0,TRUE
083,9,fugal,10,-1.2707005233749393,4,-127.07005233749393,4,0,TRUE
083,9,fugal,15,-1.490804415492486,4,-99.3869610328324,4,0,TRUE
083,9,fugal,20,0.9731166428492215,4,48.65583214246107,4,0,TRUE
084,1,flashbaseline,NA,0.09342779850735505,8,NA,8,0,TRUE
084,1,petal,10,2.5438369975003874,4,254.38369975003872,4,0,TRUE
084,1,petal,15,4.414681170611162,4,294.31207804074415,4,0,TRUE
084,1,petal,20,4.8168301703065595,4,240.84150851532797,4,0,TRUE
084,1,fugal,10,0.1975309889004287,4,19.75309889004287,4,0,TRUE
084,1,fugal,15,-0.6743916805793557,4,-44.95944537195705,4,0,TRUE
084,1,fugal,20,-1.6774902736314101,4,-83.8745136815705,4,0,TRUE
084,2,flashbaseline,NA,-0.03062936899986196,8,NA,8,0,TRUE
084,2,petal,10,2.88745087341254,4,288.74508734125396,4,0,TRUE
084,2,petal,15,3.5467128604170375,4,236.4475240278025,4,0,TRUE
084,2,petal,20,4.037559275949235,4,201.87796379746175,4,0,TRUE
084,2,fugal,10,-1.1859981794871746,4,-118.59981794871746,4,0,TRUE
084,2,fugal,15,-0.5191024631975087,4,-34.60683087983392,4,0,TRUE
084,2,fugal,20,-0.9405376594155679,4,-47.026882970778395,4,0,TRUE
084,3,flashbaseline,NA,0.15836702773277883,8,NA,8,0,TRUE
084,3,petal,10,3.37013856237592,4,337.013856237592,4,0,TRUE
084,3,petal,15,5.168545810027298,4,344.5697206684865,4,0,TRUE
084,3,petal,20,5.5558684264724505,4,277.7934213236225,4,0,TRUE
084,3,fugal,10,-0.6245358665970205,4,-62.453586659702054,4,0,TRUE
084,3,fugal,15,-0.14487995914442553,4,-9.658663942961702,4,0,TRUE
084,3,fugal,20,-0.04256067547876649,4,-2.1280337739383244,4,0,TRUE
084,4,flashbaseline,NA,-0.02961948277539475,8,NA,8,0,TRUE
084,4,petal,10,3.1292635585000674,4,312.9263558500067,4,0,TRUE
084,4,petal,15,2.5183966773729423,4,167.89311182486284,4,0,TRUE
084,4,petal,20,6.208089871775442,4,310.4044935887721,4,0,TRUE
084,4,fugal,10,-0.27049485836327175,4,-27.049485836327175,4,0,TRUE
084,4,fugal,15,-0.08026864121946492,4,-5.351242747964328,4,0,TRUE
084,4,fugal,20,-0.20286716562299817,4,-10.14335828114991,4,0,TRUE
084,5,flashbaseline,NA,0.3656521410968473,7,NA,8,1,FALSE
084,5,petal,10,2.00384222167564,4,200.38422216756402,4,0,TRUE
084,5,petal,15,2.06666893045799,4,137.77792869719934,4,0,TRUE
084,5,petal,20,3.7800006034113927,4,189.00003017056963,4,0,TRUE
084,5,fugal,10,0.11507125587227131,4,11.507125587227131,4,0,TRUE
084,5,fugal,15,-0.264502205258221,4,-17.633480350548066,4,0,TRUE
084,5,fugal,20,-1.2070260823370182,4,-60.35130411685091,4,0,TRUE
084,6,flashbaseline,NA,1.001425080629471,8,NA,8,0,TRUE
084,6,petal,10,3.6343905956649003,4,363.43905956649,4,0,TRUE
084,6,petal,15,3.8038596561031675,4,253.59064374021116,4,0,TRUE
084,6,petal,20,5.350983554062017,4,267.54917770310084,4,0,TRUE
084,6,fugal,10,0.8893113922403583,4,88.93113922403582,4,0,TRUE
084,6,fugal,15,0.3255416392818633,4,21.70277595212422,4,0,TRUE
084,6,fugal,20,2.1275648283696054,4,106.37824141848026,4,0,TRUE
084,7,flashbaseline,NA,-0.04106417799273754,8,NA,8,0,TRUE
084,7,petal,10,2.1175937938006077,4,211.75937938006078,4,0,TRUE
084,7,petal,15,3.2079486582249723,4,213.86324388166483,4,0,TRUE
084,7,petal,20,5.349724143945945,4,267.4862071972973,4,0,TRUE
084,7,fugal,10,-0.06516897153398402,4,-6.516897153398402,4,0,TRUE
084,7,fugal,15,0.4335979904517253,4,28.906532696781685,4,0,TRUE
084,7,fugal,20,0.7841578811363275,4,39.20789405681637,4,0,TRUE
084,8,flashbaseline,NA,0.19734574121084197,8,NA,8,0,TRUE
084,8,petal,10,2.8539638158673175,4,285.39638158673176,4,0,TRUE
084,8,petal,15,2.8079730572776027,4,187.19820381850684,4,0,TRUE
084,8,petal,20,3.948907284070395,4,197.44536420351974,4,0,TRUE
084,8,fugal,10,0.3267290173364357,4,32.67290173364357,4,0,TRUE
084,8,fugal,15,-0.875660452286405,4,-58.37736348576033,4,0,TRUE
084,8,fugal,20,-0.04915008599699627,4,-2.4575042998498136,4,0,TRUE
084,9,flashbaseline,NA,0.3494170085475676,8,NA,8,0,TRUE
084,9,petal,10,2.612568070386415,4,261.2568070386415,4,0,TRUE
084,9,petal,15,3.43735088189014,4,229.15672545934265,4,0,TRUE
084,9,petal,20,5.10880882950507,4,255.44044147525346,4,0,TRUE
084,9,fugal,10,0.04767590998711568,4,4.767590998711569,4,0,TRUE
084,9,fugal,15,0.30209696598366076,4,20.139797732244052,4,0,TRUE
084,9,fugal,20,-0.35884784200025804,4,-17.942392100012903,4,0,TRUE
084,10,flashbaseline,NA,0.06686571402079403,8,NA,8,0,TRUE
084,10,petal,10,2.139560307616799,4,213.9560307616799,4,0,TRUE
084,10,petal,15,3.3188945453786474,4,221.25963635857647,4,0,TRUE
084,10,petal,20,5.231606569328933,4,261.58032846644664,4,0,TRUE
084,10,fugal,10,0.10199654877259288,4,10.199654877259288,4,0,TRUE
084,10,fugal,15,-0.40190214668065144,4,-26.793476445376765,4,0,TRUE
084,10,fugal,20,-0.33128768736281045,4,-16.564384368140523,4,0,TRUE
084,11,flashbaseline,NA,0.17635772972481747,8,NA,8,0,TRUE
084,11,petal,10,3.275313242306595,4,327.5313242306595,4,0,TRUE
084,11,petal,15,3.6934424397018275,4,246.22949598012184,4,0,TRUE
084,11,petal,20,5.028525898490836,4,251.42629492454176,4,0,TRUE
084,11,fugal,10,0.13054845047354946,4,13.054845047354945,4,0,TRUE
084,11,fugal,15,0.7338734541747154,4,48.92489694498103,4,0,TRUE
084,11,fugal,20,-0.84167638327903,4,-42.0838191639515,4,0,TRUE
084,12,flashbaseline,NA,-0.9239067333409015,8,NA,8,0,TRUE
084,12,petal,10,0.8978545329464485,4,89.78545329464485,4,0,TRUE
084,12,petal,15,3.5905985449877127,4,239.37323633251418,4,0,TRUE
084,12,petal,20,5.150754631264258,4,257.5377315632129,4,0,TRUE
084,12,fugal,10,0.4624473530549255,4,46.24473530549255,4,0,TRUE
084,12,fugal,15,0.805020447604121,4,53.668029840274734,4,0,TRUE
084,12,fugal,20,1.9512560184894359,4,97.5628009244718,4,0,TRUE
085,1,flashbaseline,NA,-0.33741319516340723,8,NA,8,0,TRUE
085,1,petal,10,2.8276078453727225,4,282.7607845372723,4,0,TRUE
085,1,petal,15,4.77773433920037,4,318.51562261335795,4,0,TRUE
085,1,petal,20,5.59914723601544,4,279.957361800772,4,0,TRUE
085,1,fugal,10,1.3872269063804787,4,138.72269063804788,4,0,TRUE
085,1,fugal,15,2.5338003500762065,4,168.92002333841378,4,0,TRUE
085,1,fugal,20,2.873903249950035,4,143.69516249750174,4,0,TRUE
085,2,flashbaseline,NA,0.19455189901280495,8,NA,8,0,TRUE
085,2,petal,10,3.78188913706831,4,378.188913706831,4,0,TRUE
085,2,petal,15,4.4197443916639525,4,294.64962611093017,4,0,TRUE
085,2,petal,20,5.984826943990957,4,299.2413471995479,4,0,TRUE
085,2,fugal,10,0.9141575181016778,4,91.41575181016778,4,0,TRUE
085,2,fugal,15,0.31004450736147726,4,20.669633824098483,4,0,TRUE
085,2,fugal,20,1.133829735449372,4,56.6914867724686,4,0,TRUE
085,3,flashbaseline,NA,-0.24185632967829884,8,NA,8,0,TRUE
085,3,petal,10,2.4808674949126726,4,248.08674949126726,4,0,TRUE
085,3,petal,15,4.704062499587215,4,313.60416663914765,4,0,TRUE
085,3,petal,20,5.572258554216342,4,278.6129277108171,4,0,TRUE
085,3,fugal,10,0.16998543132060717,4,16.998543132060718,4,0,TRUE
085,3,fugal,15,-0.6717966181822588,4,-44.786441212150585,4,0,TRUE
085,3,fugal,20,-0.8177671060782703,4,-40.888355303913514,4,0,TRUE
085,4,flashbaseline,NA,0.7880377113621274,6,NA,8,2,FALSE
085,4,petal,10,4.7429621141826175,4,474.29621141826175,4,0,TRUE
085,4,petal,15,4.205910317370048,4,280.3940211580032,4,0,TRUE
085,4,petal,20,6.20494580399331,4,310.2472901996655,4,0,TRUE
085,4,fugal,10,-1.0803252342505023,4,-108.03252342505024,4,0,TRUE
085,4,fugal,15,0.7578411569231728,4,50.52274379487819,4,0,TRUE
085,4,fugal,20,1.9723897830829804,4,98.61948915414902,4,0,TRUE
085,5,flashbaseline,NA,0.5340409318733339,8,NA,8,0,TRUE
085,5,petal,10,2.753697937055928,4,275.36979370559277,4,0,TRUE
085,5,petal,15,3.684942725579615,4,245.66284837197432,4,0,TRUE
085,5,petal,20,3.596293180312874,4,179.81465901564368,4,0,TRUE
085,5,fugal,10,-0.3806170473992368,4,-38.06170473992368,4,0,TRUE
085,5,fugal,15,-0.22007017953899055,4,-14.67134530259937,4,0,TRUE
085,5,fugal,20,0.8912160508516219,3,44.560802542581094,4,1,FALSE
085,6,flashbaseline,NA,-0.020315788367777587,8,NA,8,0,TRUE
085,6,petal,10,3.46687159701055,4,346.687159701055,4,0,TRUE
085,6,petal,15,4.821582455442238,4,321.43883036281585,4,0,TRUE
085,6,petal,20,5.537989303783182,4,276.8994651891591,4,0,TRUE
085,6,fugal,10,-0.038417664654970984,4,-3.8417664654970984,4,0,TRUE
085,6,fugal,15,0.9875562798341825,4,65.83708532227884,4,0,TRUE
085,6,fugal,20,0.11730231330729501,4,5.865115665364751,4,0,TRUE
085,7,flashbaseline,NA,0.41324802159143004,8,NA,8,0,TRUE
085,7,petal,10,4.01720084201966,4,401.720084201966,4,0,TRUE
085,7,petal,15,5.3343543001866225,4,355.6236200124415,4,0,TRUE
085,7,petal,20,6.7766207628495225,4,338.83103814247613,4,0,TRUE
085,7,fugal,10,1.5588186300271134,4,155.88186300271133,4,0,TRUE
085,7,fugal,15,-0.5263388857114037,4,-35.089259047426914,4,0,TRUE
085,7,fugal,20,-0.789490935372477,4,-39.47454676862385,4,0,TRUE
085,8,flashbaseline,NA,-0.22555918737464592,8,NA,8,0,TRUE
085,8,petal,10,3.64025288643151,4,364.025288643151,4,0,TRUE
085,8,petal,15,4.863727880494245,4,324.248525366283,4,0,TRUE
085,8,petal,20,3.8045065793374553,4,190.22532896687278,4,0,TRUE
085,8,fugal,10,0.2305237317807951,4,23.05237317807951,4,0,TRUE
085,8,fugal,15,-0.2943988110359961,4,-19.62658740239974,4,0,TRUE
085,8,fugal,20,0.8248634585394402,4,41.24317292697201,4,0,TRUE
085,9,flashbaseline,NA,0.13817346596645555,8,NA,8,0,TRUE
085,9,petal,10,3.6502764821485325,4,365.02764821485323,4,0,TRUE
085,9,petal,15,4.08903183131463,4,272.602122087642,4,0,TRUE
085,9,petal,20,5.754867795193068,4,287.74338975965344,4,0,TRUE
085,9,fugal,10,-0.45285014324804124,4,-45.28501432480412,4,0,TRUE
085,9,fugal,15,0.28792412208512125,4,19.194941472341416,4,0,TRUE
085,9,fugal,20,0.6567012030775301,4,32.835060153876505,4,0,TRUE
085,10,flashbaseline,NA,-0.5923726374989473,8,NA,8,0,TRUE
085,10,petal,10,3.9683002304230226,4,396.83002304230223,4,0,TRUE
085,10,petal,15,4.029226608763085,4,268.61510725087237,4,0,TRUE
085,10,petal,20,4.669796900249015,4,233.48984501245073,4,0,TRUE
085,10,fugal,10,-0.7542856647009517,4,-75.42856647009518,4,0,TRUE
085,10,fugal,15,0.3799241868419522,4,25.32827912279682,4,0,TRUE
085,10,fugal,20,-0.12966923586007528,4,-6.483461793003764,4,0,TRUE
085,11,flashbaseline,NA,0.7476372032639074,7,NA,8,1,FALSE
085,11,petal,10,3.9672592431156,4,396.72592431156,4,0,TRUE
085,11,petal,15,4.5754375206438525,4,305.0291680429235,4,0,TRUE
085,11,petal,20,5.41062258856281,4,270.5311294281405,4,0,TRUE
085,11,fugal,10,-1.3897286850578472,4,-138.97286850578473,4,0,TRUE
085,11,fugal,15,-0.558524240408049,4,-37.2349493605366,4,0,TRUE
085,11,fugal,20,-1.0092738620953765,4,-50.46369310476882,4,0,TRUE
085,12,flashbaseline,NA,0.3904009818040458,8,NA,8,0,TRUE
085,12,petal,10,4.474351482196092,4,447.43514821960923,4,0,TRUE
085,12,petal,15,4.740462941136473,4,316.0308627424315,4,0,TRUE
085,12,petal,20,5.929542718508268,4,296.47713592541334,4,0,TRUE
085,12,fugal,10,-0.3588371470859676,4,-35.88371470859676,4,0,TRUE
085,12,fugal,15,0.48310947378632607,4,32.20729825242174,4,0,TRUE
085,12,fugal,20,0.1304745280021525,4,6.523726400107625,4,0,TRUE
086,1,flashbaseline,NA,-0.6124382014384532,8,NA,8,0,TRUE
086,1,petal,10,3.2596782348573274,4,325.9678234857327,4,0,TRUE
086,1,petal,15,3.87364074943292,4,258.24271662886133,4,0,TRUE
086,1,petal,20,5.852739176496557,3,292.63695882482784,4,1,FALSE
086,1,fugal,10,0.9810425305325025,4,98.10425305325025,4,0,TRUE
086,1,fugal,15,1.996400397678912,4,133.0933598452608,4,0,TRUE
086,1,fugal,20,1.5565807405360312,4,77.82903702680156,4,0,TRUE
086,2,flashbaseline,NA,0.0445790581427018,8,NA,8,0,TRUE
086,2,petal,10,2.99232074906116,4,299.23207490611605,4,0,TRUE
086,2,petal,15,4.642982935561838,4,309.5321957041225,4,0,TRUE
086,2,petal,20,5.155312430129775,4,257.76562150648874,4,0,TRUE
086,2,fugal,10,0.7724750026634908,4,77.24750026634908,4,0,TRUE
086,2,fugal,15,1.9375003262211012,4,129.16668841474007,4,0,TRUE
086,2,fugal,20,2.4330787601998174,4,121.65393800999087,4,0,TRUE
086,3,flashbaseline,NA,0.3017374472630776,8,NA,8,0,TRUE
086,3,petal,10,4.14279048494683,4,414.279048494683,4,0,TRUE
086,3,petal,15,4.28982407286473,4,285.98827152431534,4,0,TRUE
086,3,petal,20,6.187799488281255,4,309.38997441406275,4,0,TRUE
086,3,fugal,10,0.01376132397081483,4,1.3761323970814832,4,0,TRUE
086,3,fugal,15,0.4891187499345935,4,32.60791666230623,4,0,TRUE
086,3,fugal,20,-0.5595195806110198,4,-27.97597903055099,4,0,TRUE
086,4,flashbaseline,NA,0.07816012321040253,8,NA,8,0,TRUE
086,4,petal,10,2.905972704029885,4,290.5972704029885,4,0,TRUE
086,4,petal,15,3.68332322973467,4,245.55488198231134,4,0,TRUE
086,4,petal,20,5.287386743472555,4,264.36933717362774,4,0,TRUE
086,4,fugal,10,-0.24505545298025677,4,-24.505545298025677,4,0,TRUE
086,4,fugal,15,0.07005463477417335,3,4.67030898494489,4,1,FALSE
086,4,fugal,20,0.925796555629537,4,46.289827781476845,4,0,TRUE
086,5,flashbaseline,NA,-0.34295081649845527,8,NA,8,0,TRUE
086,5,petal,10,3.307444276509695,4,330.7444276509695,4,0,TRUE
086,5,petal,15,3.3363195282818965,3,222.42130188545977,4,1,FALSE
086,5,petal,20,5.49314095147225,4,274.6570475736125,4,0,TRUE
086,5,fugal,10,-0.4165168087956489,4,-41.65168087956489,4,0,TRUE
086,5,fugal,15,-0.6161369051341075,4,-41.075793675607166,4,0,TRUE
086,5,fugal,20,-0.3754029472482653,4,-18.77014736241326,4,0,TRUE
086,6,flashbaseline,NA,0.5178429736629575,8,NA,8,0,TRUE
086,6,petal,10,2.5185854809171073,4,251.8585480917107,4,0,TRUE
086,6,petal,15,3.2487278805338224,4,216.58185870225483,4,0,TRUE
086,6,petal,20,5.3470548442050925,4,267.35274221025463,4,0,TRUE
086,6,fugal,10,-0.5794691746727992,4,-57.946917467279924,4,0,TRUE
086,6,fugal,15,-0.4712086222165065,4,-31.413908147767103,4,0,TRUE
086,6,fugal,20,0.3720615960827095,4,18.603079804135476,4,0,TRUE
086,7,flashbaseline,NA,-0.11573335961030023,8,NA,8,0,TRUE
086,7,petal,10,2.3002561596830375,4,230.02561596830375,4,0,TRUE
086,7,petal,15,4.429198621381783,4,295.27990809211883,4,0,TRUE
086,7,petal,20,4.807595091764517,4,240.37975458822586,4,0,TRUE
086,7,fugal,10,-0.754118622137701,4,-75.41186221377009,4,0,TRUE
086,7,fugal,15,0.26492202792829,4,17.661468528552668,4,0,TRUE
086,7,fugal,20,-0.07982885097803494,4,-3.9914425489017464,4,0,TRUE
086,8,flashbaseline,NA,0.16582116603793196,8,NA,8,0,TRUE
086,8,petal,10,4.323179874788807,4,432.31798747888075,4,0,TRUE
086,8,petal,15,4.332205741360905,4,288.81371609072704,4,0,TRUE
086,8,petal,20,3.5550739240194797,4,177.75369620097396,4,0,TRUE
086,8,fugal,10,0.18199772047568397,4,18.199772047568395,4,0,TRUE
086,8,fugal,15,-0.4688754849973253,4,-31.258365666488356,4,0,TRUE
086,8,fugal,20,1.3069700020476755,4,65.34850010238377,4,0,TRUE
086,9,flashbaseline,NA,0.14552754956804595,8,NA,8,0,TRUE
086,9,petal,10,1.9502750233320465,4,195.02750233320464,4,0,TRUE
086,9,petal,15,4.391098525055008,4,292.7399016703339,4,0,TRUE
086,9,petal,20,5.056583637131455,4,252.82918185657277,4,0,TRUE
086,9,fugal,10,-0.315146899744231,4,-31.514689974423096,4,0,TRUE
086,9,fugal,15,-0.9096280163686312,4,-60.64186775790874,4,0,TRUE
086,9,fugal,20,0.15047557879850315,4,7.523778939925157,4,0,TRUE
086,10,flashbaseline,NA,-0.6893159176505534,8,NA,8,0,TRUE
086,10,petal,10,3.519113418159675,4,351.9113418159675,4,0,TRUE
086,10,petal,15,3.8135203730929326,4,254.23469153952882,4,0,TRUE
086,10,petal,20,5.1579188601456325,4,257.89594300728163,4,0,TRUE
086,10,fugal,10,0.0965598371488785,4,9.65598371488785,4,0,TRUE
086,10,fugal,15,0.08118452664937278,4,5.412301776624853,4,0,TRUE
086,10,fugal,20,-0.4807123714608428,4,-24.03561857304214,4,0,TRUE
086,11,flashbaseline,NA,-0.34713785493800514,8,NA,8,0,TRUE
086,11,petal,10,2.9343825382373225,4,293.4382538237322,4,0,TRUE
086,11,petal,15,4.279222633147635,4,285.281508876509,4,0,TRUE
086,11,petal,20,5.423039168209074,4,271.1519584104537,4,0,TRUE
086,11,fugal,10,0.0161072502920665,4,1.61072502920665,4,0,TRUE
086,11,fugal,15,-0.6811165445643187,4,-45.40776963762125,4,0,TRUE
086,11,fugal,20,0.30301334694122306,4,15.150667347061153,4,0,TRUE
086,12,flashbaseline,NA,-0.3890848695232142,8,NA,8,0,TRUE
086,12,petal,10,3.3942550724163723,4,339.4255072416372,4,0,TRUE
086,12,petal,15,3.554395194237675,4,236.959679615845,4,0,TRUE
086,12,petal,20,4.9085309875706375,4,245.42654937853186,4,0,TRUE
086,12,fugal,10,-0.13289302400174696,4,-13.289302400174696,4,0,TRUE
086,12,fugal,15,0.2500392924998132,4,16.669286166654214,4,0,TRUE
086,12,fugal,20,-1.015867684913943,4,-50.79338424569715,4,0,TRUE
087,1,flashbaseline,NA,0.30337013286646797,8,NA,8,0,TRUE
087,1,petal,10,3.197569332241365,4,319.7569332241365,4,0,TRUE
087,1,petal,15,3.0482099407593424,4,203.21399605062282,4,0,TRUE
087,1,petal,20,4.70213686555119,4,235.1068432775595,4,0,TRUE
087,1,fugal,10,1.2948406065100126,4,129.48406065100127,4,0,TRUE
087,1,fugal,15,1.7788720396852984,4,118.59146931235323,4,0,TRUE
087,1,fugal,20,2.6927748016735302,4,134.6387400836765,4,0,TRUE
087,2,flashbaseline,NA,0.04961452113236109,8,NA,8,0,TRUE
087,2,petal,10,2.6971268405520847,4,269.7126840552085,4,0,TRUE
087,2,petal,15,4.37651344395907,4,291.76756293060464,4,0,TRUE
087,2,petal,20,5.331431143831668,4,266.5715571915834,4,0,TRUE
087,2,fugal,10,0.16249603083879471,4,16.24960308387947,4,0,TRUE
087,2,fugal,15,1.5355459989207687,4,102.36973326138458,4,0,TRUE
087,2,fugal,20,1.9135132389775862,4,95.67566194887931,4,0,TRUE
087,3,flashbaseline,NA,-0.41960609100195007,8,NA,8,0,TRUE
087,3,petal,10,2.6548918246067505,4,265.48918246067507,4,0,TRUE
087,3,petal,15,5.095806372637822,4,339.72042484252154,4,0,TRUE
087,3,petal,20,5.18164727912539,4,259.0823639562695,4,0,TRUE
087,3,fugal,10,2.3571672595811726,4,235.71672595811728,4,0,TRUE
087,3,fugal,15,1.7749137558540617,4,118.32758372360412,4,0,TRUE
087,3,fugal,20,3.0420815553309866,4,152.10407776654932,4,0,TRUE
087,4,flashbaseline,NA,0.4870415955794616,8,NA,8,0,TRUE
087,4,petal,10,2.073407043404141,4,207.34070434041413,4,0,TRUE
087,4,petal,15,4.3573694540374674,4,290.49129693583114,4,0,TRUE
087,4,petal,20,5.42026479439384,4,271.01323971969197,4,0,TRUE
087,4,fugal,10,1.5155474298234575,4,151.55474298234574,4,0,TRUE
087,4,fugal,15,2.367588218716525,4,157.8392145811017,4,0,TRUE
087,4,fugal,20,3.3740719722747126,4,168.70359861373564,4,0,TRUE
087,5,flashbaseline,NA,-0.42938195128157564,8,NA,8,0,TRUE
087,5,petal,10,2.2837850499442,4,228.37850499441998,4,0,TRUE
087,5,petal,15,2.723804000921425,4,181.58693339476167,4,0,TRUE
087,5,petal,20,2.9754619099635424,4,148.77309549817713,4,0,TRUE
087,5,fugal,10,-0.337386285949138,4,-33.7386285949138,4,0,TRUE
087,5,fugal,15,1.8548116426217982,4,123.65410950811987,4,0,TRUE
087,5,fugal,20,2.2895587427848882,4,114.4779371392444,4,0,TRUE
087,6,flashbaseline,NA,-0.23068356577403631,8,NA,8,0,TRUE
087,6,petal,10,3.3099105494170575,4,330.9910549417058,4,0,TRUE
087,6,petal,15,3.7275041228456325,4,248.50027485637548,4,0,TRUE
087,6,petal,20,4.681766636196585,4,234.08833180982924,4,0,TRUE
087,6,fugal,10,0.9848378346851987,4,98.48378346851986,4,0,TRUE
087,6,fugal,15,1.658016200467114,4,110.53441336447426,4,0,TRUE
087,6,fugal,20,2.2728369515863243,4,113.6418475793162,4,0,TRUE
087,7,flashbaseline,NA,0.33607243128821,8,NA,8,0,TRUE
087,7,petal,10,2.3564317917700275,4,235.64317917700276,4,0,TRUE
087,7,petal,15,4.07131181617494,4,271.420787744996,4,0,TRUE
087,7,petal,20,5.329078493583593,4,266.45392467917964,4,0,TRUE
087,7,fugal,10,1.6623938438274188,4,166.2393843827419,4,0,TRUE
087,7,fugal,15,2.089099659958625,4,139.27331066390832,4,0,TRUE
087,7,fugal,20,1.606105180642772,4,80.30525903213861,4,0,TRUE
087,8,flashbaseline,NA,0.20298459459419171,8,NA,8,0,TRUE
087,8,petal,10,3.7328607073030824,4,373.2860707303082,4,0,TRUE
087,8,petal,15,4.4943393316452225,4,299.6226221096815,4,0,TRUE
087,8,petal,20,3.89154972556212,4,194.577486278106,4,0,TRUE
087,8,fugal,10,0.373933243892182,4,37.39332438921821,4,0,TRUE
087,8,fugal,15,1.7849920212808017,4,118.99946808538678,4,0,TRUE
087,8,fugal,20,3.56008320007699,4,178.0041600038495,4,0,TRUE
087,9,flashbaseline,NA,0.7536620530332407,8,NA,8,0,TRUE
087,9,petal,10,2.7793627916250574,4,277.93627916250574,4,0,TRUE
087,9,petal,15,3.365358369350515,4,224.35722462336767,4,0,TRUE
087,9,petal,20,4.840196492320903,4,242.00982461604514,4,0,TRUE
087,9,fugal,10,0.5742129180145689,4,57.42129180145689,4,0,TRUE
087,9,fugal,15,1.3862378940893678,4,92.41585960595786,4,0,TRUE
087,9,fugal,20,1.9782937011000676,4,98.91468505500337,4,0,TRUE
087,10,flashbaseline,NA,0.18399019441026943,8,NA,8,0,TRUE
087,10,petal,10,2.723560713640955,4,272.3560713640955,4,0,TRUE
087,10,petal,15,2.9098927376814174,4,193.99284917876116,4,0,TRUE
087,10,petal,20,4.246842716112018,4,212.3421358056009,4,0,TRUE
087,10,fugal,10,0.8339435976173857,4,83.39435976173856,4,0,TRUE
087,10,fugal,15,1.8107525483267082,4,120.71683655511389,4,0,TRUE
087,10,fugal,20,0.5843829767327655,4,29.219148836638276,4,0,TRUE
087,11,flashbaseline,NA,0.29927818986363014,7,NA,8,1,FALSE
087,11,petal,10,2.6214314846361493,4,262.1431484636149,4,0,TRUE
087,11,petal,15,3.356823119114337,3,223.7882079409558,4,1,FALSE
087,11,petal,20,4.532848509159815,4,226.64242545799075,4,0,TRUE
087,11,fugal,10,1.4294936476374005,3,142.94936476374005,4,1,FALSE
087,11,fugal,15,1.0024011060600395,4,66.82674040400263,4,0,TRUE
087,11,fugal,20,1.953226231440539,4,97.66131157202696,4,0,TRUE
087,12,flashbaseline,NA,-0.462623903279513,7,NA,8,1,FALSE
087,12,petal,10,2.5313403310171827,4,253.13403310171827,4,0,TRUE
087,12,petal,15,4.008182271809865,4,267.212151453991,4,0,TRUE
087,12,petal,20,4.574882572403115,4,228.74412862015575,4,0,TRUE
087,12,fugal,10,0.9440179210878775,4,94.40179210878776,4,0,TRUE
087,12,fugal,15,1.804194639913215,4,120.279642660881,4,0,TRUE
087,12,fugal,20,1.5561129742905406,4,77.80564871452702,4,0,TRUE
088,1,flashbaseline,NA,-0.11769070325766673,8,NA,8,0,TRUE
088,1,petal,10,1.3541432037909376,4,135.41432037909377,4,0,TRUE
088,1,petal,15,3.5316722997614027,4,235.44481998409353,4,0,TRUE
088,1,petal,20,4.282201222222483,4,214.11006111112414,4,0,TRUE
088,1,fugal,10,2.690377724726605,4,269.03777247266055,4,0,TRUE
088,1,fugal,15,1.9945665283384701,4,132.97110188923133,4,0,TRUE
088,1,fugal,20,4.53494739904999,4,226.7473699524995,4,0,TRUE
088,2,flashbaseline,NA,-0.2575805528845897,8,NA,8,0,TRUE
088,2,petal,10,1.2699957149910943,4,126.99957149910942,4,0,TRUE
088,2,petal,15,4.306910025603216,4,287.12733504021435,4,0,TRUE
088,2,petal,20,4.053119568142067,4,202.65597840710336,4,0,TRUE
088,2,fugal,10,1.7974263677122075,4,179.74263677122076,4,0,TRUE
088,2,fugal,15,3.883535313201385,4,258.90235421342567,4,0,TRUE
088,2,fugal,20,3.34995154386717,4,167.4975771933585,4,0,TRUE
088,3,flashbaseline,NA,0.7082022835953807,8,NA,8,0,TRUE
088,3,petal,10,2.0312965261345446,4,203.12965261345445,4,0,TRUE
088,3,petal,15,4.808637655851722,4,320.57584372344814,4,0,TRUE
088,3,petal,20,4.7406361578005445,4,237.03180789002724,4,0,TRUE
088,3,fugal,10,3.8437306510721876,4,384.37306510721874,4,0,TRUE
088,3,fugal,15,4.6938960271978525,4,312.9264018131901,4,0,TRUE
088,3,fugal,20,6.154667502191552,4,307.7333751095776,4,0,TRUE
088,4,flashbaseline,NA,0.47633695661596615,8,NA,8,0,TRUE
088,4,petal,10,1.4093373598423993,4,140.93373598423992,4,0,TRUE
088,4,petal,15,2.478741746206875,4,165.249449747125,4,0,TRUE
088,4,petal,20,3.88156947573933,4,194.0784737869665,4,0,TRUE
088,4,fugal,10,3.9877515518664124,4,398.77515518664126,4,0,TRUE
088,4,fugal,15,3.660180665478095,4,244.01204436520632,4,0,TRUE
088,4,fugal,20,4.232455914312295,4,211.62279571561476,4,0,TRUE
088,5,flashbaseline,NA,0.01612502929601345,8,NA,8,0,TRUE
088,5,petal,10,2.801256334807132,4,280.12563348071325,4,0,TRUE
088,5,petal,15,4.018291007509688,4,267.8860671673125,4,0,TRUE
088,5,petal,20,4.4343015520696,4,221.71507760348004,4,0,TRUE
088,5,fugal,10,1.763385426440977,4,176.33854264409771,4,0,TRUE
088,5,fugal,15,3.0027614938900427,4,200.1840995926695,4,0,TRUE
088,5,fugal,20,4.908678525828585,4,245.43392629142926,4,0,TRUE
088,6,flashbaseline,NA,0.12160303039293119,6,NA,8,2,FALSE
088,6,petal,10,2.245850343177133,4,224.58503431771328,4,0,TRUE
088,6,petal,15,3.8404473692755077,4,256.0298246183672,4,0,TRUE
088,6,petal,20,5.774584299805375,4,288.72921499026876,4,0,TRUE
088,6,fugal,10,3.9127751290958823,4,391.2775129095882,4,0,TRUE
088,6,fugal,15,3.0460245144684275,4,203.06830096456181,4,0,TRUE
088,6,fugal,20,4.0269513363493274,4,201.34756681746637,4,0,TRUE
088,7,flashbaseline,NA,-0.582428784174868,8,NA,8,0,TRUE
088,7,petal,10,2.3731889148831025,4,237.31889148831027,4,0,TRUE
088,7,petal,15,4.001558751598365,4,266.770583439891,4,0,TRUE
088,7,petal,20,6.332510801971325,2,316.62554009856626,4,2,FALSE
088,7,fugal,10,2.8189803769368065,3,281.89803769368064,4,1,FALSE
088,7,fugal,15,2.1527249540393067,3,143.5149969359538,4,1,FALSE
088,7,fugal,20,5.380085423841223,4,269.00427119206114,4,0,TRUE
088,8,flashbaseline,NA,-1.5520008652432427,8,NA,8,0,TRUE
088,8,petal,10,1.4809146694347417,4,148.09146694347416,4,0,TRUE
088,8,petal,15,4.74872462598004,4,316.5816417320027,4,0,TRUE
088,8,petal,20,3.890626748045385,4,194.53133740226923,4,0,TRUE
088,8,fugal,10,3.463820346299486,4,346.3820346299486,4,0,TRUE
088,8,fugal,15,4.714457118874778,4,314.29714125831856,4,0,TRUE
088,8,fugal,20,3.1936851367010886,4,159.68425683505444,4,0,TRUE
088,9,flashbaseline,NA,-0.5885763501849949,8,NA,8,0,TRUE
088,9,petal,10,2.845491195993497,4,284.5491195993497,4,0,TRUE
088,9,petal,15,4.444155006201993,4,296.2770004134662,4,0,TRUE
088,9,petal,20,5.03028720958601,4,251.51436047930054,4,0,TRUE
088,9,fugal,10,3.3016472832572425,4,330.16472832572424,4,0,TRUE
088,9,fugal,15,4.186773767111332,4,279.1182511407555,4,0,TRUE
088,9,fugal,20,3.4939669524817067,4,174.69834762408533,4,0,TRUE
088,10,flashbaseline,NA,0.42278799675063594,8,NA,8,0,TRUE
088,10,petal,10,3.7734025276977827,4,377.34025276977826,4,0,TRUE
088,10,petal,15,3.9764516909687075,4,265.0967793979138,4,0,TRUE
088,10,petal,20,4.413562386057605,4,220.67811930288025,4,0,TRUE
088,10,fugal,10,1.6317481864252827,4,163.1748186425283,4,0,TRUE
088,10,fugal,15,2.9613489220212728,4,197.42326146808483,4,0,TRUE
088,10,fugal,20,3.295742843539918,4,164.78714217699593,4,0,TRUE
088,11,flashbaseline,NA,0.3593871276171669,8,NA,8,0,TRUE
088,11,petal,10,2.4569573779950726,4,245.69573779950727,4,0,TRUE
088,11,petal,15,3.132088209572715,4,208.805880638181,4,0,TRUE
088,11,petal,20,4.311345971544015,4,215.56729857720075,4,0,TRUE
088,11,fugal,10,2.204597330807621,4,220.4597330807621,4,0,TRUE
088,11,fugal,15,4.349517655816682,4,289.96784372111216,4,0,TRUE
088,11,fugal,20,3.5711614789149975,4,178.55807394574987,4,0,TRUE
088,12,flashbaseline,NA,0.6942542236701714,8,NA,8,0,TRUE
088,12,petal,10,2.9244351580022423,4,292.4435158002242,4,0,TRUE
088,12,petal,15,4.107238727313852,4,273.81591515425686,4,0,TRUE
088,12,petal,20,4.698862611985692,4,234.94313059928461,4,0,TRUE
088,12,fugal,10,2.589100295841294,4,258.9100295841294,4,0,TRUE
088,12,fugal,15,2.413353529283939,4,160.89023528559596,4,0,TRUE
088,12,fugal,20,3.15400512079834,4,157.700256039917,4,0,TRUE
