ID,block,FLE_condition,FLE_dva,FLE_ms,n_trials,n_temporal_trials,expected_trials,missing_trials,complete_cell
001,1,flashbaseline,0.44761259003622056,NA,7,0,8,1,FALSE
001,1,petal,4.586908323464585,317.32349202752516,12,12,12,0,TRUE
001,1,fugal,2.6392739187371266,175.47069134796482,12,12,12,0,TRUE
001,2,flashbaseline,0.16018594093811078,NA,8,0,8,0,TRUE
001,2,petal,4.53254932153714,305.95223060910416,12,12,12,0,TRUE
001,2,fugal,2.965202289874909,193.40724927119336,12,12,12,0,TRUE
001,3,flashbaseline,0.3707837550476473,NA,8,0,8,0,TRUE
001,3,petal,4.755959652087123,326.6384054972576,12,12,12,0,TRUE
001,3,fugal,2.565123041335577,170.4548397561477,12,12,12,0,TRUE
001,4,flashbaseline,0.06426222690707374,NA,8,0,8,0,TRUE
001,4,petal,4.920839637063819,341.73866307030806,12,12,12,0,TRUE
001,4,fugal,3.2504226501567532,228.66166588569962,12,12,12,0,TRUE
001,5,flashbaseline,-0.4547886429183896,NA,8,0,8,0,TRUE
001,5,petal,4.155474434451503,292.94346255908266,12,12,12,0,TRUE
001,5,fugal,2.46895988975202,158.41981680731092,12,12,12,0,TRUE
001,6,flashbaseline,-0.15201076921615336,NA,8,0,8,0,TRUE
001,6,petal,5.117517880404097,355.6340208675466,12,12,12,0,TRUE
001,6,fugal,2.8699520079170338,200.75121246485998,12,12,12,0,TRUE
001,7,flashbaseline,-0.43879887597035777,NA,8,0,8,0,TRUE
001,7,petal,4.78028479972706,329.55446498956223,12,12,12,0,TRUE
001,7,fugal,2.677461814137426,178.89431901582853,12,12,12,0,TRUE
001,8,flashbaseline,0.07142362670939528,NA,8,0,8,0,TRUE
001,8,petal,5.347267610320921,375.92775457018234,12,12,12,0,TRUE
001,8,fugal,2.7314816054783786,171.33721435748862,12,12,12,0,TRUE
001,9,flashbaseline,0.7107420724410435,NA,8,0,8,0,TRUE
001,9,petal,4.713805019972708,331.2200608926522,12,12,12,0,TRUE
001,9,fugal,2.152968844924115,136.41523605062613,12,12,12,0,TRUE
001,10,flashbaseline,-0.11733732023756385,NA,8,0,8,0,TRUE
001,10,petal,3.9235215780508716,269.4583905723032,12,12,12,0,TRUE
001,10,fugal,2.3014558895800494,153.9427096533885,12,12,12,0,TRUE
001,11,flashbaseline,0.14786736618388946,NA,8,0,8,0,TRUE
001,11,petal,4.3948486790165004,298.72166358356003,12,12,12,0,TRUE
001,11,fugal,2.2671275978774865,142.83565490590772,12,12,12,0,TRUE
001,12,flashbaseline,-0.3764065412999599,NA,8,0,8,0,TRUE
001,12,petal,4.072637050545313,266.05392957434617,12,12,12,0,TRUE
001,12,fugal,2.642619213519333,166.5554095712216,11,11,12,1,FALSE
002,1,flashbaseline,-0.35387390006467323,NA,8,0,8,0,TRUE
002,1,petal,4.222273798678377,279.52576431195206,12,12,12,0,TRUE
002,1,fugal,1.194594578287578,76.46956773966475,12,12,12,0,TRUE
002,2,flashbaseline,-0.46033310904344005,NA,8,0,8,0,TRUE
002,2,petal,2.0005921122503705,139.53272990564903,12,12,12,0,TRUE
002,2,fugal,-0.8623341152038134,-64.51416424749324,12,12,12,0,TRUE
002,3,flashbaseline,0.0522942471256814,NA,8,0,8,0,TRUE
002,3,petal,1.9507686227023122,131.2802693440385,12,12,12,0,TRUE
002,3,fugal,0.1333758231934446,14.959467905106923,12,12,12,0,TRUE
002,4,flashbaseline,-0.07940549231054624,NA,8,0,8,0,TRUE
002,4,petal,2.4732997631775913,168.46883990934322,12,12,12,0,TRUE
002,4,fugal,-0.8744118891410219,-74.20044578033675,12,12,12,0,TRUE
002,5,flashbaseline,0.4876495375915614,NA,8,0,8,0,TRUE
002,5,petal,2.1681599733953285,166.22337901497684,12,12,12,0,TRUE
002,5,fugal,-0.7695053477889545,-66.57143742487439,12,12,12,0,TRUE
002,6,flashbaseline,0.1387248382101183,NA,8,0,8,0,TRUE
002,6,petal,2.2580396249528483,160.51747371347685,12,12,12,0,TRUE
002,6,fugal,-0.32221539536985727,-13.006270527665736,12,12,12,0,TRUE
002,7,flashbaseline,-0.8179986494117273,NA,8,0,8,0,TRUE
002,7,petal,2.6686829257911953,179.62725827183323,12,12,12,0,TRUE
002,7,fugal,-0.05018983973663207,-6.628201668500786,12,12,12,0,TRUE
002,8,flashbaseline,-0.4916621166293065,NA,8,0,8,0,TRUE
002,8,petal,3.1076943546221147,221.90082435073504,12,12,12,0,TRUE
002,8,fugal,-0.5250094444926174,-60.43916670912079,12,12,12,0,TRUE
002,9,flashbaseline,-0.02604499793145343,NA,8,0,8,0,TRUE
002,9,petal,3.5343728587428043,252.59481124412045,12,12,12,0,TRUE
002,9,fugal,-0.7309428303037356,-48.41863221828476,12,12,12,0,TRUE
002,10,flashbaseline,0.007483246789172046,NA,8,0,8,0,TRUE
002,10,petal,2.669229761382852,181.95154251416076,12,12,12,0,TRUE
002,10,fugal,0.3839679107635706,24.617071900656924,12,12,12,0,TRUE
002,11,flashbaseline,-0.31222327720638005,NA,8,0,8,0,TRUE
002,11,petal,2.708446947496682,172.14471786874626,12,12,12,0,TRUE
002,11,fugal,-1.0329673463834939,-62.413878728698414,12,12,12,0,TRUE
002,12,flashbaseline,0.38887688674373516,NA,8,0,8,0,TRUE
002,12,petal,2.786704454577272,191.7638060388107,12,12,12,0,TRUE
002,12,fugal,-0.8494448498244773,-61.919269568547875,12,12,12,0,TRUE
003,1,flashbaseline,0.3310098223782527,NA,8,0,8,0,TRUE
003,1,petal,3.7714795218739434,252.149575053064,12,12,12,0,TRUE
003,1,fugal,0.222369843737576,25.248870105253406,12,12,12,0,TRUE
003,2,flashbaseline,0.06623917972319998,NA,8,0,8,0,TRUE
003,2,petal,3.555099181231195,240.5633539511395,12,12,12,0,TRUE
003,2,fugal,0.5046133408242971,26.940982079251235,12,12,12,0,TRUE
003,3,flashbaseline,-0.4019245722986575,NA,8,0,8,0,TRUE
003,3,petal,3.4823688117773597,221.1909537017746,12,12,12,0,TRUE
003,3,fugal,0.652296308226424,35.136143622342374,12,12,12,0,TRUE
003,4,flashbaseline,0.654638966792487,NA,8,0,8,0,TRUE
003,4,petal,3.1997622978621756,217.93516629572935,12,12,12,0,TRUE
003,4,fugal,1.406731528502763,97.01216178773197,12,12,12,0,TRUE
003,5,flashbaseline,0.12280310046672312,NA,8,0,8,0,TRUE
003,5,petal,3.7016127484419115,245.662900201845,12,12,12,0,TRUE
003,5,fugal,1.4072685172983812,101.15311699677885,12,12,12,0,TRUE
003,6,flashbaseline,-0.5959749105630944,NA,8,0,8,0,TRUE
003,6,petal,3.8665083091821364,253.60869453216807,12,12,12,0,TRUE
003,6,fugal,0.15872393548699482,21.97219564062349,12,12,12,0,TRUE
003,7,flashbaseline,0.3657299215176306,NA,8,0,8,0,TRUE
003,7,petal,3.318104184443686,220.12209868436133,12,12,12,0,TRUE
003,7,fugal,0.6113663970297258,54.485200238628764,12,12,12,0,TRUE
003,8,flashbaseline,0.6644762914317728,NA,8,0,8,0,TRUE
003,8,petal,3.7282995124012843,259.73863386868874,12,12,12,0,TRUE
003,8,fugal,0.6491504920979401,51.603976169854235,12,12,12,0,TRUE
003,9,flashbaseline,0.7890766140538928,NA,8,0,8,0,TRUE
003,9,petal,3.250575379549122,213.3627848052219,12,12,12,0,TRUE
003,9,fugal,1.4201084138483342,74.60738771304186,12,12,12,0,TRUE
003,10,flashbaseline,-0.45311599677495334,NA,8,0,8,0,TRUE
003,10,petal,3.5535536716704317,232.19388687630064,12,12,12,0,TRUE
003,10,fugal,0.3361292291144508,5.4931634439333425,12,12,12,0,TRUE
003,11,flashbaseline,-0.6696132354001156,NA,8,0,8,0,TRUE
003,11,petal,3.8747997675475,264.0872887420286,12,12,12,0,TRUE
003,11,fugal,0.9823917361066076,64.37231138232967,12,12,12,0,TRUE
003,12,flashbaseline,0.27884689380673117,NA,8,0,8,0,TRUE
003,12,petal,4.278819265767764,286.184776011101,12,12,12,0,TRUE
003,12,fugal,1.2410930217369158,62.009179333800155,12,12,12,0,TRUE
004,1,flashbaseline,0.165171431112434,NA,8,0,8,0,TRUE
004,1,petal,4.34235023262218,304.796160827604,12,12,12,0,TRUE
004,1,fugal,3.511520915541261,241.0462944139469,12,12,12,0,TRUE
004,2,flashbaseline,-0.6545646727590542,NA,8,0,8,0,TRUE
004,2,petal,4.447258404625401,308.45600043657186,12,12,12,0,TRUE
004,2,fugal,2.53425555485463,154.65062514743863,12,12,12,0,TRUE
004,3,flashbaseline,0.40867028755609736,NA,8,0,8,0,TRUE
004,3,petal,4.261930105885971,294.5901921254426,12,12,12,0,TRUE
004,3,fugal,1.5382572572231676,104.40909104150298,12,12,12,0,TRUE
004,4,flashbaseline,0.14886591577820185,NA,8,0,8,0,TRUE
004,4,petal,3.785305707160197,259.58564453377124,12,12,12,0,TRUE
004,4,fugal,1.3822952929719312,88.42191077826922,12,12,12,0,TRUE
004,5,flashbaseline,-0.07112785351232132,NA,8,0,8,0,TRUE
004,5,petal,4.037960244380045,272.14421296168075,11,11,12,1,FALSE
004,5,fugal,1.5471660715020628,103.38380659817967,12,12,12,0,TRUE
004,6,flashbaseline,-0.21830037959214024,NA,8,0,8,0,TRUE
004,6,petal,3.7107134127178694,256.74183909372454,11,11,12,1,FALSE
004,6,fugal,0.5392729351306265,23.214619424454032,12,12,12,0,TRUE
004,7,flashbaseline,-0.40411807891409474,NA,8,0,8,0,TRUE
004,7,petal,3.8893149237193216,265.16159145452497,12,12,12,0,TRUE
004,7,fugal,0.7859077979776148,59.56262519684567,12,12,12,0,TRUE
004,8,flashbaseline,-0.19391066131505852,NA,8,0,8,0,TRUE
004,8,petal,3.768163648882876,257.9059275159992,12,12,12,0,TRUE
004,8,fugal,0.429494643373981,16.88883829760211,12,12,12,0,TRUE
004,9,flashbaseline,-0.2593476831748314,NA,8,0,8,0,TRUE
004,9,petal,3.8128315601578033,263.54024454047055,12,12,12,0,TRUE
004,9,fugal,0.6615729046422119,39.43468577698968,12,12,12,0,TRUE
004,10,flashbaseline,0.2844228524713979,NA,8,0,8,0,TRUE
004,10,petal,3.766866271196507,258.8705010447429,12,12,12,0,TRUE
004,10,fugal,0.8176255284232846,56.07788360730418,12,12,12,0,TRUE
004,11,flashbaseline,-0.39472720974235503,NA,8,0,8,0,TRUE
004,11,petal,4.1364774142316,285.80878339573746,12,12,12,0,TRUE
004,11,fugal,0.27476795190589587,5.87128034155649,12,12,12,0,TRUE
004,12,flashbaseline,0.031055310837992733,NA,8,0,8,0,TRUE
004,12,petal,3.6092545212585265,248.91839760422224,12,12,12,0,TRUE
004,12,fugal,0.05913498069696052,-9.974106134051457,12,12,12,0,TRUE
005,1,flashbaseline,0.259478052125,NA,8,0,8,0,TRUE
005,1,petal,1.6058112463333334,112.04309337222222,12,12,12,0,TRUE
005,1,fugal,-0.3144057903333334,-21.254835687499998,12,12,12,0,TRUE
005,2,flashbaseline,-0.27051780875000003,NA,8,0,8,0,TRUE
005,2,petal,2.0033467983333333,140.8155916763889,12,12,12,0,TRUE
005,2,fugal,-0.9189262989166667,-79.52907420833333,12,12,12,0,TRUE
005,3,flashbaseline,0.550031321375,NA,8,0,8,0,TRUE
005,3,petal,2.1647779675833334,153.86022237777777,12,12,12,0,TRUE
005,3,fugal,-0.18864127791666668,-15.94936729027778,12,12,12,0,TRUE
005,4,flashbaseline,-0.20053863287499998,NA,8,0,8,0,TRUE
005,4,petal,1.6630227381666667,109.69361040138888,12,12,12,0,TRUE
005,4,fugal,0.06205424700000004,-3.949780818181813,11,11,12,1,FALSE
005,5,flashbaseline,0.11550860400000007,NA,8,0,8,0,TRUE
005,5,petal,1.6239361212499999,115.94455749305556,12,12,12,0,TRUE
005,5,fugal,-1.4412734310833333,-100.45971663750001,12,12,12,0,TRUE
005,6,flashbaseline,-0.034456004374999905,NA,8,0,8,0,TRUE
005,6,petal,1.4062542785833334,99.13482830972222,12,12,12,0,TRUE
005,6,fugal,-0.3627009963333333,-34.26910688055555,12,12,12,0,TRUE
005,7,flashbaseline,0.5056629232500001,NA,8,0,8,0,TRUE
005,7,petal,0.8896514611666666,64.56613399861111,12,12,12,0,TRUE
005,7,fugal,-0.9655719330833333,-62.149271505555554,12,12,12,0,TRUE
005,8,flashbaseline,-0.5410083371250001,NA,8,0,8,0,TRUE
005,8,petal,1.122101846,76.98599032916667,12,12,12,0,TRUE
005,8,fugal,-0.7065866466666666,-65.31245109861112,12,12,12,0,TRUE
005,9,flashbaseline,-0.38005507825000007,NA,8,0,8,0,TRUE
005,9,petal,2.254038233166667,151.09862924722222,12,12,12,0,TRUE
005,9,fugal,0.17461048708333335,5.249447059722216,12,12,12,0,TRUE
005,10,flashbaseline,-0.5240384097499999,NA,8,0,8,0,TRUE
005,10,petal,1.7614129718333333,124.68761988472222,12,12,12,0,TRUE
005,10,fugal,-0.08410305141666669,-8.928784890277774,12,12,12,0,TRUE
005,11,flashbaseline,0.24149959562499995,NA,8,0,8,0,TRUE
005,11,petal,2.5847419120833335,183.32072026527777,12,12,12,0,TRUE
005,11,fugal,-0.6125999186666666,-53.22977612361111,12,12,12,0,TRUE
005,12,flashbaseline,0.14468415012500002,NA,8,0,8,0,TRUE
005,12,petal,2.4552377932500002,161.68286941527776,12,12,12,0,TRUE
005,12,fugal,-0.84281363875,-58.792000525,12,12,12,0,TRUE
006,1,flashbaseline,-0.5367183271908034,NA,8,0,8,0,TRUE
006,1,petal,4.460348698180432,317.90217906561367,12,12,12,0,TRUE
006,1,fugal,-1.1141389474336159,-73.87617956145547,12,12,12,0,TRUE
006,2,flashbaseline,-0.42963166181699536,NA,8,0,8,0,TRUE
006,2,petal,3.804383307548226,262.0494162358999,12,12,12,0,TRUE
006,2,fugal,-1.397381038325189,-96.72540808484575,11,11,12,1,FALSE
006,3,flashbaseline,0.34645886551499233,NA,8,0,8,0,TRUE
006,3,petal,3.5869818802406725,245.66656076674522,12,12,12,0,TRUE
006,3,fugal,-1.3257690379805642,-99.59089859323886,12,12,12,0,TRUE
006,4,flashbaseline,0.20216569024567566,NA,8,0,8,0,TRUE
006,4,petal,3.7625520182615766,257.20637840026785,12,12,12,0,TRUE
006,4,fugal,-0.9641142092617558,-62.08552477797002,12,12,12,0,TRUE
006,5,flashbaseline,0.045945367716026475,NA,8,0,8,0,TRUE
006,5,petal,2.6300132424435394,184.4349547276193,12,12,12,0,TRUE
006,5,fugal,-1.715045048344587,-113.66172691878333,12,12,12,0,TRUE
006,6,flashbaseline,-0.4088658749932361,NA,8,0,8,0,TRUE
006,6,petal,2.327883653022716,162.14492334504504,12,12,12,0,TRUE
006,6,fugal,-1.9543061385094258,-137.0726464744022,12,12,12,0,TRUE
006,7,flashbaseline,-0.018347688157303726,NA,8,0,8,0,TRUE
006,7,petal,2.1247106103780657,147.38915604497734,12,12,12,0,TRUE
006,7,fugal,-1.2206915984755087,-80.44731898381471,12,12,12,0,TRUE
006,8,flashbaseline,0.29045424681247434,NA,8,0,8,0,TRUE
006,8,petal,1.8474930533322778,130.9208435551751,12,12,12,0,TRUE
006,8,fugal,-1.2450340609987067,-91.30418669953754,12,12,12,0,TRUE
006,9,flashbaseline,-0.031685082401695486,NA,8,0,8,0,TRUE
006,9,petal,1.9339033250408897,135.83587513900025,12,12,12,0,TRUE
006,9,fugal,-1.5863847090923606,-110.12385591982795,12,12,12,0,TRUE
006,10,flashbaseline,-0.012815644093607581,NA,8,0,8,0,TRUE
006,10,petal,1.9413311590825761,132.01706676747835,12,12,12,0,TRUE
006,10,fugal,-1.940431923819745,-128.4600480644522,12,12,12,0,TRUE
006,11,flashbaseline,0.4537836237945398,NA,8,0,8,0,TRUE
006,11,petal,2.148642037628746,149.6720897702158,12,12,12,0,TRUE
006,11,fugal,-1.6909202185426337,-118.3705438987198,11,11,12,1,FALSE
006,12,flashbaseline,-0.28721802434593224,NA,8,0,8,0,TRUE
006,12,petal,2.0500360164756675,146.1912562263462,12,12,12,0,TRUE
006,12,fugal,-1.6574343041535324,-121.16514369809465,12,12,12,0,TRUE
007,1,flashbaseline,-0.4579890876803949,NA,8,0,8,0,TRUE
007,1,petal,1.7235734552459956,123.69122290958663,12,12,12,0,TRUE
007,1,fugal,1.0621273285894748,84.26090854377694,12,12,12,0,TRUE
007,2,flashbaseline,-0.8818494764205822,NA,8,0,8,0,TRUE
007,2,petal,2.01212339333832,131.7756107830714,12,12,12,0,TRUE
007,2,fugal,1.2242557002371086,84.3145613549017,12,12,12,0,TRUE
007,3,flashbaseline,0.25469531973614346,NA,8,0,8,0,TRUE
007,3,petal,2.1956257020416974,138.42749038291146,12,12,12,0,TRUE
007,3,fugal,1.6869129901259177,118.71646901671312,12,12,12,0,TRUE
007,4,flashbaseline,0.011489538067890492,NA,8,0,8,0,TRUE
007,4,petal,2.1844030260816183,147.21337217082683,12,12,12,0,TRUE
007,4,fugal,1.1766205358687798,79.7429763680602,12,12,12,0,TRUE
007,5,flashbaseline,-0.16734915484054694,NA,8,0,8,0,TRUE
007,5,petal,2.1733988745824173,164.40893816318365,12,12,12,0,TRUE
007,5,fugal,1.1351700115540513,70.231876064244,12,12,12,0,TRUE
007,6,flashbaseline,-0.25070370811482323,NA,8,0,8,0,TRUE
007,6,petal,2.0460798003524605,130.8279380554549,12,12,12,0,TRUE
007,6,fugal,0.4027935581849692,21.579892498800245,12,12,12,0,TRUE
007,7,flashbaseline,-0.5013407137828065,NA,8,0,8,0,TRUE
007,7,petal,2.1395431622336973,146.75297203002486,12,12,12,0,TRUE
007,7,fugal,0.7574582316348214,47.8108008102682,12,12,12,0,TRUE
007,8,flashbaseline,-0.5543949868309357,NA,8,0,8,0,TRUE
007,8,petal,2.2359002917022512,162.24892605442096,12,12,12,0,TRUE
007,8,fugal,0.9053130643726861,56.74086853883003,12,12,12,0,TRUE
007,9,flashbaseline,-0.08149309598142303,NA,8,0,8,0,TRUE
007,9,petal,2.4404577199901203,165.679803919266,12,12,12,0,TRUE
007,9,fugal,0.265831292955319,12.366576915951006,12,12,12,0,TRUE
007,10,flashbaseline,0.6687397183666941,NA,8,0,8,0,TRUE
007,10,petal,2.2224128823155707,156.48418410891804,12,12,12,0,TRUE
007,10,fugal,0.4974641379640234,34.09757623432102,12,12,12,0,TRUE
007,11,flashbaseline,-0.6217718886283833,NA,8,0,8,0,TRUE
007,11,petal,2.7858288844413024,188.73103871829036,12,12,12,0,TRUE
007,11,fugal,0.1595474660756201,15.906644268851407,12,12,12,0,TRUE
007,12,flashbaseline,-0.16666583623322145,NA,8,0,8,0,TRUE
007,12,petal,3.026291805838935,203.11081447790673,12,12,12,0,TRUE
007,12,fugal,0.3929258469227584,33.48218488486399,12,12,12,0,TRUE
008,1,flashbaseline,-0.39204171938195115,NA,8,0,8,0,TRUE
008,1,petal,2.044847776617505,145.4317952768925,12,12,12,0,TRUE
008,1,fugal,1.0637718897459318,72.20738539283454,12,12,12,0,TRUE
008,2,flashbaseline,-0.11523559335381262,NA,8,0,8,0,TRUE
008,2,petal,2.100385533010084,159.6149764272012,12,12,12,0,TRUE
008,2,fugal,-0.7018650686769612,-49.87515033390723,12,12,12,0,TRUE
008,3,flashbaseline,-0.42615816183656624,NA,8,0,8,0,TRUE
008,3,petal,2.4214367280046285,175.19080691104458,12,12,12,0,TRUE
008,3,fugal,-1.1921092329943455,-66.69388432885246,12,12,12,0,TRUE
008,4,flashbaseline,0.23964730730294354,NA,8,0,8,0,TRUE
008,4,petal,3.06763086888207,205.7240352711099,12,12,12,0,TRUE
008,4,fugal,-1.5497286841330908,-108.92879533026212,12,12,12,0,TRUE
008,5,flashbaseline,0.5224031115565613,NA,8,0,8,0,TRUE
008,5,petal,2.0417826356102267,131.81793638354168,12,12,12,0,TRUE
008,5,fugal,0.3924125254949949,17.31309294449248,12,12,12,0,TRUE
008,6,flashbaseline,0.3953813491164613,NA,8,0,8,0,TRUE
008,6,petal,2.570109793130619,178.46297008828154,12,12,12,0,TRUE
008,6,fugal,-0.4878387724291451,-37.51794664411149,12,12,12,0,TRUE
008,7,flashbaseline,-0.6579819630387952,NA,8,0,8,0,TRUE
008,7,petal,2.841475035394321,197.21184219374828,12,12,12,0,TRUE
008,7,fugal,-0.42097888516488036,-31.091089627630417,12,12,12,0,TRUE
008,8,flashbaseline,-0.12174773333329059,NA,8,0,8,0,TRUE
008,8,petal,2.1160975423923816,135.6568940138128,12,12,12,0,TRUE
008,8,fugal,-1.8669260328071213,-122.96747107039664,12,12,12,0,TRUE
008,9,flashbaseline,-0.35947994670155237,NA,8,0,8,0,TRUE
008,9,petal,1.6825988506884435,106.5484561150836,12,12,12,0,TRUE
008,9,fugal,-1.2814895640616382,-83.21213764892381,12,12,12,0,TRUE
008,10,flashbaseline,-0.19244698565802332,NA,8,0,8,0,TRUE
008,10,petal,1.6791040717271872,104.53233341613999,12,12,12,0,TRUE
008,10,fugal,-0.8094051891346117,-77.06437061950984,12,12,12,0,TRUE
008,11,flashbaseline,0.42497051469379754,NA,8,0,8,0,TRUE
008,11,petal,2.4007478782791027,177.6002046166203,12,12,12,0,TRUE
008,11,fugal,-0.7844621660147875,-49.67570210420545,12,12,12,0,TRUE
008,12,flashbaseline,-1.690419183537628e-4,NA,8,0,8,0,TRUE
008,12,petal,2.048799756152334,143.51691203236823,12,12,12,0,TRUE
008,12,fugal,-1.4755350899840631,-105.90882645025752,12,12,12,0,TRUE
009,1,flashbaseline,0.21723699407729857,NA,8,0,8,0,TRUE
009,1,petal,2.4577450806774657,166.65317141489857,12,12,12,0,TRUE
009,1,fugal,-0.13909566410506516,-5.639139651406942,12,12,12,0,TRUE
009,2,flashbaseline,-0.10216387070619452,NA,8,0,8,0,TRUE
009,2,petal,3.6277836524299274,255.0540852172059,12,12,12,0,TRUE
009,2,fugal,0.4619502909808513,37.183375216155106,12,12,12,0,TRUE
009,3,flashbaseline,-0.43466950201770105,NA,8,0,8,0,TRUE
009,3,petal,4.481563710632999,310.81308822699117,12,12,12,0,TRUE
009,3,fugal,0.6862720845302119,50.40991931582996,12,12,12,0,TRUE
009,4,flashbaseline,-0.45988467970394126,NA,8,0,8,0,TRUE
009,4,petal,4.233767474184931,289.16504974539123,12,12,12,0,TRUE
009,4,fugal,0.20668525679407565,19.323632455598332,12,12,12,0,TRUE
009,5,flashbaseline,0.4789082508751138,NA,8,0,8,0,TRUE
009,5,petal,4.274959221579825,287.9703034742433,12,12,12,0,TRUE
009,5,fugal,-0.27429889423523823,-25.866961517103118,12,12,12,0,TRUE
009,6,flashbaseline,-0.4794466747774367,NA,8,0,8,0,TRUE
009,6,petal,3.9628100553299257,255.52762672813716,12,12,12,0,TRUE
009,6,fugal,-0.8053484782916478,-52.568900965821705,12,12,12,0,TRUE
009,7,flashbaseline,0.0211322110162101,NA,8,0,8,0,TRUE
009,7,petal,4.370360425844611,301.4646309356575,12,12,12,0,TRUE
009,7,fugal,0.49493875610365906,34.826111956009804,12,12,12,0,TRUE
009,8,flashbaseline,0.0415895684339874,NA,8,0,8,0,TRUE
009,8,petal,3.845551567400015,257.5815462183896,12,12,12,0,TRUE
009,8,fugal,0.9412627957735674,66.65986860040482,12,12,12,0,TRUE
009,9,flashbaseline,0.12503371933777574,NA,8,0,8,0,TRUE
009,9,petal,3.512807745607198,231.88148123029367,12,12,12,0,TRUE
009,9,fugal,0.6995819578561068,48.594916621933784,12,12,12,0,TRUE
009,10,flashbaseline,-0.02478707859171514,NA,8,0,8,0,TRUE
009,10,petal,3.404288544317675,225.3925666818974,12,12,12,0,TRUE
009,10,fugal,0.9140274428162114,63.702183979808495,12,12,12,0,TRUE
009,11,flashbaseline,-0.545286261672495,NA,8,0,8,0,TRUE
009,11,petal,3.81867587034841,253.90020419723777,12,12,12,0,TRUE
009,11,fugal,1.1555238058036998,90.92030205116113,12,12,12,0,TRUE
009,12,flashbaseline,0.36337267249830213,NA,8,0,8,0,TRUE
009,12,petal,3.5330179731116225,223.53451354954012,12,12,12,0,TRUE
009,12,fugal,1.8941097200928536,114.4121440020735,12,12,12,0,TRUE
010,1,flashbaseline,-0.21100244262677584,NA,8,0,8,0,TRUE
010,1,petal,3.0338553750450834,217.02818937473813,12,12,12,0,TRUE
010,1,fugal,-0.3467587959225643,-15.482813164518905,12,12,12,0,TRUE
010,2,flashbaseline,-0.42242830882323595,NA,8,0,8,0,TRUE
010,2,petal,2.1529177177722882,173.73522921323382,12,12,12,0,TRUE
010,2,fugal,-0.6963420176039511,-54.52584148595331,12,12,12,0,TRUE
010,3,flashbaseline,1.063744388878159,NA,8,0,8,0,TRUE
010,3,petal,3.0352393964768916,206.30828542920366,12,12,12,0,TRUE
010,3,fugal,0.06441634511240472,1.7810321127806268,12,12,12,0,TRUE
010,4,flashbaseline,-0.36671256488609283,NA,8,0,8,0,TRUE
010,4,petal,2.238514031342039,162.41044277058833,12,12,12,0,TRUE
010,4,fugal,-0.8087264289393256,-56.90667565624999,12,12,12,0,TRUE
010,5,flashbaseline,0.11068868757864733,NA,8,0,8,0,TRUE
010,5,petal,2.569974571020216,178.68026737737122,12,12,12,0,TRUE
010,5,fugal,-0.7239053779319838,-64.19784763295966,12,12,12,0,TRUE
010,6,flashbaseline,-0.011687210214209043,NA,8,0,8,0,TRUE
010,6,petal,1.5984292635442228,123.35398210902919,12,12,12,0,TRUE
010,6,fugal,-2.6166807776463084,-182.23258847780895,12,12,12,0,TRUE
010,7,flashbaseline,-0.5041190456520475,NA,8,0,8,0,TRUE
010,7,petal,0.6936792547124095,53.845063083530476,12,12,12,0,TRUE
010,7,fugal,-2.8469372269119733,-196.06490986025076,12,12,12,0,TRUE
010,8,flashbaseline,0.9127613636679704,NA,8,0,8,0,TRUE
010,8,petal,0.19614517156909636,22.28821705247188,12,12,12,0,TRUE
010,8,fugal,-2.9127993114243877,-185.76674979589754,12,12,12,0,TRUE
010,9,flashbaseline,-0.12273774722395145,NA,8,0,8,0,TRUE
010,9,petal,0.5006793740423322,34.117818738643216,12,12,12,0,TRUE
010,9,fugal,-2.3617935771268788,-177.8903748408707,12,12,12,0,TRUE
010,10,flashbaseline,0.6154307923961521,NA,8,0,8,0,TRUE
010,10,petal,0.621251550345475,42.89868799479591,12,12,12,0,TRUE
010,10,fugal,-3.0018755360095604,-208.95370003653485,12,12,12,0,TRUE
010,11,flashbaseline,-0.1487571375543492,NA,8,0,8,0,TRUE
010,11,petal,2.617185778439813,186.61177736118685,12,12,12,0,TRUE
010,11,fugal,-2.990981698583979,-225.90523503371153,12,12,12,0,TRUE
010,12,flashbaseline,0.10278384521242709,NA,8,0,8,0,TRUE
010,12,petal,0.9773555277399164,71.35981021010419,12,12,12,0,TRUE
010,12,fugal,-2.765176778893029,-208.33153626754006,12,12,12,0,TRUE
011,1,flashbaseline,-0.9305018596266756,NA,8,0,8,0,TRUE
011,1,petal,2.0955068280149187,157.89097357930544,12,12,12,0,TRUE
011,1,fugal,2.347487462186109,161.8057124707655,12,12,12,0,TRUE
011,2,flashbaseline,0.10396894077461163,NA,8,0,8,0,TRUE
011,2,petal,2.431473660646521,163.7602621139324,12,12,12,0,TRUE
011,2,fugal,2.844958510152511,197.38980297586298,12,12,12,0,TRUE
011,3,flashbaseline,-0.4432221027697786,NA,8,0,8,0,TRUE
011,3,petal,2.471506821833613,156.84898940108576,12,12,12,0,TRUE
011,3,fugal,2.991853311324192,203.97240091359313,12,12,12,0,TRUE
011,4,flashbaseline,-0.11871842214314857,NA,8,0,8,0,TRUE
011,4,petal,2.697899439336274,177.73047584687325,12,12,12,0,TRUE
011,4,fugal,3.5063678789751185,241.05334592482137,12,12,12,0,TRUE
011,5,flashbaseline,0.5048837402891964,NA,8,0,8,0,TRUE
011,5,petal,3.0788129514499394,209.3481965478965,12,12,12,0,TRUE
011,5,fugal,3.7727174248766557,263.1067968158987,11,11,12,1,FALSE
011,6,flashbaseline,0.5333914386010158,NA,8,0,8,0,TRUE
011,6,petal,3.2071700418351714,207.58258646522907,12,12,12,0,TRUE
011,6,fugal,3.2296560944714634,241.22659218014323,12,12,12,0,TRUE
011,7,flashbaseline,-0.6008335623470913,NA,8,0,8,0,TRUE
011,7,petal,3.2177896071649474,219.79021379775037,12,12,12,0,TRUE
011,7,fugal,2.354609537304882,159.80840222415145,12,12,12,0,TRUE
011,8,flashbaseline,0.3299756587203605,NA,8,0,8,0,TRUE
011,8,petal,3.735200870280405,261.79377770698477,12,12,12,0,TRUE
011,8,fugal,2.5386482894502453,175.4237394624917,12,12,12,0,TRUE
011,9,flashbaseline,0.1959081727996574,NA,8,0,8,0,TRUE
011,9,petal,3.2575533929971243,214.81871760940717,12,12,12,0,TRUE
011,9,fugal,2.893163055615303,207.7723111471101,12,12,12,0,TRUE
011,10,flashbaseline,-1.2951402740566842,NA,8,0,8,0,TRUE
011,10,petal,4.14725055646269,277.098700828951,12,12,12,0,TRUE
011,10,fugal,3.8323882297603626,259.0752847026555,11,11,12,1,FALSE
011,11,flashbaseline,-0.10535574461180969,NA,8,0,8,0,TRUE
011,11,petal,3.3404433945386107,221.97613149453196,12,12,12,0,TRUE
011,11,fugal,2.5681190381096366,168.53878881238697,12,12,12,0,TRUE
011,12,flashbaseline,-0.5555768401504848,NA,8,0,8,0,TRUE
011,12,petal,3.0954275342786044,209.83181426311984,12,12,12,0,TRUE
011,12,fugal,3.409591826836904,232.74190021819265,12,12,12,0,TRUE
012,1,flashbaseline,-0.26066866376356856,NA,8,0,8,0,TRUE
012,1,petal,3.4452470786647114,245.34413426482513,12,12,12,0,TRUE
012,1,fugal,0.9308187512270606,67.5767739439932,12,12,12,0,TRUE
012,2,flashbaseline,0.052677292072495774,NA,8,0,8,0,TRUE
012,2,petal,4.0859332911477715,294.114672084853,12,12,12,0,TRUE
012,2,fugal,0.14583528790712666,10.92046528006338,12,12,12,0,TRUE
012,3,flashbaseline,0.3415800584967695,NA,8,0,8,0,TRUE
012,3,petal,2.785728260402981,190.1999435598113,12,12,12,0,TRUE
012,3,fugal,1.4945358605992347,98.47382984118481,12,12,12,0,TRUE
012,4,flashbaseline,0.22832027494149507,NA,8,0,8,0,TRUE
012,4,petal,3.5777735538205198,241.86850337594214,12,12,12,0,TRUE
012,4,fugal,1.5561318556059698,115.67528450248095,12,12,12,0,TRUE
012,5,flashbaseline,-0.8883465866423694,NA,8,0,8,0,TRUE
012,5,petal,3.737733516054281,263.69307488871067,12,12,12,0,TRUE
012,5,fugal,1.3014652748849018,95.80909733764615,12,12,12,0,TRUE
012,6,flashbaseline,0.15178589735908843,NA,8,0,8,0,TRUE
012,6,petal,3.12014105280058,210.8328078804433,12,12,12,0,TRUE
012,6,fugal,1.5429593297313153,102.60657727431881,12,12,12,0,TRUE
012,7,flashbaseline,0.752619898676494,NA,8,0,8,0,TRUE
012,7,petal,3.2914343884603956,221.90325590315302,12,12,12,0,TRUE
012,7,fugal,1.155159057974965,58.132782307739895,12,12,12,0,TRUE
012,8,flashbaseline,0.8238890470140434,NA,8,0,8,0,TRUE
012,8,petal,3.570495444580178,254.95834206025592,12,12,12,0,TRUE
012,8,fugal,1.253657911922033,78.77497743858392,12,12,12,0,TRUE
012,9,flashbaseline,0.09601832525838973,NA,8,0,8,0,TRUE
012,9,petal,2.122938764566366,157.20085651250415,12,12,12,0,TRUE
012,9,fugal,0.12902238534685104,-0.6482298061059275,12,12,12,0,TRUE
012,10,flashbaseline,0.1762648190051183,NA,8,0,8,0,TRUE
012,10,petal,4.48481575248593,319.90795093444217,12,12,12,0,TRUE
012,10,fugal,0.4383723551911186,19.780577916044894,12,12,12,0,TRUE
012,11,flashbaseline,0.46286148799040244,NA,8,0,8,0,TRUE
012,11,petal,4.754537447320843,324.85650951985184,12,12,12,0,TRUE
012,11,fugal,0.4149368477173445,10.416178760868007,12,12,12,0,TRUE
012,12,flashbaseline,-0.16025358240256601,NA,8,0,8,0,TRUE
012,12,petal,3.6807508557101882,249.64530348632272,12,12,12,0,TRUE
012,12,fugal,0.5482426733675918,37.57334020111979,12,12,12,0,TRUE
013,1,flashbaseline,-0.12829169569202858,NA,8,0,8,0,TRUE
013,1,petal,2.3812609033181262,155.75839009219789,12,12,12,0,TRUE
013,1,fugal,-1.2758822395586895,-96.6910217031766,12,12,12,0,TRUE
013,2,flashbaseline,0.16164015065351434,NA,8,0,8,0,TRUE
013,2,petal,2.1389842519382625,156.1323489390541,12,12,12,0,TRUE
013,2,fugal,-1.1940924808173061,-78.19894199152807,12,12,12,0,TRUE
013,3,flashbaseline,0.00904690271209102,NA,8,0,8,0,TRUE
013,3,petal,3.227889375138193,225.280023070909,12,12,12,0,TRUE
013,3,fugal,-1.8755816577743467,-142.24798583760705,12,12,12,0,TRUE
013,4,flashbaseline,-0.7958338749700393,NA,8,0,8,0,TRUE
013,4,petal,3.1054620323011295,212.48488059583246,12,12,12,0,TRUE
013,4,fugal,-1.561653389099963,-118.74457007422666,12,12,12,0,TRUE
013,5,flashbaseline,0.11770196472797988,NA,8,0,8,0,TRUE
013,5,petal,3.7594910606410474,271.22670969458744,12,12,12,0,TRUE
013,5,fugal,-1.786046502353265,-121.61309977105864,12,12,12,0,TRUE
013,6,flashbaseline,0.12983597337248493,NA,8,0,8,0,TRUE
013,6,petal,3.179600951312043,217.97672612767215,12,12,12,0,TRUE
013,6,fugal,-1.6436890446419548,-107.17999475985273,12,12,12,0,TRUE
013,7,flashbaseline,-0.5918986869613752,NA,8,0,8,0,TRUE
013,7,petal,3.2796735955296543,229.58748366927915,12,12,12,0,TRUE
013,7,fugal,-1.6792523664926746,-116.6409459886559,12,12,12,0,TRUE
013,8,flashbaseline,-0.2903755390916213,NA,8,0,8,0,TRUE
013,8,petal,3.4275060837055293,246.53150029160287,12,12,12,0,TRUE
013,8,fugal,-2.023020489086481,-140.9928698295956,12,12,12,0,TRUE
013,9,flashbaseline,0.36213588205790104,NA,8,0,8,0,TRUE
013,9,petal,3.2891376259457408,234.6264368547679,12,12,12,0,TRUE
013,9,fugal,-2.3221421644937417,-169.00952723370543,12,12,12,0,TRUE
013,10,flashbaseline,-0.4870600847039157,NA,8,0,8,0,TRUE
013,10,petal,2.6769864782029766,179.23945030098056,12,12,12,0,TRUE
013,10,fugal,-2.3313569498169113,-158.14902646088842,12,12,12,0,TRUE
013,11,flashbaseline,-0.2249337389502627,NA,8,0,8,0,TRUE
013,11,petal,3.354890374528475,236.69486279531725,12,12,12,0,TRUE
013,11,fugal,-2.3504007454670384,-172.30292883770704,12,12,12,0,TRUE
013,12,flashbaseline,-0.3181667833268456,NA,8,0,8,0,TRUE
013,12,petal,2.869605442405912,198.90939124131327,12,12,12,0,TRUE
013,12,fugal,-1.630391966646853,-119.17265790993706,12,12,12,0,TRUE
014,1,flashbaseline,0.25030652046185026,NA,8,0,8,0,TRUE
014,1,petal,4.891889322934334,358.72264499305277,12,12,12,0,TRUE
014,1,fugal,-1.9764737632512643,-155.941845584303,12,12,12,0,TRUE
014,2,flashbaseline,-0.6384602860688278,NA,8,0,8,0,TRUE
014,2,petal,4.294986065573042,312.19970981097987,12,12,12,0,TRUE
014,2,fugal,-1.138423163486349,-99.0554297997197,12,12,12,0,TRUE
014,3,flashbaseline,0.2009284491804726,NA,8,0,8,0,TRUE
014,3,petal,4.314660476699869,296.85221875071295,12,12,12,0,TRUE
014,3,fugal,-2.273770430647207,-163.76901276299787,12,12,12,0,TRUE
014,4,flashbaseline,0.23731730873731016,NA,8,0,8,0,TRUE
014,4,petal,4.4625800759229755,337.2204826409641,12,12,12,0,TRUE
014,4,fugal,-1.1641328736351977,-93.60085508485113,12,12,12,0,TRUE
014,5,flashbaseline,-0.5708701303121092,NA,8,0,8,0,TRUE
014,5,petal,4.262045008673838,300.61040454717505,12,12,12,0,TRUE
014,5,fugal,-2.6829074320863264,-188.88963353675416,12,12,12,0,TRUE
014,6,flashbaseline,0.2665200606948638,NA,8,0,8,0,TRUE
014,6,petal,3.7471159610937215,279.0839598960218,12,12,12,0,TRUE
014,6,fugal,-1.3495391027503763,-108.7879894247013,12,12,12,0,TRUE
014,7,flashbaseline,-0.3165201211205664,NA,8,0,8,0,TRUE
014,7,petal,4.057795169796381,287.1885143197407,12,12,12,0,TRUE
014,7,fugal,-2.5282012900961024,-175.83605881360802,12,12,12,0,TRUE
014,8,flashbaseline,0.017492134442473883,NA,8,0,8,0,TRUE
014,8,petal,4.571341719785174,325.02628704271723,12,12,12,0,TRUE
014,8,fugal,-2.5794131035655288,-182.08479289420777,12,12,12,0,TRUE
014,9,flashbaseline,0.20153023829972916,NA,8,0,8,0,TRUE
014,9,petal,3.2141195788809807,231.05778132925778,12,12,12,0,TRUE
014,9,fugal,-2.104968357323482,-153.50233424346595,12,12,12,0,TRUE
014,10,flashbaseline,1.0306063861696195,NA,8,0,8,0,TRUE
014,10,petal,3.969236231458496,288.4766039407107,12,12,12,0,TRUE
014,10,fugal,-2.5962726910633194,-170.91889833380603,12,12,12,0,TRUE
014,11,flashbaseline,-0.5177520377915301,NA,8,0,8,0,TRUE
014,11,petal,4.903833404999563,356.1747570085052,12,12,12,0,TRUE
014,11,fugal,-1.9156026987214823,-135.81097540822145,12,12,12,0,TRUE
014,12,flashbaseline,0.8760947813362102,NA,8,0,8,0,TRUE
014,12,petal,3.8952709279131525,257.8474311087465,12,12,12,0,TRUE
014,12,fugal,-0.7559665814396771,-43.478976221427224,12,12,12,0,TRUE
015,1,flashbaseline,0.04620641287499999,NA,8,0,8,0,TRUE
015,1,petal,2.5266593705833333,172.0401839597222,12,12,12,0,TRUE
015,1,fugal,1.2710328714166665,76.50008425416667,12,12,12,0,TRUE
015,2,flashbaseline,0.17243363187499997,NA,8,0,8,0,TRUE
015,2,petal,2.2060417989166665,151.29055294305556,12,12,12,0,TRUE
015,2,fugal,1.1866488558333332,76.01296612361112,12,12,12,0,TRUE
015,3,flashbaseline,0.6959878445000001,NA,8,0,8,0,TRUE
015,3,petal,2.4938599125,170.03877860833333,12,12,12,0,TRUE
015,3,fugal,1.752513202090909,113.58877697727273,11,11,12,1,FALSE
015,4,flashbaseline,0.18229087999999993,NA,8,0,8,0,TRUE
015,4,petal,3.3853054365,228.40215284027778,12,12,12,0,TRUE
015,4,fugal,0.896479471,47.83013713194444,12,12,12,0,TRUE
015,5,flashbaseline,-0.382422954375,NA,8,0,8,0,TRUE
015,5,petal,3.777996278333333,248.13671084722222,12,12,12,0,TRUE
015,5,fugal,1.1004648400833335,75.39864599166667,12,12,12,0,TRUE
015,6,flashbaseline,0.32624837975,NA,8,0,8,0,TRUE
015,6,petal,3.1471904478333332,211.2840892763889,12,12,12,0,TRUE
015,6,fugal,0.7180496861666668,68.92482005833332,12,12,12,0,TRUE
015,7,flashbaseline,0.428814451875,NA,8,0,8,0,TRUE
015,7,petal,3.7869568639166666,253.80190906944446,12,12,12,0,TRUE
015,7,fugal,-0.16862073425,-32.05035177361111,12,12,12,0,TRUE
015,8,flashbaseline,0.08130337375000014,NA,8,0,8,0,TRUE
015,8,petal,3.89462794625,251.1792480486111,12,12,12,0,TRUE
015,8,fugal,0.12176942566666672,14.358596504166666,12,12,12,0,TRUE
015,9,flashbaseline,0.25579788624999994,NA,8,0,8,0,TRUE
015,9,petal,3.6702676040833335,235.50132569583332,12,12,12,0,TRUE
015,9,fugal,1.3716933596666667,93.41480979583334,12,12,12,0,TRUE
015,10,flashbaseline,0.17212926612499999,NA,8,0,8,0,TRUE
015,10,petal,3.7850987798333335,253.27147575694445,12,12,12,0,TRUE
015,10,fugal,0.8002523470833336,45.7075285138889,12,12,12,0,TRUE
015,11,flashbaseline,-1.233509528375,NA,8,0,8,0,TRUE
015,11,petal,4.1804860066666665,279.75215431666663,12,12,12,0,TRUE
015,11,fugal,0.6071939265,31.580006680555552,12,12,12,0,TRUE
015,12,flashbaseline,-0.37637718425,NA,8,0,8,0,TRUE
015,12,petal,3.801987795916667,252.30152014583334,12,12,12,0,TRUE
015,12,fugal,2.5324805674166666,147.02888223055555,12,12,12,0,TRUE
016,1,flashbaseline,0.2774925063562477,NA,8,0,8,0,TRUE
016,1,petal,4.021190925867489,275.2756289425385,12,12,12,0,TRUE
016,1,fugal,-2.075683443704306,-143.42128711678666,12,12,12,0,TRUE
016,2,flashbaseline,0.07026622728731052,NA,8,0,8,0,TRUE
016,2,petal,3.9687378319510636,279.1613988461432,12,12,12,0,TRUE
016,2,fugal,0.16716491659950375,9.658224563129343,12,12,12,0,TRUE
016,3,flashbaseline,-0.4225893098093339,NA,8,0,8,0,TRUE
016,3,petal,3.799280423151121,262.36357924727525,12,12,12,0,TRUE
016,3,fugal,-0.9428547946065318,-75.87090883630331,12,12,12,0,TRUE
016,4,flashbaseline,0.7468277417257976,NA,8,0,8,0,TRUE
016,4,petal,3.1825294129842976,212.19936152137285,12,12,12,0,TRUE
016,4,fugal,-1.5963876508967934,-120.1541985581935,12,12,12,0,TRUE
016,5,flashbaseline,-0.9512087831087809,NA,8,0,8,0,TRUE
016,5,petal,3.4915275734660884,240.2055735239744,12,12,12,0,TRUE
016,5,fugal,-0.6197319369316462,-51.396319119393645,12,12,12,0,TRUE
016,6,flashbaseline,-0.026967259372865426,NA,8,0,8,0,TRUE
016,6,petal,3.1089018690315346,210.6741860180462,12,12,12,0,TRUE
016,6,fugal,-0.8122822848228386,-68.34774195033181,12,12,12,0,TRUE
016,7,flashbaseline,0.2964433818822277,NA,8,0,8,0,TRUE
016,7,petal,3.1683796850804073,222.48140943121493,12,12,12,0,TRUE
016,7,fugal,-0.07781067776498087,-11.074213551359925,12,12,12,0,TRUE
016,8,flashbaseline,-0.4086462740157973,NA,8,0,8,0,TRUE
016,8,petal,2.4950562913969057,163.16114753990112,12,12,12,0,TRUE
016,8,fugal,-0.6394123048093009,-38.306484784262715,12,12,12,0,TRUE
016,9,flashbaseline,0.5755648832784548,NA,8,0,8,0,TRUE
016,9,petal,3.8089058990751616,260.76270604633436,12,12,12,0,TRUE
016,9,fugal,0.31724141497960273,12.527698844049773,12,12,12,0,TRUE
016,10,flashbaseline,-0.0013433730909361286,NA,8,0,8,0,TRUE
016,10,petal,2.7598677696034986,187.0044257125607,12,12,12,0,TRUE
016,10,fugal,-0.9918076814718154,-69.68447601067882,12,12,12,0,TRUE
016,11,flashbaseline,0.6468643022297684,NA,8,0,8,0,TRUE
016,11,petal,2.7519087694796207,192.66422316391703,12,12,12,0,TRUE
016,11,fugal,-0.7408036709536844,-46.55004919337158,12,12,12,0,TRUE
016,12,flashbaseline,0.6055035219046168,NA,8,0,8,0,TRUE
016,12,petal,3.167088915567468,216.75441679595855,12,12,12,0,TRUE
016,12,fugal,-0.47034516817226496,-41.314109037772035,12,12,12,0,TRUE
017,1,flashbaseline,-0.35451752901620637,NA,8,0,8,0,TRUE
017,1,petal,4.580713905946681,307.3975496807461,12,12,12,0,TRUE
017,1,fugal,2.253670537533549,138.49337832233078,12,12,12,0,TRUE
017,2,flashbaseline,-0.2798990760924738,NA,8,0,8,0,TRUE
017,2,petal,4.810239473731819,323.7016241372898,12,12,12,0,TRUE
017,2,fugal,2.9375107691901454,201.69845788512208,12,12,12,0,TRUE
017,3,flashbaseline,-0.5802293956871674,NA,8,0,8,0,TRUE
017,3,petal,5.600063497970122,395.0039174111027,12,12,12,0,TRUE
017,3,fugal,2.0606457412305383,144.25283216518918,12,12,12,0,TRUE
017,4,flashbaseline,0.48582110535672507,NA,8,0,8,0,TRUE
017,4,petal,4.885779487760711,336.5558351418457,12,12,12,0,TRUE
017,4,fugal,2.7268609419957324,176.1818505766438,12,12,12,0,TRUE
017,5,flashbaseline,-0.02654789009109909,NA,8,0,8,0,TRUE
017,5,petal,4.586364317069198,322.8195608583369,12,12,12,0,TRUE
017,5,fugal,1.7434811496624847,102.78035437731266,12,12,12,0,TRUE
017,6,flashbaseline,0.19245358121607237,NA,8,0,8,0,TRUE
017,6,petal,3.7065530456031506,249.52960033770944,12,12,12,0,TRUE
017,6,fugal,0.5123785078893801,29.992642550991135,12,12,12,0,TRUE
017,7,flashbaseline,0.4338017817109879,NA,8,0,8,0,TRUE
017,7,petal,3.7716515801115182,273.31296243343337,12,12,12,0,TRUE
017,7,fugal,1.2610639498875544,97.36380134712617,12,12,12,0,TRUE
017,8,flashbaseline,0.4768295002611809,NA,8,0,8,0,TRUE
017,8,petal,3.8684298750466257,255.28810038783132,12,12,12,0,TRUE
017,8,fugal,1.3622416587648531,85.29436857475048,12,12,12,0,TRUE
017,9,flashbaseline,0.43314042283636744,NA,8,0,8,0,TRUE
017,9,petal,4.696380206209571,333.97245871190535,12,12,12,0,TRUE
017,9,fugal,2.5382611205856205,172.52913280224612,12,12,12,0,TRUE
017,10,flashbaseline,0.43270412235347616,NA,8,0,8,0,TRUE
017,10,petal,3.6276087880672314,254.61155001192532,12,12,12,0,TRUE
017,10,fugal,1.0813552545276224,54.233815453748036,12,12,12,0,TRUE
017,11,flashbaseline,-0.8579401311208915,NA,8,0,8,0,TRUE
017,11,petal,3.8755904885780974,262.519641696605,12,12,12,0,TRUE
017,11,fugal,0.04723091252861766,-9.298813247994005,12,12,12,0,TRUE
017,12,flashbaseline,0.17865530522539497,NA,8,0,8,0,TRUE
017,12,petal,3.4984871789668652,250.61463580293443,12,12,12,0,TRUE
017,12,fugal,1.3716602386983958,81.44748946627026,12,12,12,0,TRUE
018,1,flashbaseline,0.31671133461242607,NA,8,0,8,0,TRUE
018,1,petal,2.8056230898964607,198.03671203976756,12,12,12,0,TRUE
018,1,fugal,-0.47116263173381834,-35.17131743606621,12,12,12,0,TRUE
018,2,flashbaseline,0.22201747046873366,NA,8,0,8,0,TRUE
018,2,petal,2.2710608796795033,163.69220688485402,12,12,12,0,TRUE
018,2,fugal,-0.18156652020262112,-24.884096125501628,12,12,12,0,TRUE
018,3,flashbaseline,0.045855424319577565,NA,8,0,8,0,TRUE
018,3,petal,2.868174049774746,193.24627051576599,12,12,12,0,TRUE
018,3,fugal,-0.34819521613298404,-21.34400635996155,12,12,12,0,TRUE
018,4,flashbaseline,0.24712332355564992,NA,8,0,8,0,TRUE
018,4,petal,2.167724558104109,151.2447995541719,12,12,12,0,TRUE
018,4,fugal,-1.4715841333196018,-113.10151824892694,12,12,12,0,TRUE
018,5,flashbaseline,0.17052320254123876,NA,8,0,8,0,TRUE
018,5,petal,1.986196788968603,135.40757225527938,12,12,12,0,TRUE
018,5,fugal,-0.8581595576467946,-63.36764374087813,12,12,12,0,TRUE
018,6,flashbaseline,0.13927449189641888,NA,8,0,8,0,TRUE
018,6,petal,2.612575764450944,199.05398525109598,12,12,12,0,TRUE
018,6,fugal,-1.358496959894806,-97.94067417081412,12,12,12,0,TRUE
018,7,flashbaseline,-0.1499809634569239,NA,8,0,8,0,TRUE
018,7,petal,2.3411274159274207,164.0731511479547,12,12,12,0,TRUE
018,7,fugal,-2.035450694140332,-142.22584894461306,12,12,12,0,TRUE
018,8,flashbaseline,0.03693070413423116,NA,8,0,8,0,TRUE
018,8,petal,2.7493852230727587,190.0940067217508,12,12,12,0,TRUE
018,8,fugal,-1.763375527980646,-137.05882632682375,12,12,12,0,TRUE
018,9,flashbaseline,0.19736348108038132,NA,8,0,8,0,TRUE
018,9,petal,2.568419806783524,186.9283958036967,12,12,12,0,TRUE
018,9,fugal,-1.8180682886428732,-125.4721422827905,12,12,12,0,TRUE
018,10,flashbaseline,-0.4298754809552287,NA,8,0,8,0,TRUE
018,10,petal,2.03428475977177,163.31179853879513,12,12,12,0,TRUE
018,10,fugal,-0.6985311855421658,-51.9185413353946,12,12,12,0,TRUE
018,11,flashbaseline,-0.11003771315494737,NA,8,0,8,0,TRUE
018,11,petal,2.7291745212473306,206.7922841723332,12,12,12,0,TRUE
018,11,fugal,-2.03963022908651,-140.24070115059234,12,12,12,0,TRUE
018,12,flashbaseline,-0.3836462128194989,NA,8,0,8,0,TRUE
018,12,petal,2.070590024956193,139.34141396585193,12,12,12,0,TRUE
018,12,fugal,-0.920378230825367,-63.90442826520711,12,12,12,0,TRUE
019,1,flashbaseline,0.3415511448904256,NA,8,0,8,0,TRUE
019,1,petal,2.829857018820142,219.66347377327085,12,12,12,0,TRUE
019,1,fugal,1.73819375005432,111.66353054539904,12,12,12,0,TRUE
019,2,flashbaseline,0.18916278964277222,NA,8,0,8,0,TRUE
019,2,petal,3.490096526552252,250.0740295150048,12,12,12,0,TRUE
019,2,fugal,1.9065720595854692,131.202842521569,12,12,12,0,TRUE
019,3,flashbaseline,-0.28881932204566185,NA,8,0,8,0,TRUE
019,3,petal,2.908060024958514,205.270938290553,12,12,12,0,TRUE
019,3,fugal,0.5119604694465556,29.514433592549178,12,12,12,0,TRUE
019,4,flashbaseline,0.06758932600710248,NA,8,0,8,0,TRUE
019,4,petal,3.534512868878657,235.39013065358483,12,12,12,0,TRUE
019,4,fugal,1.8657429038676998,124.86279370375246,12,12,12,0,TRUE
019,5,flashbaseline,0.2269340171136875,NA,8,0,8,0,TRUE
019,5,petal,3.207865506453173,223.21746897006838,12,12,12,0,TRUE
019,5,fugal,1.1864015990392744,77.05084099505781,12,12,12,0,TRUE
019,6,flashbaseline,-0.08206771792548384,NA,8,0,8,0,TRUE
019,6,petal,3.2220910049215674,216.5483898774946,12,12,12,0,TRUE
019,6,fugal,1.8383661077833442,114.87918061257214,12,12,12,0,TRUE
019,7,flashbaseline,-0.02625664524783755,NA,8,0,8,0,TRUE
019,7,petal,3.1191758867451442,213.04298916282525,12,12,12,0,TRUE
019,7,fugal,0.9142102007392994,56.94272606867027,12,12,12,0,TRUE
019,8,flashbaseline,0.474722583986886,NA,8,0,8,0,TRUE
019,8,petal,2.813692464047625,193.2531360746718,12,12,12,0,TRUE
019,8,fugal,0.9837636630048475,59.339470691446785,12,12,12,0,TRUE
019,9,flashbaseline,-0.037128015407822096,NA,8,0,8,0,TRUE
019,9,petal,3.757352363267029,251.56579394417702,12,12,12,0,TRUE
019,9,fugal,1.518528641691518,96.69882195544847,12,12,12,0,TRUE
019,10,flashbaseline,-0.4921718987859053,NA,8,0,8,0,TRUE
019,10,petal,4.650481354638403,314.73012595459346,12,12,12,0,TRUE
019,10,fugal,1.7545270914897853,110.07272794609307,12,12,12,0,TRUE
019,11,flashbaseline,0.23468091065147578,NA,8,0,8,0,TRUE
019,11,petal,3.8605968273437443,266.6107709701092,12,12,12,0,TRUE
019,11,fugal,1.6491925361254365,119.27223503007096,12,12,12,0,TRUE
019,12,flashbaseline,0.1572400475304173,NA,8,0,8,0,TRUE
019,12,petal,3.189239211003726,211.4376431098979,12,12,12,0,TRUE
019,12,fugal,1.2671203620812503,93.08311698674973,12,12,12,0,TRUE
020,1,flashbaseline,-0.43040259170229755,NA,8,0,8,0,TRUE
020,1,petal,5.00663001073875,319.5802576233647,11,11,12,1,FALSE
020,1,fugal,3.4452277411872974,213.0100949533102,11,11,12,1,FALSE
020,2,flashbaseline,-0.7997123712717421,NA,8,0,8,0,TRUE
020,2,petal,4.699506482284835,326.463145462769,12,12,12,0,TRUE
020,2,fugal,4.124750138862429,280.8607830346049,12,12,12,0,TRUE
020,3,flashbaseline,-0.33757366845757836,NA,8,0,8,0,TRUE
020,3,petal,4.732252214852976,324.7118028350192,12,12,12,0,TRUE
020,3,fugal,3.820230760753693,269.65910918474594,10,10,12,2,FALSE
020,4,flashbaseline,0.6572498655233092,NA,8,0,8,0,TRUE
020,4,petal,4.851182155659357,336.6087104043016,12,12,12,0,TRUE
020,4,fugal,3.9550068096916418,281.0461940236198,12,12,12,0,TRUE
020,5,flashbaseline,-0.6606512011125847,NA,8,0,8,0,TRUE
020,5,petal,5.00222119211561,336.4240079559717,12,12,12,0,TRUE
020,5,fugal,3.625436201976954,244.99117475374834,12,12,12,0,TRUE
020,6,flashbaseline,0.02250376849765645,NA,8,0,8,0,TRUE
020,6,petal,5.2051186891251975,366.46744523243535,12,12,12,0,TRUE
020,6,fugal,3.4664068716009657,235.06569284905095,12,12,12,0,TRUE
020,7,flashbaseline,-0.15849411954646403,NA,8,0,8,0,TRUE
020,7,petal,4.691283375924943,326.16503257697144,12,12,12,0,TRUE
020,7,fugal,3.294685141778554,233.8592417762403,12,12,12,0,TRUE
020,8,flashbaseline,-0.3160010296276498,NA,8,0,8,0,TRUE
020,8,petal,4.813963883891557,338.80044820667104,12,12,12,0,TRUE
020,8,fugal,3.953309721197846,262.663824625862,12,12,12,0,TRUE
020,9,flashbaseline,-0.5181172566646283,NA,8,0,8,0,TRUE
020,9,petal,4.930829310675597,332.11534899223926,12,12,12,0,TRUE
020,9,fugal,3.274327516044977,211.2023723845303,12,12,12,0,TRUE
020,10,flashbaseline,0.3324290579267704,NA,8,0,8,0,TRUE
020,10,petal,4.544586763504408,309.4618410547728,12,12,12,0,TRUE
020,10,fugal,2.7148089499099313,181.420701112588,12,12,12,0,TRUE
020,11,flashbaseline,0.21861874222599914,NA,8,0,8,0,TRUE
020,11,petal,4.628910815604291,308.3016002047782,12,12,12,0,TRUE
020,11,fugal,3.3216949378448604,216.24761165023392,12,12,12,0,TRUE
020,12,flashbaseline,-0.743311875777516,NA,8,0,8,0,TRUE
020,12,petal,4.944932791614477,336.26808305637485,12,12,12,0,TRUE
020,12,fugal,3.811581670515805,267.912066043028,12,12,12,0,TRUE
021,1,flashbaseline,-0.015156243404761183,NA,8,0,8,0,TRUE
021,1,petal,4.767407736276263,323.7464686524994,12,12,12,0,TRUE
021,1,fugal,2.0451505953443196,129.2826616705211,12,12,12,0,TRUE
021,2,flashbaseline,0.2681858613997913,NA,8,0,8,0,TRUE
021,2,petal,3.636469503568356,260.0029154615077,12,12,12,0,TRUE
021,2,fugal,-1.9365036665410553,-127.42252495436448,12,12,12,0,TRUE
021,3,flashbaseline,0.43466311430611,NA,8,0,8,0,TRUE
021,3,petal,3.1455071359635665,214.5639221543539,12,12,12,0,TRUE
021,3,fugal,-1.9189874107552025,-129.7704706888547,12,12,12,0,TRUE
021,4,flashbaseline,0.2522659222203344,NA,8,0,8,0,TRUE
021,4,petal,3.3990420461557727,236.2564701242516,12,12,12,0,TRUE
021,4,fugal,-1.0959843855018654,-92.33253241233221,12,12,12,0,TRUE
021,5,flashbaseline,-0.4146852344855726,NA,8,0,8,0,TRUE
021,5,petal,3.3467758328194144,232.41740960039598,12,12,12,0,TRUE
021,5,fugal,-1.6771248457894132,-130.18724221297995,12,12,12,0,TRUE
021,6,flashbaseline,0.19628783907920133,NA,8,0,8,0,TRUE
021,6,petal,3.0469427173996357,216.22339083625093,12,12,12,0,TRUE
021,6,fugal,-1.7848017741168016,-114.3702714557931,12,12,12,0,TRUE
021,7,flashbaseline,-0.056546453025870046,NA,8,0,8,0,TRUE
021,7,petal,3.5909570118358882,244.02154425031227,12,12,12,0,TRUE
021,7,fugal,-1.4974661121641502,-98.04435566640174,12,12,12,0,TRUE
021,8,flashbaseline,-0.41127171583884564,NA,8,0,8,0,TRUE
021,8,petal,3.0118700902362283,192.51395877398275,12,12,12,0,TRUE
021,8,fugal,-1.3271265809335397,-113.01465547849136,12,12,12,0,TRUE
021,9,flashbaseline,0.20964541417979748,NA,8,0,8,0,TRUE
021,9,petal,4.0541954344694275,283.79117759236675,12,12,12,0,TRUE
021,9,fugal,-0.4692296034471711,-38.51831431555403,12,12,12,0,TRUE
021,10,flashbaseline,-0.013831178061418758,NA,8,0,8,0,TRUE
021,10,petal,3.8499717705505425,276.10317275823616,12,12,12,0,TRUE
021,10,fugal,-1.3356859849869298,-112.70091721837825,12,12,12,0,TRUE
021,11,flashbaseline,0.5207070597083948,NA,8,0,8,0,TRUE
021,11,petal,4.06436933307386,292.6414089597315,12,12,12,0,TRUE
021,11,fugal,-0.9538302480901564,-70.99921282800969,12,12,12,0,TRUE
021,12,flashbaseline,0.5719934600707162,NA,8,0,8,0,TRUE
021,12,petal,4.424464683603314,315.3620015916921,12,12,12,0,TRUE
021,12,fugal,-0.9853287776714462,-86.86436241680529,12,12,12,0,TRUE
022,1,flashbaseline,-0.34889813314737705,NA,8,0,8,0,TRUE
022,1,petal,3.6473268477091767,246.9087467615181,12,12,12,0,TRUE
022,1,fugal,2.08012314500825,140.35083861645597,12,12,12,0,TRUE
022,2,flashbaseline,-0.13156376521915678,NA,8,0,8,0,TRUE
022,2,petal,3.8348432291253522,252.50659351223086,12,12,12,0,TRUE
022,2,fugal,2.65039740053844,179.26828257745294,12,12,12,0,TRUE
022,3,flashbaseline,-0.050495251040400785,NA,8,0,8,0,TRUE
022,3,petal,3.984531960278598,283.37639604590356,12,12,12,0,TRUE
022,3,fugal,2.3074588213141918,155.44683920902156,12,12,12,0,TRUE
022,4,flashbaseline,0.4917946111604158,NA,8,0,8,0,TRUE
022,4,petal,2.962438885541874,200.91882658456493,12,12,12,0,TRUE
022,4,fugal,1.8113623769137996,129.15325693319937,12,12,12,0,TRUE
022,5,flashbaseline,-0.6449383923130372,NA,8,0,8,0,TRUE
022,5,petal,3.039637557095606,204.21111029235902,12,12,12,0,TRUE
022,5,fugal,1.1314833747790887,74.83496961126812,12,12,12,0,TRUE
022,6,flashbaseline,-0.2980851582946767,NA,8,0,8,0,TRUE
022,6,petal,3.617864495348149,252.59852014664452,12,12,12,0,TRUE
022,6,fugal,2.0248032035372994,143.00285246505896,12,12,12,0,TRUE
022,7,flashbaseline,-0.07624727719326867,NA,8,0,8,0,TRUE
022,7,petal,3.1371778435538893,203.49587765064095,12,12,12,0,TRUE
022,7,fugal,1.9836206800644993,135.88998284990123,12,12,12,0,TRUE
022,8,flashbaseline,0.8160388060560915,NA,8,0,8,0,TRUE
022,8,petal,3.624020228514823,242.21459974481155,12,12,12,0,TRUE
022,8,fugal,1.696665574273321,127.61459402219589,12,12,12,0,TRUE
022,9,flashbaseline,-0.5763048262957589,NA,8,0,8,0,TRUE
022,9,petal,3.125496489931204,209.15595163438542,12,12,12,0,TRUE
022,9,fugal,1.674841202181148,102.25876545802745,12,12,12,0,TRUE
022,10,flashbaseline,-0.2797293551204659,NA,8,0,8,0,TRUE
022,10,petal,3.495093346424425,226.05829477934557,12,12,12,0,TRUE
022,10,fugal,3.408516916346711,226.62454098921543,12,12,12,0,TRUE
022,11,flashbaseline,0.22603111540691,NA,8,0,8,0,TRUE
022,11,petal,3.2467872041298405,213.54390233491276,12,12,12,0,TRUE
022,11,fugal,2.6088522913019476,186.5200468899911,12,12,12,0,TRUE
022,12,flashbaseline,-0.5246045671271502,NA,8,0,8,0,TRUE
022,12,petal,3.2665142222004326,219.27314379768148,12,12,12,0,TRUE
022,12,fugal,2.4109237764971585,166.08307895716058,12,12,12,0,TRUE
023,1,flashbaseline,0.7163390344372842,NA,8,0,8,0,TRUE
023,1,petal,1.310899907545706,77.20292144778477,12,12,12,0,TRUE
023,1,fugal,0.6054451536346306,56.91912345092803,12,12,12,0,TRUE
023,2,flashbaseline,0.20196303657036785,NA,8,0,8,0,TRUE
023,2,petal,2.3149945102012577,161.85395452499696,12,12,12,0,TRUE
023,2,fugal,0.2702752323635886,12.127048446896838,12,12,12,0,TRUE
023,3,flashbaseline,0.5081022007308135,NA,8,0,8,0,TRUE
023,3,petal,1.9156401733836208,141.36508291889467,12,12,12,0,TRUE
023,3,fugal,0.4157197896204622,19.530541144810275,12,12,12,0,TRUE
023,4,flashbaseline,0.3791814775771947,NA,8,0,8,0,TRUE
023,4,petal,1.7573399920780064,130.68559899078468,12,12,12,0,TRUE
023,4,fugal,1.2506218285737152,95.80992822349933,12,12,12,0,TRUE
023,5,flashbaseline,0.033436050400488776,NA,8,0,8,0,TRUE
023,5,petal,1.2423575498188821,95.24734896221233,12,12,12,0,TRUE
023,5,fugal,1.2692851437870947,90.46108163623063,12,12,12,0,TRUE
023,6,flashbaseline,-0.45937373252570896,NA,8,0,8,0,TRUE
023,6,petal,1.9771349195681462,144.27687004216986,12,12,12,0,TRUE
023,6,fugal,0.41226328891578756,42.24252344364745,12,12,12,0,TRUE
023,7,flashbaseline,0.2584242531888916,NA,8,0,8,0,TRUE
023,7,petal,2.4569306954178196,155.33006862574595,12,12,12,0,TRUE
023,7,fugal,0.4054312421104253,43.67364548939227,12,12,12,0,TRUE
023,8,flashbaseline,-0.07514098614351625,NA,8,0,8,0,TRUE
023,8,petal,2.7026286455565445,180.15629116450157,12,12,12,0,TRUE
023,8,fugal,0.061558459996170524,3.9145847310812782,12,12,12,0,TRUE
023,9,flashbaseline,-0.2751426194877324,NA,8,0,8,0,TRUE
023,9,petal,2.1212462643000394,146.95610542269046,12,12,12,0,TRUE
023,9,fugal,1.2526203699639753,94.623253847293,12,12,12,0,TRUE
023,10,flashbaseline,-0.2950545464453245,NA,8,0,8,0,TRUE
023,10,petal,2.221522407315262,161.73049785191745,12,12,12,0,TRUE
023,10,fugal,0.9597652651318791,54.125587278627954,12,12,12,0,TRUE
023,11,flashbaseline,0.07807949776032484,NA,8,0,8,0,TRUE
023,11,petal,2.082246311056196,134.71277063584387,12,12,12,0,TRUE
023,11,fugal,0.5531377409123643,40.05790865447139,12,12,12,0,TRUE
023,12,flashbaseline,0.08197189494466794,NA,8,0,8,0,TRUE
023,12,petal,3.2259524274079974,224.1920364527043,12,12,12,0,TRUE
023,12,fugal,0.37055537518722387,17.953215679335056,12,12,12,0,TRUE
024,1,flashbaseline,0.2778500474135391,NA,8,0,8,0,TRUE
024,1,petal,0.45441288955857806,31.08690188876721,12,12,12,0,TRUE
024,1,fugal,-1.0951375505629588,-55.57709129325194,12,12,12,0,TRUE
024,2,flashbaseline,0.17124291112686837,NA,8,0,8,0,TRUE
024,2,petal,1.1698579115756,82.8582644104237,12,12,12,0,TRUE
024,2,fugal,-1.2515374062908438,-79.54531335538992,12,12,12,0,TRUE
024,3,flashbaseline,0.38327691821738574,NA,8,0,8,0,TRUE
024,3,petal,1.1171068832918365,83.28344225460904,12,12,12,0,TRUE
024,3,fugal,-0.9777595196405494,-68.45189838766929,12,12,12,0,TRUE
024,4,flashbaseline,-0.4055223951383502,NA,8,0,8,0,TRUE
024,4,petal,0.6959113218620475,51.64300341189712,12,12,12,0,TRUE
024,4,fugal,-1.5166534550959017,-123.54080703068165,12,12,12,0,TRUE
024,5,flashbaseline,0.3136062469581741,NA,8,0,8,0,TRUE
024,5,petal,0.687231558687699,44.91677371805905,12,12,12,0,TRUE
024,5,fugal,-0.8150812580730603,-65.62906823478471,12,12,12,0,TRUE
024,6,flashbaseline,0.40163232994749887,NA,8,0,8,0,TRUE
024,6,petal,0.917238068478456,64.12124380180184,12,12,12,0,TRUE
024,6,fugal,-1.3551405542548203,-97.6171049775804,12,12,12,0,TRUE
024,7,flashbaseline,-0.400651147484705,NA,8,0,8,0,TRUE
024,7,petal,0.6063252250788446,31.82075189200341,12,12,12,0,TRUE
024,7,fugal,-1.95031495272447,-148.85625061492374,12,12,12,0,TRUE
024,8,flashbaseline,-0.3458577700768838,NA,8,0,8,0,TRUE
024,8,petal,0.981104968847585,55.74167509484083,12,12,12,0,TRUE
024,8,fugal,-0.7961572420970957,-54.250055258590734,12,12,12,0,TRUE
024,9,flashbaseline,-0.36225091293305905,NA,8,0,8,0,TRUE
024,9,petal,1.1351869721271237,65.10731025386897,12,12,12,0,TRUE
024,9,fugal,-0.984717657688913,-73.24979769555574,12,12,12,0,TRUE
024,10,flashbaseline,-0.0703866380488753,NA,8,0,8,0,TRUE
024,10,petal,1.133481184690234,85.00032946567282,12,12,12,0,TRUE
024,10,fugal,-0.2208031289422735,-19.02563122451886,12,12,12,0,TRUE
024,11,flashbaseline,0.05887414847656558,NA,8,0,8,0,TRUE
024,11,petal,1.0923864732740367,79.52461275008928,12,12,12,0,TRUE
024,11,fugal,-0.9549446517948328,-71.37250841959592,12,12,12,0,TRUE
024,12,flashbaseline,0.4158061850615037,NA,8,0,8,0,TRUE
024,12,petal,1.8239458133597155,142.9996053581403,12,12,12,0,TRUE
024,12,fugal,-1.1457434713578234,-99.0173011586886,12,12,12,0,TRUE
025,1,flashbaseline,-0.2718951076861979,NA,8,0,8,0,TRUE
025,1,petal,3.0791732560802902,217.62343054488719,11,11,12,1,FALSE
025,1,fugal,1.3213629627270551,102.53802229491541,12,12,12,0,TRUE
025,2,flashbaseline,-0.0011929294623624354,NA,8,0,8,0,TRUE
025,2,petal,3.967170300936689,269.6071007611451,12,12,12,0,TRUE
025,2,fugal,1.6908815622292865,115.3758178245303,12,12,12,0,TRUE
025,3,flashbaseline,0.4328530751944678,NA,8,0,8,0,TRUE
025,3,petal,3.477956195060442,229.19641767872628,12,12,12,0,TRUE
025,3,fugal,1.1813228718035842,87.09670178355131,12,12,12,0,TRUE
025,4,flashbaseline,0.14169136159832862,NA,8,0,8,0,TRUE
025,4,petal,3.8083195876858675,256.96902109485643,12,12,12,0,TRUE
025,4,fugal,0.6692342111937237,46.661043672532244,12,12,12,0,TRUE
025,5,flashbaseline,0.1667804200447448,NA,8,0,8,0,TRUE
025,5,petal,3.810814939849294,257.65144800284014,12,12,12,0,TRUE
025,5,fugal,0.757892486434136,50.206042257186276,11,11,12,1,FALSE
025,6,flashbaseline,0.1296507207319201,NA,8,0,8,0,TRUE
025,6,petal,3.5872670552590264,234.57447370289273,12,12,12,0,TRUE
025,6,fugal,0.6606809386105318,48.640581601511045,11,11,12,1,FALSE
025,7,flashbaseline,0.06314227411314488,NA,8,0,8,0,TRUE
025,7,petal,3.7386451755054524,250.72026386199263,12,12,12,0,TRUE
025,7,fugal,0.47573672222869223,30.505211200822618,12,12,12,0,TRUE
025,8,flashbaseline,-0.19970280680979377,NA,8,0,8,0,TRUE
025,8,petal,3.457082914747002,224.65273923216708,12,12,12,0,TRUE
025,8,fugal,0.7490647743732087,52.662345988063265,12,12,12,0,TRUE
025,9,flashbaseline,-0.09414066015182654,NA,8,0,8,0,TRUE
025,9,petal,4.074498949276164,273.5128422031274,12,12,12,0,TRUE
025,9,fugal,-0.10654310204955107,12.75025743395942,12,12,12,0,TRUE
025,10,flashbaseline,-0.019369435903894644,NA,7,0,8,1,FALSE
025,10,petal,3.9382045299203643,268.89040179973813,12,12,12,0,TRUE
025,10,fugal,-0.12188946809947247,10.449758226824462,12,12,12,0,TRUE
025,11,flashbaseline,-0.26433952515663595,NA,8,0,8,0,TRUE
025,11,petal,3.6658772975481577,244.89592506497087,12,12,12,0,TRUE
025,11,fugal,-0.10060607414634029,14.447035945109945,12,12,12,0,TRUE
025,12,flashbaseline,-0.40312168977763874,NA,8,0,8,0,TRUE
025,12,petal,3.4106265527154718,225.67052590996119,12,12,12,0,TRUE
025,12,fugal,1.127868746770617,75.77781859070197,12,12,12,0,TRUE
026,1,flashbaseline,-0.04614283975264849,NA,8,0,8,0,TRUE
026,1,petal,2.1381412139984652,126.45537040699897,12,12,12,0,TRUE
026,1,fugal,0.5411451997889186,27.81210127061459,12,12,12,0,TRUE
026,2,flashbaseline,0.4747632698331522,NA,8,0,8,0,TRUE
026,2,petal,3.3494377046308785,222.14476930608228,12,12,12,0,TRUE
026,2,fugal,0.4665729795168065,19.740029571414258,12,12,12,0,TRUE
026,3,flashbaseline,0.2714942809944958,NA,8,0,8,0,TRUE
026,3,petal,3.780773093309609,239.75853471952635,12,12,12,0,TRUE
026,3,fugal,0.03908166453730111,19.146862443107278,12,12,12,0,TRUE
026,4,flashbaseline,-0.009464132746405368,NA,8,0,8,0,TRUE
026,4,petal,4.4076634378283055,302.1230464496228,12,12,12,0,TRUE
026,4,fugal,-0.016310404485526342,8.861499728879574,12,12,12,0,TRUE
026,5,flashbaseline,0.2543971387693469,NA,8,0,8,0,TRUE
026,5,petal,4.082280714390381,274.7717136676345,12,12,12,0,TRUE
026,5,fugal,0.04968502031264502,3.3582867130350125,11,11,12,1,FALSE
026,6,flashbaseline,-0.031807910778678394,NA,8,0,8,0,TRUE
026,6,petal,3.4157837336746883,225.23785450454687,12,12,12,0,TRUE
026,6,fugal,0.1100793640651896,5.368582635656997,12,12,12,0,TRUE
026,7,flashbaseline,-0.4471500806492226,NA,8,0,8,0,TRUE
026,7,petal,3.560985061380786,238.60626607878487,12,12,12,0,TRUE
026,7,fugal,0.5193003065266931,33.24165183788637,12,12,12,0,TRUE
026,8,flashbaseline,-0.10801757228517089,NA,8,0,8,0,TRUE
026,8,petal,3.375680660101376,220.998863115607,12,12,12,0,TRUE
026,8,fugal,0.9188082402658002,62.14531250464574,12,12,12,0,TRUE
026,9,flashbaseline,-0.052169972571697226,NA,8,0,8,0,TRUE
026,9,petal,3.5876329645356617,238.93747461183585,12,12,12,0,TRUE
026,9,fugal,1.1524026288205884,83.16235560869607,12,12,12,0,TRUE
026,10,flashbaseline,-0.04862173767555165,NA,8,0,8,0,TRUE
026,10,petal,3.496921782377756,231.56465556724555,12,12,12,0,TRUE
026,10,fugal,1.01590654459839,76.8315535237574,12,12,12,0,TRUE
026,11,flashbaseline,-0.0279528237712946,NA,8,0,8,0,TRUE
026,11,petal,3.5060315690442323,234.84917960096934,12,12,12,0,TRUE
026,11,fugal,1.237634330244383,89.01577968134245,12,12,12,0,TRUE
026,12,flashbaseline,-0.115193795749681,NA,8,0,8,0,TRUE
026,12,petal,3.120746320749201,194.2471033238633,12,12,12,0,TRUE
026,12,fugal,1.7160439548259259,116.16460027497794,12,12,12,0,TRUE
027,1,flashbaseline,0.7207650537142406,NA,8,0,8,0,TRUE
027,1,petal,2.6823092079896815,197.07932816624006,12,12,12,0,TRUE
027,1,fugal,-0.5047489545996864,-15.547586791782953,12,12,12,0,TRUE
027,2,flashbaseline,0.24291899207422663,NA,8,0,8,0,TRUE
027,2,petal,1.2821724874454268,86.27675378305955,12,12,12,0,TRUE
027,2,fugal,-0.6982876678149453,-48.27254973187051,12,12,12,0,TRUE
027,3,flashbaseline,1.0352251604649219,NA,8,0,8,0,TRUE
027,3,petal,2.094938141872734,161.40774931188594,12,12,12,0,TRUE
027,3,fugal,-0.46181632594469885,-41.9453906070195,12,12,12,0,TRUE
027,4,flashbaseline,-0.48177574615316565,NA,8,0,8,0,TRUE
027,4,petal,1.8144219920181266,120.60872374927644,12,12,12,0,TRUE
027,4,fugal,-1.0165506703953655,-78.6437177601119,12,12,12,0,TRUE
027,5,flashbaseline,0.2913124733396786,NA,8,0,8,0,TRUE
027,5,petal,1.2243575429406053,84.0575271892977,12,12,12,0,TRUE
027,5,fugal,-0.3692301644113871,-20.013054147157995,12,12,12,0,TRUE
027,6,flashbaseline,-0.017081311170675822,NA,8,0,8,0,TRUE
027,6,petal,2.1089801928012832,150.9771004156569,12,12,12,0,TRUE
027,6,fugal,-0.8050287137975198,-34.667660487389554,12,12,12,0,TRUE
027,7,flashbaseline,0.2818250539543132,NA,8,0,8,0,TRUE
027,7,petal,1.2500529646763554,89.82259542248356,12,12,12,0,TRUE
027,7,fugal,-0.5967576639645982,-53.741669372146326,12,12,12,0,TRUE
027,8,flashbaseline,-0.3205237012115407,NA,8,0,8,0,TRUE
027,8,petal,0.868292205381897,66.4831602471144,12,12,12,0,TRUE
027,8,fugal,-0.8037433588473731,-57.254486244160574,12,12,12,0,TRUE
027,9,flashbaseline,0.003252114484362467,NA,8,0,8,0,TRUE
027,9,petal,1.0365268785481543,69.55507030041622,12,12,12,0,TRUE
027,9,fugal,-1.6538094754005717,-118.64374286479293,12,12,12,0,TRUE
027,10,flashbaseline,0.033768521780977,NA,8,0,8,0,TRUE
027,10,petal,0.6434760952634497,47.033915992624614,12,12,12,0,TRUE
027,10,fugal,-1.2393550691733524,-68.71863617255394,12,12,12,0,TRUE
027,11,flashbaseline,-0.7284931192975951,NA,8,0,8,0,TRUE
027,11,petal,1.3747591176471246,103.42045772237256,12,12,12,0,TRUE
027,11,fugal,-1.5004839255710223,-127.15423433457856,12,12,12,0,TRUE
027,12,flashbaseline,0.29389775589450334,NA,8,0,8,0,TRUE
027,12,petal,1.0038779487779461,65.19701676499146,12,12,12,0,TRUE
027,12,fugal,-0.22300964026123454,-12.953333710021651,12,12,12,0,TRUE
028,1,flashbaseline,0.4967554801053501,NA,8,0,8,0,TRUE
028,1,petal,4.203771115285481,299.22188105061315,12,12,12,0,TRUE
028,1,fugal,-2.4134539737496756,-160.35643336159944,12,12,12,0,TRUE
028,2,flashbaseline,0.16215034475401635,NA,8,0,8,0,TRUE
028,2,petal,4.203396806968429,285.7088373923433,12,12,12,0,TRUE
028,2,fugal,-3.0422004151388298,-208.76034406925436,12,12,12,0,TRUE
028,3,flashbaseline,-1.159878410772649,NA,8,0,8,0,TRUE
028,3,petal,3.162406453222561,239.19479517499514,12,12,12,0,TRUE
028,3,fugal,-2.0687484345417664,-155.48505042838445,12,12,12,0,TRUE
028,4,flashbaseline,0.3386369399803325,NA,8,0,8,0,TRUE
028,4,petal,3.250052353556123,222.47656464294715,12,12,12,0,TRUE
028,4,fugal,-1.6580809467723334,-124.12319939073424,12,12,12,0,TRUE
028,5,flashbaseline,-0.07769449303239967,NA,8,0,8,0,TRUE
028,5,petal,3.2436558932573476,232.40693136207102,12,12,12,0,TRUE
028,5,fugal,-1.6600703117925895,-121.78763435484075,12,12,12,0,TRUE
028,6,flashbaseline,-0.2922323812474389,NA,8,0,8,0,TRUE
028,6,petal,2.6768232445325655,187.70289341990872,12,12,12,0,TRUE
028,6,fugal,-0.7283350175315416,-71.0685431145616,12,12,12,0,TRUE
028,7,flashbaseline,0.46326684449156325,NA,7,0,8,1,FALSE
028,7,petal,2.6502907966231857,181.97284209522968,12,12,12,0,TRUE
028,7,fugal,-1.4048275792634337,-113.54113367302206,12,12,12,0,TRUE
028,8,flashbaseline,0.2125515104354942,NA,8,0,8,0,TRUE
028,8,petal,1.777419674600005,119.07021567937714,12,12,12,0,TRUE
028,8,fugal,-1.872423042866364,-143.54771019064833,12,12,12,0,TRUE
028,9,flashbaseline,0.38116868150955197,NA,8,0,8,0,TRUE
028,9,petal,3.1142795685904425,219.43384749444547,12,12,12,0,TRUE
028,9,fugal,-0.9253266109482468,-83.72792471285472,12,12,12,0,TRUE
028,10,flashbaseline,-0.24584829259616628,NA,8,0,8,0,TRUE
028,10,petal,1.6040077500231142,127.51455682474877,12,12,12,0,TRUE
028,10,fugal,0.31839587576786854,1.312970450939531,12,12,12,0,TRUE
028,11,flashbaseline,-0.20196587496383359,NA,8,0,8,0,TRUE
028,11,petal,2.077762076224906,151.38887663051182,12,12,12,0,TRUE
028,11,fugal,-0.8558037721916736,-63.91411187487301,12,12,12,0,TRUE
028,12,flashbaseline,0.020270323083433572,NA,8,0,8,0,TRUE
028,12,petal,1.9715801457757052,143.83655897448386,12,12,12,0,TRUE
028,12,fugal,-1.9291730187598397,-137.08457165702637,12,12,12,0,TRUE
029,1,flashbaseline,-0.45848932243111745,NA,8,0,8,0,TRUE
029,1,petal,3.281331219655625,237.6924415597995,12,12,12,0,TRUE
029,1,fugal,0.9192460366217412,66.85654006649408,12,12,12,0,TRUE
029,2,flashbaseline,0.24916548358234838,NA,8,0,8,0,TRUE
029,2,petal,2.737549201652387,173.64172186003523,12,12,12,0,TRUE
029,2,fugal,-0.31471087443369666,-15.923422585638962,12,12,12,0,TRUE
029,3,flashbaseline,-0.33824616374195376,NA,8,0,8,0,TRUE
029,3,petal,1.526171015102209,113.47368793621716,12,12,12,0,TRUE
029,3,fugal,-1.5793047437357497,-123.02962805144253,12,12,12,0,TRUE
029,4,flashbaseline,-0.18472862256586364,NA,8,0,8,0,TRUE
029,4,petal,0.5320834538123459,31.437312234608903,12,12,12,0,TRUE
029,4,fugal,-1.1280377151394783,-89.93585636232805,12,12,12,0,TRUE
029,5,flashbaseline,-0.7263986005109977,NA,8,0,8,0,TRUE
029,5,petal,1.19704321589464,71.52693222084704,12,12,12,0,TRUE
029,5,fugal,-0.6505348901782486,-45.21041613880642,12,12,12,0,TRUE
029,6,flashbaseline,-0.21360985192105358,NA,8,0,8,0,TRUE
029,6,petal,0.45932287872056254,31.80253767446098,12,12,12,0,TRUE
029,6,fugal,-1.265106832127913,-85.99285179664443,12,12,12,0,TRUE
029,7,flashbaseline,-0.4122989464333079,NA,8,0,8,0,TRUE
029,7,petal,1.451547432483224,102.05918651854367,12,12,12,0,TRUE
029,7,fugal,-1.458575981839889,-93.20123301974816,12,12,12,0,TRUE
029,8,flashbaseline,0.2235663200395161,NA,8,0,8,0,TRUE
029,8,petal,1.0219676613970015,66.14111511291003,12,12,12,0,TRUE
029,8,fugal,-1.1491425411267007,-81.53634457464376,12,12,12,0,TRUE
029,9,flashbaseline,-0.13225090340123302,NA,8,0,8,0,TRUE
029,9,petal,0.3061505475497338,29.264812013825896,12,12,12,0,TRUE
029,9,fugal,-1.7433036770463006,-121.64102047558976,12,12,12,0,TRUE
029,10,flashbaseline,0.48425438851153996,NA,8,0,8,0,TRUE
029,10,petal,0.09181488462451272,6.090811432834037,12,12,12,0,TRUE
029,10,fugal,-1.0952865479330562,-75.76489250599049,12,12,12,0,TRUE
029,11,flashbaseline,0.12581685418083288,NA,8,0,8,0,TRUE
029,11,petal,-0.2836930007409038,-12.530195280163198,12,12,12,0,TRUE
029,11,fugal,-1.1996325386563067,-77.84608828698143,12,12,12,0,TRUE
029,12,flashbaseline,0.3324930314434055,NA,8,0,8,0,TRUE
029,12,petal,0.9159583777412316,73.13338299240328,12,12,12,0,TRUE
029,12,fugal,-1.8432795415138736,-137.23478492750476,12,12,12,0,TRUE
030,1,flashbaseline,0.3574690492652043,NA,8,0,8,0,TRUE
030,1,petal,2.75103590739004,189.77625582176503,12,12,12,0,TRUE
030,1,fugal,1.0480185363255359,83.09974076513623,12,12,12,0,TRUE
030,2,flashbaseline,0.8041683974172691,NA,8,0,8,0,TRUE
030,2,petal,3.226162522040252,215.42365592805584,12,12,12,0,TRUE
030,2,fugal,1.7256120409032056,105.8758430391131,12,12,12,0,TRUE
030,3,flashbaseline,0.2998060636922032,NA,8,0,8,0,TRUE
030,3,petal,3.0709951001229654,215.88325454344448,12,12,12,0,TRUE
030,3,fugal,3.098344305406793,204.685846471123,12,12,12,0,TRUE
030,4,flashbaseline,-1.2532975243392406,NA,8,0,8,0,TRUE
030,4,petal,0.8203548985769556,14.829900500376992,12,12,12,0,TRUE
030,4,fugal,1.7125826698932367,129.64390150405083,12,12,12,0,TRUE
030,5,flashbaseline,0.2836872594033222,NA,8,0,8,0,TRUE
030,5,petal,1.9945316406687916,111.27323912548731,12,12,12,0,TRUE
030,5,fugal,2.7580245101132927,186.71646468307605,12,12,12,0,TRUE
030,6,flashbaseline,-0.1380281590215563,NA,8,0,8,0,TRUE
030,6,petal,2.124263802283407,135.21393510459686,12,12,12,0,TRUE
030,6,fugal,1.785828038099358,116.31187972117431,12,12,12,0,TRUE
030,7,flashbaseline,-0.5012198695703877,NA,8,0,8,0,TRUE
030,7,petal,2.0179626984225107,137.3303344266986,12,12,12,0,TRUE
030,7,fugal,1.2727795275950375,76.47800228552637,12,12,12,0,TRUE
030,8,flashbaseline,0.19940622621169485,NA,8,0,8,0,TRUE
030,8,petal,2.51818162472376,156.6147310687353,12,12,12,0,TRUE
030,8,fugal,1.8701613989135495,135.47809499504328,12,12,12,0,TRUE
030,9,flashbaseline,0.09244669212634038,NA,8,0,8,0,TRUE
030,9,petal,2.3348738119126096,148.73317086110941,12,12,12,0,TRUE
030,9,fugal,2.513362490422054,171.45199723891056,12,12,12,0,TRUE
030,10,flashbaseline,0.34383829599713894,NA,8,0,8,0,TRUE
030,10,petal,2.4530768500333755,172.30389450184532,12,12,12,0,TRUE
030,10,fugal,0.951468143537756,77.05764229241832,12,12,12,0,TRUE
030,11,flashbaseline,-1.0138738964269436,NA,8,0,8,0,TRUE
030,11,petal,2.6478384257682803,163.10951250100027,12,12,12,0,TRUE
030,11,fugal,-0.10292973686771614,-26.493950206783307,12,12,12,0,TRUE
030,12,flashbaseline,0.4544629263426321,NA,8,0,8,0,TRUE
030,12,petal,2.391423215666145,146.5889698684139,12,12,12,0,TRUE
030,12,fugal,1.4582719554398642,107.13205841183544,12,12,12,0,TRUE
031,1,flashbaseline,0.4907308212949312,NA,8,0,8,0,TRUE
031,1,petal,2.7574034864291908,195.58963869564857,12,12,12,0,TRUE
031,1,fugal,1.2094725467449696,83.65618829053395,12,12,12,0,TRUE
031,2,flashbaseline,-0.5216025578942614,NA,8,0,8,0,TRUE
031,2,petal,2.2298194651610665,155.20734697645875,12,12,12,0,TRUE
031,2,fugal,1.069597268855155,71.91080137787297,12,12,12,0,TRUE
031,3,flashbaseline,-0.4632536901139598,NA,8,0,8,0,TRUE
031,3,petal,2.6347854543052303,179.6458194136613,12,12,12,0,TRUE
031,3,fugal,0.23242538712346017,22.513091005484196,12,12,12,0,TRUE
031,4,flashbaseline,-0.11590023414596581,NA,8,0,8,0,TRUE
031,4,petal,2.9978560132102383,210.6391472295477,12,12,12,0,TRUE
031,4,fugal,1.0369917548511967,73.17726054358542,12,12,12,0,TRUE
031,5,flashbaseline,-0.8891224037217003,NA,8,0,8,0,TRUE
031,5,petal,2.8904432689307407,198.24131863366048,12,12,12,0,TRUE
031,5,fugal,0.6168566109525223,24.78792282262394,12,12,12,0,TRUE
031,6,flashbaseline,-0.6847590629999987,NA,8,0,8,0,TRUE
031,6,petal,3.6723694364910906,253.69110692003994,12,12,12,0,TRUE
031,6,fugal,0.4481690124827876,33.58421783926211,12,12,12,0,TRUE
031,7,flashbaseline,0.3330983702463088,NA,8,0,8,0,TRUE
031,7,petal,3.9148132302197727,276.66287793110945,12,12,12,0,TRUE
031,7,fugal,0.7460641077658353,49.75464527687207,12,12,12,0,TRUE
031,8,flashbaseline,0.6290976650707185,NA,8,0,8,0,TRUE
031,8,petal,3.6013631935453025,238.25963372355994,12,12,12,0,TRUE
031,8,fugal,-0.12204681198826306,-3.970716136880105,12,12,12,0,TRUE
031,9,flashbaseline,-1.1139394213713312,NA,8,0,8,0,TRUE
031,9,petal,3.8855517777396713,260.59961775679136,12,12,12,0,TRUE
031,9,fugal,-0.3292365931788762,-5.456747526626293,12,12,12,0,TRUE
031,10,flashbaseline,0.5645359226178874,NA,8,0,8,0,TRUE
031,10,petal,3.300239297907724,220.53997432847663,12,12,12,0,TRUE
031,10,fugal,-0.27991490807644853,-26.24721876523568,12,12,12,0,TRUE
031,11,flashbaseline,-0.15857613503704626,NA,8,0,8,0,TRUE
031,11,petal,4.24448511964285,296.20632754438657,12,12,12,0,TRUE
031,11,fugal,-0.4034772452070121,-33.65776280593829,12,12,12,0,TRUE
031,12,flashbaseline,0.4783680797686055,NA,8,0,8,0,TRUE
031,12,petal,4.202517300013286,289.70773374832095,12,12,12,0,TRUE
031,12,fugal,0.44610081897255915,39.66428000698309,12,12,12,0,TRUE
032,1,flashbaseline,0.5277699218226367,NA,8,0,8,0,TRUE
032,1,petal,3.9083497662163107,284.01337232175393,12,12,12,0,TRUE
032,1,fugal,-0.40333662793214836,-45.27103186370949,12,12,12,0,TRUE
032,2,flashbaseline,0.3836850100537924,NA,8,0,8,0,TRUE
032,2,petal,3.5345761115260514,240.73648894427402,12,12,12,0,TRUE
032,2,fugal,-1.2905746452152984,-92.0495330218291,12,12,12,0,TRUE
032,3,flashbaseline,-0.07343117999402143,NA,8,0,8,0,TRUE
032,3,petal,2.4638911940332417,183.04643852948428,12,12,12,0,TRUE
032,3,fugal,0.3031765165749066,3.695259445228454,12,12,12,0,TRUE
032,4,flashbaseline,-0.015906064810691532,NA,8,0,8,0,TRUE
032,4,petal,2.6487569058646954,201.90100067052242,12,12,12,0,TRUE
032,4,fugal,-0.6424130461917408,-42.86018132061724,12,12,12,0,TRUE
032,5,flashbaseline,0.6251324877298321,NA,8,0,8,0,TRUE
032,5,petal,1.7485558467905697,127.42309797198577,12,12,12,0,TRUE
032,5,fugal,-0.6133728464600867,-48.135750975378244,12,12,12,0,TRUE
032,6,flashbaseline,-0.45166003532134497,NA,8,0,8,0,TRUE
032,6,petal,2.133146524051286,154.36314223024078,12,12,12,0,TRUE
032,6,fugal,-0.7497323909523403,-51.09002619533585,12,12,12,0,TRUE
032,7,flashbaseline,-0.21313270492235953,NA,8,0,8,0,TRUE
032,7,petal,1.2320943603167638,87.81371252945664,12,12,12,0,TRUE
032,7,fugal,-0.4703326265574875,-36.91322174723854,12,12,12,0,TRUE
032,8,flashbaseline,-0.37969556085080874,NA,8,0,8,0,TRUE
032,8,petal,2.13053316140796,153.3454893184771,12,12,12,0,TRUE
032,8,fugal,-1.0231214335007404,-72.22045508660072,12,12,12,0,TRUE
032,9,flashbaseline,-0.28478616614802604,NA,8,0,8,0,TRUE
032,9,petal,1.8095219800077587,131.10005992528903,12,12,12,0,TRUE
032,9,fugal,-1.1957104869752186,-89.84530309057564,12,12,12,0,TRUE
032,10,flashbaseline,-0.07410992757837986,NA,8,0,8,0,TRUE
032,10,petal,1.5713688000036985,102.8236598114358,12,12,12,0,TRUE
032,10,fugal,-0.3610599799085466,-20.650473333325575,12,12,12,0,TRUE
032,11,flashbaseline,0.5727014807884371,NA,8,0,8,0,TRUE
032,11,petal,2.6467822617233594,187.22591171236743,12,12,12,0,TRUE
032,11,fugal,-0.5047535399388685,-37.09600173108804,12,12,12,0,TRUE
032,12,flashbaseline,0.09873188014167117,NA,8,0,8,0,TRUE
032,12,petal,1.776236257721199,120.4672659377685,12,12,12,0,TRUE
032,12,fugal,-0.40960076494966324,-34.91356887510576,12,12,12,0,TRUE
033,1,flashbaseline,0.031241226976166214,NA,8,0,8,0,TRUE
033,1,petal,2.2457224882178237,158.693118083145,12,12,12,0,TRUE
033,1,fugal,1.3189845767602264,82.23197504067984,12,12,12,0,TRUE
033,2,flashbaseline,0.2810371117529297,NA,8,0,8,0,TRUE
033,2,petal,2.5963655076604493,159.13999061826286,12,12,12,0,TRUE
033,2,fugal,0.7107908729590603,53.7160705322341,12,12,12,0,TRUE
033,3,flashbaseline,-0.5042290490453841,NA,8,0,8,0,TRUE
033,3,petal,2.6894240367044957,179.73841001818926,12,12,12,0,TRUE
033,3,fugal,1.0313942260639695,79.58241327661567,12,12,12,0,TRUE
033,4,flashbaseline,-0.4610839990128924,NA,8,0,8,0,TRUE
033,4,petal,3.2365741577938025,212.42187905670653,12,12,12,0,TRUE
033,4,fugal,0.12490468710484316,14.039652737262292,12,12,12,0,TRUE
033,5,flashbaseline,-0.15522608008287928,NA,8,0,8,0,TRUE
033,5,petal,2.725537771788872,185.35944665669257,12,12,12,0,TRUE
033,5,fugal,-0.09139886875822642,-4.276164327310241,12,12,12,0,TRUE
033,6,flashbaseline,-0.26168165116776876,NA,8,0,8,0,TRUE
033,6,petal,3.1165047642411268,208.87200340324753,12,12,12,0,TRUE
033,6,fugal,0.11159748782210607,1.6050884584256369,12,12,12,0,TRUE
033,7,flashbaseline,0.07849720215701977,NA,8,0,8,0,TRUE
033,7,petal,3.5796398511775345,230.2607562512614,12,12,12,0,TRUE
033,7,fugal,-0.2826507064904855,-6.605618918329618,12,12,12,0,TRUE
033,8,flashbaseline,-0.06608516083115529,NA,8,0,8,0,TRUE
033,8,petal,3.0433281350841686,195.77038944824028,12,12,12,0,TRUE
033,8,fugal,0.06104799435743613,3.148495525793227,12,12,12,0,TRUE
033,9,flashbaseline,-0.12463691650486797,NA,8,0,8,0,TRUE
033,9,petal,3.0442422475876576,200.9941581626459,12,12,12,0,TRUE
033,9,fugal,0.7309862213898052,47.87866439351257,12,12,12,0,TRUE
033,10,flashbaseline,0.07904531882051538,NA,8,0,8,0,TRUE
033,10,petal,2.85343227280682,188.31110992503716,12,12,12,0,TRUE
033,10,fugal,-0.16792574083631925,-8.935724564694835,12,12,12,0,TRUE
033,11,flashbaseline,0.17499637220303083,NA,8,0,8,0,TRUE
033,11,petal,2.8783481136445968,188.03844360465268,12,12,12,0,TRUE
033,11,fugal,0.45192816523672286,31.536309693913402,12,12,12,0,TRUE
033,12,flashbaseline,0.031162810878438012,NA,8,0,8,0,TRUE
033,12,petal,2.646383923504516,174.63452396988515,12,12,12,0,TRUE
033,12,fugal,0.8876472662216052,62.61474569638178,12,12,12,0,TRUE
034,1,flashbaseline,0.8142970252053243,NA,8,0,8,0,TRUE
034,1,petal,-2.0609604410220728,-134.267280207163,12,12,12,0,TRUE
034,1,fugal,-3.553324372460327,-251.92185043019222,12,12,12,0,TRUE
034,2,flashbaseline,0.40007590461453135,NA,8,0,8,0,TRUE
034,2,petal,3.3079980850983715,243.41704006410245,12,12,12,0,TRUE
034,2,fugal,0.158060751170917,10.581403262764375,12,12,12,0,TRUE
034,3,flashbaseline,0.25564895960586115,NA,8,0,8,0,TRUE
034,3,petal,4.220453207503477,291.2560223505843,12,12,12,0,TRUE
034,3,fugal,-0.4360906195683263,-34.167049703225,12,12,12,0,TRUE
034,4,flashbaseline,-0.9669031548122388,NA,8,0,8,0,TRUE
034,4,petal,4.771636147968564,332.79875109159184,12,12,12,0,TRUE
034,4,fugal,-0.6817399170943874,-41.87634153217557,12,12,12,0,TRUE
034,5,flashbaseline,-0.8367005055326563,NA,8,0,8,0,TRUE
034,5,petal,5.064951764320398,348.52582635375586,12,12,12,0,TRUE
034,5,fugal,-1.5061617303817947,-113.33714340533844,12,12,12,0,TRUE
034,6,flashbaseline,0.07213234012478886,NA,8,0,8,0,TRUE
034,6,petal,4.729513398691039,323.61709129417454,12,12,12,0,TRUE
034,6,fugal,-1.3038630015303811,-81.29056815324275,12,12,12,0,TRUE
034,7,flashbaseline,0.06727103449551253,NA,8,0,8,0,TRUE
034,7,petal,4.67190391080849,325.8374097826055,12,12,12,0,TRUE
034,7,fugal,-1.727260444049294,-123.36231247252101,12,12,12,0,TRUE
034,8,flashbaseline,-0.02622260037519375,NA,8,0,8,0,TRUE
034,8,petal,4.283893223109885,293.8874412854773,12,12,12,0,TRUE
034,8,fugal,-0.6556406519086908,-50.878882816867964,12,12,12,0,TRUE
034,9,flashbaseline,0.2927084425827575,NA,8,0,8,0,TRUE
034,9,petal,4.828825254237562,327.67181466886643,12,12,12,0,TRUE
034,9,fugal,-2.4580431797526163,-167.19351849266462,12,12,12,0,TRUE
034,10,flashbaseline,-0.03227391909412136,NA,8,0,8,0,TRUE
034,10,petal,4.445303241255653,308.2588978561189,12,12,12,0,TRUE
034,10,fugal,-1.3331858557890375,-85.98336666308774,12,12,12,0,TRUE
034,11,flashbaseline,0.4913237168699013,NA,8,0,8,0,TRUE
034,11,petal,4.558403340777286,318.69699896918826,12,12,12,0,TRUE
034,11,fugal,-2.1031377083149274,-153.58710265930884,12,12,12,0,TRUE
034,12,flashbaseline,-0.06393965132701368,NA,8,0,8,0,TRUE
034,12,petal,4.073771748291744,274.69820452756073,12,12,12,0,TRUE
034,12,fugal,-1.551583354205589,-105.598191780436,12,12,12,0,TRUE
035,1,flashbaseline,-0.43244783512500007,NA,8,0,8,0,TRUE
035,1,petal,0.8306926620833333,63.887167218055545,12,12,12,0,TRUE
035,1,fugal,-1.8434848093333334,-117.03718022638888,12,12,12,0,TRUE
035,2,flashbaseline,-0.3212328927500001,NA,8,0,8,0,TRUE
035,2,petal,-0.05424551883333335,-0.38515413888889094,12,12,12,0,TRUE
035,2,fugal,-0.5899558320000001,-27.190510134722224,12,12,12,0,TRUE
035,3,flashbaseline,-0.16772567875,NA,8,0,8,0,TRUE
035,3,petal,1.2050576344166666,79.5193332111111,12,12,12,0,TRUE
035,3,fugal,-1.7179068084166667,-139.3768145875,12,12,12,0,TRUE
035,4,flashbaseline,1.285497451875,NA,8,0,8,0,TRUE
035,4,petal,1.3280394110833333,91.67833832777778,12,12,12,0,TRUE
035,4,fugal,-2.5925633801666668,-164.6333503222222,12,12,12,0,TRUE
035,5,flashbaseline,-0.08738291537500009,NA,8,0,8,0,TRUE
035,5,petal,1.8331919194166668,126.68212099583333,12,12,12,0,TRUE
035,5,fugal,-3.360288375666667,-219.85139340277777,12,12,12,0,TRUE
035,6,flashbaseline,-0.047451769624999994,NA,8,0,8,0,TRUE
035,6,petal,1.1384242269166667,78.39520485833333,12,12,12,0,TRUE
035,6,fugal,-2.9297984318333334,-214.93938609861112,12,12,12,0,TRUE
035,7,flashbaseline,-0.341891916375,NA,8,0,8,0,TRUE
035,7,petal,0.6407805965,43.92015753055556,12,12,12,0,TRUE
035,7,fugal,-3.2807448620833335,-206.16552739305556,12,12,12,0,TRUE
035,8,flashbaseline,-0.47095320050000006,NA,8,0,8,0,TRUE
035,8,petal,1.5218604060833334,107.33504119444444,12,12,12,0,TRUE
035,8,fugal,-3.2212740432499998,-226.94264101388887,12,12,12,0,TRUE
035,9,flashbaseline,0.3901407095,NA,8,0,8,0,TRUE
035,9,petal,1.4075419693333333,120.33952799444444,12,12,12,0,TRUE
035,9,fugal,-3.7273013543333335,-280.5984575569444,12,12,12,0,TRUE
035,10,flashbaseline,0.2638022344999999,NA,8,0,8,0,TRUE
035,10,petal,1.6390828863333333,110.24953934722222,12,12,12,0,TRUE
035,10,fugal,-2.9647078456666667,-218.59599644305555,12,12,12,0,TRUE
035,11,flashbaseline,0.64860311425,NA,8,0,8,0,TRUE
035,11,petal,1.6345717255,122.89859829861112,12,12,12,0,TRUE
035,11,fugal,-3.7532960090833334,-265.2615623986111,12,12,12,0,TRUE
035,12,flashbaseline,0.328038632125,NA,8,0,8,0,TRUE
035,12,petal,0.2928679081666667,8.75232605972222,12,12,12,0,TRUE
035,12,fugal,-3.0893954064166667,-193.69550054305554,12,12,12,0,TRUE
036,1,flashbaseline,-0.5648272502559306,NA,8,0,8,0,TRUE
036,1,petal,1.4912976487900282,114.03404404559787,12,12,12,0,TRUE
036,1,fugal,-0.032817507039152274,-10.68925952699595,12,12,12,0,TRUE
036,2,flashbaseline,0.583803032244737,NA,8,0,8,0,TRUE
036,2,petal,2.38220612306302,177.53168747801126,12,12,12,0,TRUE
036,2,fugal,-0.2792699735804086,-24.986242882892512,12,12,12,0,TRUE
036,3,flashbaseline,-0.15305871325763892,NA,8,0,8,0,TRUE
036,3,petal,2.408545899858839,161.6040492190938,12,12,12,0,TRUE
036,3,fugal,-0.34376190368455684,-42.10873134582005,12,12,12,0,TRUE
036,4,flashbaseline,-0.34244998370505475,NA,8,0,8,0,TRUE
036,4,petal,2.2800715938267,150.68959416852195,12,12,12,0,TRUE
036,4,fugal,-1.3345379892539047,-87.06009808285978,12,12,12,0,TRUE
036,5,flashbaseline,-0.30077968265445015,NA,8,0,8,0,TRUE
036,5,petal,2.4422514896825254,167.55210172446957,12,12,12,0,TRUE
036,5,fugal,0.192509066051493,13.484847042139403,12,12,12,0,TRUE
036,6,flashbaseline,-1.807423803052822,NA,8,0,8,0,TRUE
036,6,petal,2.204948930353135,156.0417138695455,12,12,12,0,TRUE
036,6,fugal,-0.7579610551009635,-60.52730107248331,12,12,12,0,TRUE
036,7,flashbaseline,-0.44056868373542735,NA,8,0,8,0,TRUE
036,7,petal,2.752703074958537,189.59288797409562,12,12,12,0,TRUE
036,7,fugal,-0.31234995748331024,-24.651608041060044,12,12,12,0,TRUE
036,8,flashbaseline,-0.40164389978709514,NA,8,0,8,0,TRUE
036,8,petal,2.3093542466901016,155.43950396537159,12,12,12,0,TRUE
036,8,fugal,-0.6598874772559502,-45.65183810786057,12,12,12,0,TRUE
036,9,flashbaseline,0.18984797974851883,NA,8,0,8,0,TRUE
036,9,petal,2.757036636614261,203.86878668784456,12,12,12,0,TRUE
036,9,fugal,-0.5814043625992781,-31.788617916939366,12,12,12,0,TRUE
036,10,flashbaseline,0.0570116475113821,NA,8,0,8,0,TRUE
036,10,petal,2.7345435315407047,186.58603826689807,12,12,12,0,TRUE
036,10,fugal,-0.18171641338648192,-31.402136638917867,12,12,12,0,TRUE
036,11,flashbaseline,0.2223733493179026,NA,8,0,8,0,TRUE
036,11,petal,2.524342899727658,188.06168620240223,12,12,12,0,TRUE
036,11,fugal,-1.4190501199830967,-106.444275195101,12,12,12,0,TRUE
036,12,flashbaseline,-0.15437381988611126,NA,8,0,8,0,TRUE
036,12,petal,2.285622828979315,161.07240579455228,12,12,12,0,TRUE
036,12,fugal,0.36079235704775175,23.54487459667804,12,12,12,0,TRUE
037,1,flashbaseline,-0.4260472667720935,NA,8,0,8,0,TRUE
037,1,petal,3.810938580080964,269.26674694423167,12,12,12,0,TRUE
037,1,fugal,-1.3277822760221014,-85.3080810436722,12,12,12,0,TRUE
037,2,flashbaseline,0.00892464661371506,NA,8,0,8,0,TRUE
037,2,petal,4.1440252147816254,292.8790730041467,12,12,12,0,TRUE
037,2,fugal,-1.2299339281780552,-88.17843937511442,12,12,12,0,TRUE
037,3,flashbaseline,-0.5656446151378448,NA,8,0,8,0,TRUE
037,3,petal,3.527971817560554,244.92591106335414,12,12,12,0,TRUE
037,3,fugal,-0.8233530082628289,-64.12481066115996,12,12,12,0,TRUE
037,4,flashbaseline,0.805861201894987,NA,8,0,8,0,TRUE
037,4,petal,3.606853359212434,255.31567183834605,12,12,12,0,TRUE
037,4,fugal,-1.081447519621984,-85.1475316781832,12,12,12,0,TRUE
037,5,flashbaseline,0.8096256512644291,NA,8,0,8,0,TRUE
037,5,petal,3.9876368210260167,277.2058889549826,12,12,12,0,TRUE
037,5,fugal,-0.6729977676629223,-55.535645002882326,12,12,12,0,TRUE
037,6,flashbaseline,-0.4610942084756718,NA,8,0,8,0,TRUE
037,6,petal,3.1342454117978957,216.46479120194138,12,12,12,0,TRUE
037,6,fugal,-0.4541479897750853,-33.96209505688609,12,12,12,0,TRUE
037,7,flashbaseline,0.00947287633048366,NA,8,0,8,0,TRUE
037,7,petal,3.2265328878767865,232.82137710790647,12,12,12,0,TRUE
037,7,fugal,-1.4207168556889382,-107.78167812569566,12,12,12,0,TRUE
037,8,flashbaseline,-0.037813955296030266,NA,8,0,8,0,TRUE
037,8,petal,3.70527551863351,265.3371506645652,12,12,12,0,TRUE
037,8,fugal,-0.8641690427238863,-70.37629384527308,12,12,12,0,TRUE
037,9,flashbaseline,-0.07227088080039151,NA,8,0,8,0,TRUE
037,9,petal,3.0857851191880523,218.14841483463218,12,12,12,0,TRUE
037,9,fugal,-0.40125002203982685,-22.82044429518875,12,12,12,0,TRUE
037,10,flashbaseline,-0.010718128781462166,NA,8,0,8,0,TRUE
037,10,petal,3.048176962929875,210.60878286162492,12,12,12,0,TRUE
037,10,fugal,-0.1479893854637994,-13.122786222013685,12,12,12,0,TRUE
037,11,flashbaseline,-0.6219903363293784,NA,8,0,8,0,TRUE
037,11,petal,2.5962393743088326,182.17604901949207,12,12,12,0,TRUE
037,11,fugal,-0.42708329738079265,-29.29538893330179,12,12,12,0,TRUE
037,12,flashbaseline,-0.4888975823241283,NA,8,0,8,0,TRUE
037,12,petal,3.3165936321115077,227.0791686670628,12,12,12,0,TRUE
037,12,fugal,-1.4389074989754473,-93.89329164050616,12,12,12,0,TRUE
038,1,flashbaseline,-0.1857643365758968,NA,8,0,8,0,TRUE
038,1,petal,3.3165220800938697,233.79749559109672,12,12,12,0,TRUE
038,1,fugal,-0.32771984839534074,-19.6134921634456,11,11,12,1,FALSE
038,2,flashbaseline,-0.6071394403600394,NA,8,0,8,0,TRUE
038,2,petal,3.281698705517281,213.30239603258727,12,12,12,0,TRUE
038,2,fugal,0.001401144300280488,-16.67432322129579,12,12,12,0,TRUE
038,3,flashbaseline,0.4083246222541015,NA,8,0,8,0,TRUE
038,3,petal,2.41498229316788,174.59460038880482,12,12,12,0,TRUE
038,3,fugal,-1.0666353119612975,-69.29095740917494,12,12,12,0,TRUE
038,4,flashbaseline,-0.5856021657325967,NA,8,0,8,0,TRUE
038,4,petal,4.447313864003897,300.57122759363517,12,12,12,0,TRUE
038,4,fugal,0.2161692068269791,-4.604556056018753,12,12,12,0,TRUE
038,5,flashbaseline,-0.685324468162013,NA,8,0,8,0,TRUE
038,5,petal,3.8933025336856204,270.5154676984043,12,12,12,0,TRUE
038,5,fugal,1.0403906237932343,58.75276250116966,12,12,12,0,TRUE
038,6,flashbaseline,0.03309293371017907,NA,8,0,8,0,TRUE
038,6,petal,3.7838075442486985,271.9445946501182,12,12,12,0,TRUE
038,6,fugal,0.2211798322068192,6.605813189237328,12,12,12,0,TRUE
038,7,flashbaseline,-0.39752297601875364,NA,8,0,8,0,TRUE
038,7,petal,4.160451290280154,284.2684637382144,12,12,12,0,TRUE
038,7,fugal,-0.01846148609864389,-15.932062186957056,11,11,12,1,FALSE
038,8,flashbaseline,0.7283049098855892,NA,8,0,8,0,TRUE
038,8,petal,4.5539389243947666,301.7405529076134,12,12,12,0,TRUE
038,8,fugal,0.2351123344217035,1.2443217506718063,12,12,12,0,TRUE
038,9,flashbaseline,0.09514571278125789,NA,8,0,8,0,TRUE
038,9,petal,4.304382342007007,284.9910712972756,11,11,12,1,FALSE
038,9,fugal,-0.32076036162481086,-27.495542052896948,12,12,12,0,TRUE
038,10,flashbaseline,-0.19592777900783276,NA,8,0,8,0,TRUE
038,10,petal,5.131732877708283,352.8871337353186,12,12,12,0,TRUE
038,10,fugal,1.0867797912258665,67.79554736007208,12,12,12,0,TRUE
038,11,flashbaseline,0.08187686945277506,NA,8,0,8,0,TRUE
038,11,petal,5.032563149837212,353.66154001081384,12,12,12,0,TRUE
038,11,fugal,0.1329503993412382,9.489459347162466,12,12,12,0,TRUE
038,12,flashbaseline,-0.14220874634194258,NA,8,0,8,0,TRUE
038,12,petal,5.16880760690477,358.2779107418783,12,12,12,0,TRUE
038,12,fugal,-0.0648638625913937,-19.832198240882562,12,12,12,0,TRUE
039,1,flashbaseline,-0.2864239598839805,NA,8,0,8,0,TRUE
039,1,petal,1.0622976929647798,101.33644112069842,12,12,12,0,TRUE
039,1,fugal,0.28854178274102327,23.752583018538434,12,12,12,0,TRUE
039,2,flashbaseline,-0.5265497734852208,NA,8,0,8,0,TRUE
039,2,petal,1.7631497396267832,109.47329922884461,12,12,12,0,TRUE
039,2,fugal,0.7692853074233145,45.07228781610375,11,11,12,1,FALSE
039,3,flashbaseline,0.45551771870345925,NA,8,0,8,0,TRUE
039,3,petal,3.5194187294010515,245.4942515306761,12,12,12,0,TRUE
039,3,fugal,-0.1100150448293335,-22.255425874169944,11,11,12,1,FALSE
039,4,flashbaseline,-0.5557932369417328,NA,8,0,8,0,TRUE
039,4,petal,2.319404122612451,170.10286101050815,12,12,12,0,TRUE
039,4,fugal,-0.7052098494343813,-45.553504704783094,12,12,12,0,TRUE
039,5,flashbaseline,0.1704310682104971,NA,8,0,8,0,TRUE
039,5,petal,2.982845281772074,221.32071482132318,12,12,12,0,TRUE
039,5,fugal,0.06518810234129563,11.374104471084014,9,9,12,3,FALSE
039,6,flashbaseline,0.25952644811583125,NA,8,0,8,0,TRUE
039,6,petal,2.867980798228599,205.37304176553218,12,12,12,0,TRUE
039,6,fugal,0.13517209101546823,10.322288734533178,12,12,12,0,TRUE
039,7,flashbaseline,0.002091954764777637,NA,8,0,8,0,TRUE
039,7,petal,1.9936915166038274,140.56361305256343,12,12,12,0,TRUE
039,7,fugal,-0.24707617913567256,-14.83669830238442,12,12,12,0,TRUE
039,8,flashbaseline,0.16719669627150524,NA,8,0,8,0,TRUE
039,8,petal,2.7758272180290535,217.81626425074938,11,11,12,1,FALSE
039,8,fugal,0.5722359778184781,73.56016492828944,9,9,12,3,FALSE
039,9,flashbaseline,-0.1583380061151876,NA,8,0,8,0,TRUE
039,9,petal,2.5104751439450523,175.89004005172885,11,11,12,1,FALSE
039,9,fugal,-0.6309193076755758,-48.316587142869345,10,10,12,2,FALSE
039,10,flashbaseline,0.5960809147871187,NA,8,0,8,0,TRUE
039,10,petal,1.9446313406916687,131.71732919090528,12,12,12,0,TRUE
039,10,fugal,-1.0675157390286116,-83.94287770889488,12,12,12,0,TRUE
039,11,flashbaseline,-2.221170314545353,NA,8,0,8,0,TRUE
039,11,petal,3.4598175802476785,252.0335768370179,12,12,12,0,TRUE
039,11,fugal,0.6225819935331215,39.066221397837126,12,12,12,0,TRUE
039,12,flashbaseline,-0.6532263971787864,NA,8,0,8,0,TRUE
039,12,petal,3.51403123737582,249.76114213119763,12,12,12,0,TRUE
039,12,fugal,-0.4899092552325234,-28.188991004036467,12,12,12,0,TRUE
040,1,flashbaseline,-0.5436926160080078,NA,8,0,8,0,TRUE
040,1,petal,1.5760217463139645,102.63361837624386,12,12,12,0,TRUE
040,1,fugal,0.637056080318396,37.91620607022312,12,12,12,0,TRUE
040,2,flashbaseline,0.010600830328956118,NA,8,0,8,0,TRUE
040,2,petal,1.522930389096905,97.25774016487473,12,12,12,0,TRUE
040,2,fugal,0.9012198874229995,66.7165774079274,12,12,12,0,TRUE
040,3,flashbaseline,-0.09459356802948675,NA,8,0,8,0,TRUE
040,3,petal,1.5861106531226064,94.29375509456892,12,12,12,0,TRUE
040,3,fugal,1.1578847612573946,79.27714715276718,12,12,12,0,TRUE
040,4,flashbaseline,-0.4450220116094258,NA,8,0,8,0,TRUE
040,4,petal,0.8565701336533554,56.739416973295214,12,12,12,0,TRUE
040,4,fugal,0.8217282707421181,68.74277296570952,12,12,12,0,TRUE
040,5,flashbaseline,-0.3770990847889175,NA,8,0,8,0,TRUE
040,5,petal,2.9936614208216317,211.57147064696017,12,12,12,0,TRUE
040,5,fugal,0.2842030940954538,15.574496754650113,12,12,12,0,TRUE
040,6,flashbaseline,0.4934480023267085,NA,8,0,8,0,TRUE
040,6,petal,2.4001846875676858,163.26841234797368,12,12,12,0,TRUE
040,6,fugal,1.1383032802789195,77.32687063807954,12,12,12,0,TRUE
040,7,flashbaseline,-0.41230751110571573,NA,8,0,8,0,TRUE
040,7,petal,2.7192538356088765,177.5386213114207,12,12,12,0,TRUE
040,7,fugal,0.3869137036121224,33.07612426713004,12,12,12,0,TRUE
040,8,flashbaseline,-0.1993382043869759,NA,8,0,8,0,TRUE
040,8,petal,2.3470547619541478,156.20620358102525,12,12,12,0,TRUE
040,8,fugal,1.0209356570449166,66.56967530219981,12,12,12,0,TRUE
040,9,flashbaseline,-0.023616319228992544,NA,8,0,8,0,TRUE
040,9,petal,1.7510125685803095,120.94161654699629,12,12,12,0,TRUE
040,9,fugal,0.6039538455746917,44.045389863162185,12,12,12,0,TRUE
040,10,flashbaseline,0.04101884269003733,NA,8,0,8,0,TRUE
040,10,petal,1.983387935370081,133.9250611112555,12,12,12,0,TRUE
040,10,fugal,0.6122653076626607,50.2099441225469,12,12,12,0,TRUE
040,11,flashbaseline,-0.5489679322755252,NA,8,0,8,0,TRUE
040,11,petal,2.155307214787607,148.11172120858126,12,12,12,0,TRUE
040,11,fugal,-0.044833817306276724,8.854368917496934,12,12,12,0,TRUE
040,12,flashbaseline,-0.2952812138385023,NA,8,0,8,0,TRUE
040,12,petal,1.8460585258893016,126.52996123757352,12,12,12,0,TRUE
040,12,fugal,1.1625934507859015,89.531705259184,12,12,12,0,TRUE
041,1,flashbaseline,-0.5067499416995693,NA,8,0,8,0,TRUE
041,1,petal,4.4332640546943445,308.8992659515526,12,12,12,0,TRUE
041,1,fugal,-0.47104928945483526,-35.55503177887329,12,12,12,0,TRUE
041,2,flashbaseline,-0.39294662427754173,NA,8,0,8,0,TRUE
041,2,petal,4.16641461222375,287.7781521858392,12,12,12,0,TRUE
041,2,fugal,-1.1177927971355646,-70.41705567148767,12,12,12,0,TRUE
041,3,flashbaseline,-0.01812954272766265,NA,8,0,8,0,TRUE
041,3,petal,3.929620199098704,272.57974424567146,12,12,12,0,TRUE
041,3,fugal,0.3966698610014622,16.51112933536465,12,12,12,0,TRUE
041,4,flashbaseline,0.08410328131987288,NA,8,0,8,0,TRUE
041,4,petal,4.355717637241009,306.745669235961,12,12,12,0,TRUE
041,4,fugal,0.7423127333210344,45.943834303689115,12,12,12,0,TRUE
041,5,flashbaseline,-0.5332786076598877,NA,8,0,8,0,TRUE
041,5,petal,3.7567460250155285,257.3464602638196,12,12,12,0,TRUE
041,5,fugal,0.40253185460090346,36.38060394929995,12,12,12,0,TRUE
041,6,flashbaseline,0.16721306850627476,NA,8,0,8,0,TRUE
041,6,petal,3.957465584816584,266.7763817175106,12,12,12,0,TRUE
041,6,fugal,0.258489667214935,13.182625446746304,12,12,12,0,TRUE
041,7,flashbaseline,0.03939891846330387,NA,8,0,8,0,TRUE
041,7,petal,3.770321841147865,253.7949536235966,12,12,12,0,TRUE
041,7,fugal,-0.6501869884889462,-41.79172227988035,12,12,12,0,TRUE
041,8,flashbaseline,0.41351143163460846,NA,8,0,8,0,TRUE
041,8,petal,3.4401696438685083,234.71194142295712,12,12,12,0,TRUE
041,8,fugal,0.3435736603690065,32.61203266709604,12,12,12,0,TRUE
041,9,flashbaseline,1.2001678124153972,NA,8,0,8,0,TRUE
041,9,petal,3.2315973599206593,219.69611270100333,12,12,12,0,TRUE
041,9,fugal,-0.013123065188800112,-4.636271782747713,12,12,12,0,TRUE
041,10,flashbaseline,0.10093784353537871,NA,8,0,8,0,TRUE
041,10,petal,3.109609903787498,206.11744134433337,12,12,12,0,TRUE
041,10,fugal,0.3347420716569636,27.458011093588663,12,12,12,0,TRUE
041,11,flashbaseline,0.32258325003940214,NA,8,0,8,0,TRUE
041,11,petal,3.283000144406496,217.79236661691576,12,12,12,0,TRUE
041,11,fugal,0.5495393948460849,32.18080417811799,12,12,12,0,TRUE
041,12,flashbaseline,-0.5343770254973624,NA,8,0,8,0,TRUE
041,12,petal,3.1641610851784394,215.2575168309051,12,12,12,0,TRUE
041,12,fugal,0.17237815252029726,18.237927444725734,12,12,12,0,TRUE
042,1,flashbaseline,0.08690737233026605,NA,8,0,8,0,TRUE
042,1,petal,2.6083937462944644,180.56797316927808,12,12,12,0,TRUE
042,1,fugal,1.7060849086774286,113.74190400023237,12,12,12,0,TRUE
042,2,flashbaseline,-0.1520965692266685,NA,8,0,8,0,TRUE
042,2,petal,3.0944604579244803,195.66605382968393,12,12,12,0,TRUE
042,2,fugal,1.006271372233788,57.554485890362535,12,12,12,0,TRUE
042,3,flashbaseline,0.1302057543041729,NA,8,0,8,0,TRUE
042,3,petal,2.676183371027393,165.76808367422953,12,12,12,0,TRUE
042,3,fugal,0.5639725531537317,25.077234821366467,12,12,12,0,TRUE
042,4,flashbaseline,0.6733215322905379,NA,8,0,8,0,TRUE
042,4,petal,2.504270296200143,149.56624492073564,12,12,12,0,TRUE
042,4,fugal,0.34453876602494804,36.9644460416833,12,12,12,0,TRUE
042,5,flashbaseline,0.3549520966468245,NA,8,0,8,0,TRUE
042,5,petal,1.9000006957251738,137.8663911366585,12,12,12,0,TRUE
042,5,fugal,-0.09933027132480639,-14.452757724355658,11,11,12,1,FALSE
042,6,flashbaseline,0.2410442666294201,NA,8,0,8,0,TRUE
042,6,petal,2.0256125186624043,139.13536891783497,12,12,12,0,TRUE
042,6,fugal,0.1563423253526255,3.832765504283218,12,12,12,0,TRUE
042,7,flashbaseline,-0.46545382388210643,NA,8,0,8,0,TRUE
042,7,petal,1.7212699468397201,103.6723505849591,12,12,12,0,TRUE
042,7,fugal,0.7495196187175183,46.947869553446864,12,12,12,0,TRUE
042,8,flashbaseline,-0.0642502511414137,NA,8,0,8,0,TRUE
042,8,petal,1.205344544238257,90.09489305920907,12,12,12,0,TRUE
042,8,fugal,0.6393200564912657,38.731778949189334,12,12,12,0,TRUE
042,9,flashbaseline,0.003912232267973319,NA,8,0,8,0,TRUE
042,9,petal,1.1524322193889613,81.57933487261604,12,12,12,0,TRUE
042,9,fugal,0.8515047266904386,63.765948397211446,12,12,12,0,TRUE
042,10,flashbaseline,-0.35250051765622803,NA,8,0,8,0,TRUE
042,10,petal,1.812902412481678,128.5440541465151,12,12,12,0,TRUE
042,10,fugal,0.4762368355684414,28.213010142639497,12,12,12,0,TRUE
042,11,flashbaseline,0.33898285993800337,NA,8,0,8,0,TRUE
042,11,petal,2.0973597952141647,138.5328181501465,12,12,12,0,TRUE
042,11,fugal,0.19932245754272815,13.142885110219913,12,12,12,0,TRUE
042,12,flashbaseline,0.017520423581039238,NA,8,0,8,0,TRUE
042,12,petal,2.115038451359368,143.27886995450683,12,12,12,0,TRUE
042,12,fugal,0.41169523760798343,32.03589324241266,12,12,12,0,TRUE
043,1,flashbaseline,-0.29896645315647397,NA,8,0,8,0,TRUE
043,1,petal,2.6442507842163177,180.20819578287478,12,12,12,0,TRUE
043,1,fugal,-0.37426343833945214,4.270177387479476,12,12,12,0,TRUE
043,2,flashbaseline,-0.7324205149319376,NA,8,0,8,0,TRUE
043,2,petal,2.579375320576795,169.5943791156618,12,12,12,0,TRUE
043,2,fugal,0.604874149077778,37.92154698082158,12,12,12,0,TRUE
043,3,flashbaseline,0.38389624515768334,NA,8,0,8,0,TRUE
043,3,petal,2.2623254327465157,159.58117716354025,12,12,12,0,TRUE
043,3,fugal,0.33157485515551804,7.2916711370655936,12,12,12,0,TRUE
043,4,flashbaseline,0.2582244923570299,NA,8,0,8,0,TRUE
043,4,petal,1.839927489254199,131.44249504408015,12,12,12,0,TRUE
043,4,fugal,0.31107777442557033,26.291703734746633,12,12,12,0,TRUE
043,5,flashbaseline,-0.004562542117655485,NA,8,0,8,0,TRUE
043,5,petal,2.3909432248548,163.97970345817583,12,12,12,0,TRUE
043,5,fugal,-0.16996963526994308,-19.215721489030354,12,12,12,0,TRUE
043,6,flashbaseline,-0.3648163466372334,NA,8,0,8,0,TRUE
043,6,petal,1.9428669859364638,115.4551744467579,12,12,12,0,TRUE
043,6,fugal,-1.1145467161499067,-98.68425902911368,12,12,12,0,TRUE
043,7,flashbaseline,0.29825351309605275,NA,8,0,8,0,TRUE
043,7,petal,2.2300069212632017,141.17670836617395,12,12,12,0,TRUE
043,7,fugal,-0.24979554323815278,-19.708960084985982,12,12,12,0,TRUE
043,8,flashbaseline,-0.4330380153867855,NA,8,0,8,0,TRUE
043,8,petal,2.330715481416769,172.22063736056208,12,12,12,0,TRUE
043,8,fugal,-0.03695958760610137,-11.081968200311646,12,12,12,0,TRUE
043,9,flashbaseline,0.20995932848480836,NA,8,0,8,0,TRUE
043,9,petal,2.2612472865810607,159.98055657160586,12,12,12,0,TRUE
043,9,fugal,-0.2244567075897373,-13.866805953877286,12,12,12,0,TRUE
043,10,flashbaseline,-0.2589255452469237,NA,8,0,8,0,TRUE
043,10,petal,2.816935702813058,202.06859097234715,12,12,12,0,TRUE
043,10,fugal,-0.41465113507125106,-29.797217466747618,12,12,12,0,TRUE
043,11,flashbaseline,-0.37166634790217584,NA,8,0,8,0,TRUE
043,11,petal,3.2958288914671043,216.18465714073156,12,12,12,0,TRUE
043,11,fugal,-0.4928206405741264,-43.331358348032516,12,12,12,0,TRUE
043,12,flashbaseline,0.4688355843603337,NA,8,0,8,0,TRUE
043,12,petal,2.2521749476914783,168.60954980276574,12,12,12,0,TRUE
043,12,fugal,-0.4756813082634361,-40.030796161280975,12,12,12,0,TRUE
044,1,flashbaseline,0.3990084342262035,NA,8,0,8,0,TRUE
044,1,petal,1.9343148687553693,139.86158294168254,12,12,12,0,TRUE
044,1,fugal,-1.7100885082738972,-110.73956571470323,12,12,12,0,TRUE
044,2,flashbaseline,0.2023715218557663,NA,8,0,8,0,TRUE
044,2,petal,2.0388136959252767,153.43663710135277,12,12,12,0,TRUE
044,2,fugal,-2.1582116902036717,-146.4829669606382,12,12,12,0,TRUE
044,3,flashbaseline,-0.30657728044283417,NA,8,0,8,0,TRUE
044,3,petal,1.340790535200218,96.9706021718167,12,12,12,0,TRUE
044,3,fugal,-1.9994935472473854,-132.25369010480026,12,12,12,0,TRUE
044,4,flashbaseline,0.5028205930978311,NA,8,0,8,0,TRUE
044,4,petal,1.2714104714953043,97.84997956915615,12,12,12,0,TRUE
044,4,fugal,-2.0149683939896206,-136.47268336776213,12,12,12,0,TRUE
044,5,flashbaseline,0.7349825889973454,NA,8,0,8,0,TRUE
044,5,petal,1.4665615008105335,110.34109303562454,12,12,12,0,TRUE
044,5,fugal,-2.475156224243323,-170.008212868135,12,12,12,0,TRUE
044,6,flashbaseline,0.2526964870266843,NA,8,0,8,0,TRUE
044,6,petal,1.400341507810595,100.82861381037422,12,12,12,0,TRUE
044,6,fugal,-1.9238297072422852,-137.47393405725822,12,12,12,0,TRUE
044,7,flashbaseline,-0.016410900478591756,NA,8,0,8,0,TRUE
044,7,petal,1.818792467062891,136.23865745613392,12,12,12,0,TRUE
044,7,fugal,-2.3828853003313593,-167.90411176038575,12,12,12,0,TRUE
044,8,flashbaseline,0.05700862194307127,NA,8,0,8,0,TRUE
044,8,petal,1.6452676325417743,109.7479681801128,12,12,12,0,TRUE
044,8,fugal,-2.425198820776231,-168.44819806539175,12,12,12,0,TRUE
044,9,flashbaseline,0.37054536618235384,NA,8,0,8,0,TRUE
044,9,petal,1.4847186028012487,107.20439521467087,12,12,12,0,TRUE
044,9,fugal,-2.4345235757983543,-175.66349593366746,12,12,12,0,TRUE
044,10,flashbaseline,0.056802739518102746,NA,8,0,8,0,TRUE
044,10,petal,2.0621908160590428,139.826275809104,12,12,12,0,TRUE
044,10,fugal,-3.3797648929641224,-227.72987796867875,12,12,12,0,TRUE
044,11,flashbaseline,0.24115699571068264,NA,8,0,8,0,TRUE
044,11,petal,1.8189729980918972,128.86124703951577,12,12,12,0,TRUE
044,11,fugal,-3.4942993363149726,-230.0669751514052,12,12,12,0,TRUE
044,12,flashbaseline,0.23661684488740498,NA,8,0,8,0,TRUE
044,12,petal,1.5846513183217839,104.60767454297645,12,12,12,0,TRUE
044,12,fugal,-3.4888072105065016,-241.59206025953526,12,12,12,0,TRUE
045,1,flashbaseline,-0.45745367282027505,NA,8,0,8,0,TRUE
045,1,petal,2.5719912517527934,176.33536192565066,12,12,12,0,TRUE
045,1,fugal,0.09083433050226997,8.158573347234892,12,12,12,0,TRUE
045,2,flashbaseline,0.016131847740566363,NA,8,0,8,0,TRUE
045,2,petal,3.0778698986310067,227.01266725771958,12,12,12,0,TRUE
045,2,fugal,1.1665690136689324,81.7861672367973,12,12,12,0,TRUE
045,3,flashbaseline,-0.13697346086811646,NA,8,0,8,0,TRUE
045,3,petal,2.354099313919432,160.31373543351913,12,12,12,0,TRUE
045,3,fugal,0.7669293451596796,57.768336402108915,12,12,12,0,TRUE
045,4,flashbaseline,-0.031016003554631133,NA,8,0,8,0,TRUE
045,4,petal,2.751914651532577,203.57745862320326,12,12,12,0,TRUE
045,4,fugal,-0.6522569246849084,-33.17174447857638,12,12,12,0,TRUE
045,5,flashbaseline,0.5178790678108741,NA,8,0,8,0,TRUE
045,5,petal,3.0299869829091093,219.28170245242353,12,12,12,0,TRUE
045,5,fugal,-0.5818001029632767,-36.84905025556263,12,12,12,0,TRUE
045,6,flashbaseline,-0.20613515391791143,NA,8,0,8,0,TRUE
045,6,petal,3.8140140583079742,269.8353630911728,12,12,12,0,TRUE
045,6,fugal,-0.20812675178037215,-16.44244020359823,12,12,12,0,TRUE
045,7,flashbaseline,-0.2955253219152299,NA,8,0,8,0,TRUE
045,7,petal,2.662941459396015,177.57834638896296,12,12,12,0,TRUE
045,7,fugal,0.4758617633924594,25.037148365158643,12,12,12,0,TRUE
045,8,flashbaseline,-0.23239198870651973,NA,8,0,8,0,TRUE
045,8,petal,4.027485011798874,288.58900475771173,12,12,12,0,TRUE
045,8,fugal,-1.7830186863603456e-4,-4.939634256660592,12,12,12,0,TRUE
045,9,flashbaseline,0.1384321416471551,NA,8,0,8,0,TRUE
045,9,petal,4.5194974929930245,320.19801561259885,12,12,12,0,TRUE
045,9,fugal,-0.8048854776007355,-67.07466204412601,12,12,12,0,TRUE
045,10,flashbaseline,0.09390266131482528,NA,8,0,8,0,TRUE
045,10,petal,3.696082830631756,252.37288894641887,12,12,12,0,TRUE
045,10,fugal,-0.19708097474342884,-21.907286943309014,12,12,12,0,TRUE
045,11,flashbaseline,-0.7967659812701284,NA,8,0,8,0,TRUE
045,11,petal,3.646862624540354,245.84246498437696,12,12,12,0,TRUE
045,11,fugal,1.3534643223225136,93.78423611112224,12,12,12,0,TRUE
045,12,flashbaseline,0.09235647457987894,NA,8,0,8,0,TRUE
045,12,petal,3.2498183801683407,234.74829014435846,12,12,12,0,TRUE
045,12,fugal,-0.42752131230786433,-36.97462062037435,12,12,12,0,TRUE
046,1,flashbaseline,0.12718065665894934,NA,8,0,8,0,TRUE
046,1,petal,2.3132715066432032,171.04998641110984,12,12,12,0,TRUE
046,1,fugal,0.30357157799660395,22.936388676483904,12,12,12,0,TRUE
046,2,flashbaseline,0.36055535801564975,NA,8,0,8,0,TRUE
046,2,petal,2.813364387538893,202.82892556587743,12,12,12,0,TRUE
046,2,fugal,0.6095371233541985,32.26603041829604,12,12,12,0,TRUE
046,3,flashbaseline,-0.6392814630513373,NA,8,0,8,0,TRUE
046,3,petal,1.7722986447482234,114.27227071993471,12,12,12,0,TRUE
046,3,fugal,-0.06296672986791758,-15.30830783309597,12,12,12,0,TRUE
046,4,flashbaseline,-0.6975292716529551,NA,8,0,8,0,TRUE
046,4,petal,2.2468337293214486,148.33548059557,12,12,12,0,TRUE
046,4,fugal,-0.7344142549771251,-41.12003889629605,12,12,12,0,TRUE
046,5,flashbaseline,0.4450325284994956,NA,8,0,8,0,TRUE
046,5,petal,1.956683565180359,146.25428934170776,12,12,12,0,TRUE
046,5,fugal,0.5715299648157679,42.00977643795963,12,12,12,0,TRUE
046,6,flashbaseline,0.07728637833172616,NA,8,0,8,0,TRUE
046,6,petal,2.534390982781363,165.89157543919453,12,12,12,0,TRUE
046,6,fugal,0.557756915394229,40.75540946900392,12,12,12,0,TRUE
046,7,flashbaseline,0.23166364879282877,NA,8,0,8,0,TRUE
046,7,petal,2.7225681707793425,191.669526785929,12,12,12,0,TRUE
046,7,fugal,0.007582068250537718,12.778743376215218,12,12,12,0,TRUE
046,8,flashbaseline,0.5690930557878926,NA,8,0,8,0,TRUE
046,8,petal,1.849273196160827,136.91038243143635,12,12,12,0,TRUE
046,8,fugal,0.020448763715121592,-8.726296687354962,12,12,12,0,TRUE
046,9,flashbaseline,0.7237401931195783,NA,8,0,8,0,TRUE
046,9,petal,2.795695859827063,194.67390615088507,12,12,12,0,TRUE
046,9,fugal,0.15300155643692728,9.795163452655741,12,12,12,0,TRUE
046,10,flashbaseline,0.30016682621621604,NA,8,0,8,0,TRUE
046,10,petal,2.13733499962878,145.98464929521563,12,12,12,0,TRUE
046,10,fugal,-0.8758413595052619,-57.69957675250153,12,12,12,0,TRUE
046,11,flashbaseline,0.22111411988331575,NA,8,0,8,0,TRUE
046,11,petal,2.1884039878903057,156.44289221769006,12,12,12,0,TRUE
046,11,fugal,-0.38780595218495884,-27.657873715160534,12,12,12,0,TRUE
046,12,flashbaseline,0.5272017316844605,NA,8,0,8,0,TRUE
046,12,petal,2.5064381455662943,168.67147732882,12,12,12,0,TRUE
046,12,fugal,-0.004059701928725799,1.2191146785392246,12,12,12,0,TRUE
047,1,flashbaseline,-0.4549805686642231,NA,8,0,8,0,TRUE
047,1,petal,2.2164420815130006,174.72949290881618,12,12,12,0,TRUE
047,1,fugal,2.853378241059369,199.3093893152993,12,12,12,0,TRUE
047,2,flashbaseline,-0.40704246772392444,NA,8,0,8,0,TRUE
047,2,petal,4.172271904975765,281.387103313465,12,12,12,0,TRUE
047,2,fugal,1.5619410725776788,84.68906672686539,12,12,12,0,TRUE
047,3,flashbaseline,0.31853680613058133,NA,8,0,8,0,TRUE
047,3,petal,4.018273550723666,279.76137649885425,12,12,12,0,TRUE
047,3,fugal,1.8402305189545636,129.7364997645214,12,12,12,0,TRUE
047,4,flashbaseline,0.2100872688428254,NA,8,0,8,0,TRUE
047,4,petal,4.291885508011621,299.660413417235,12,12,12,0,TRUE
047,4,fugal,3.418025615933185,219.64897534429323,11,11,12,1,FALSE
047,5,flashbaseline,-0.32761988467714553,NA,8,0,8,0,TRUE
047,5,petal,5.059541879795014,347.6618443704357,12,12,12,0,TRUE
047,5,fugal,2.6169673592145473,161.69791996422794,12,12,12,0,TRUE
047,6,flashbaseline,0.6141321007824622,NA,8,0,8,0,TRUE
047,6,petal,4.154617878206981,282.88110450100874,12,12,12,0,TRUE
047,6,fugal,2.50910738920918,184.31129457691765,12,12,12,0,TRUE
047,7,flashbaseline,-0.09433826467545237,NA,8,0,8,0,TRUE
047,7,petal,4.265797190906507,290.5150812460717,12,12,12,0,TRUE
047,7,fugal,1.8123059649166011,115.85775884831968,12,12,12,0,TRUE
047,8,flashbaseline,-1.3161622442567447,NA,8,0,8,0,TRUE
047,8,petal,3.439588055356826,215.32538130977622,12,12,12,0,TRUE
047,8,fugal,2.849578857733537,210.78359986391467,12,12,12,0,TRUE
047,9,flashbaseline,-0.6246301037121108,NA,8,0,8,0,TRUE
047,9,petal,3.542485451579211,213.81930679925046,12,12,12,0,TRUE
047,9,fugal,2.003015103407373,135.35057509103586,12,12,12,0,TRUE
047,10,flashbaseline,0.2169465420573891,NA,8,0,8,0,TRUE
047,10,petal,4.095198473354928,276.02506695347813,12,12,12,0,TRUE
047,10,fugal,0.7030700333952689,56.4281997859038,12,12,12,0,TRUE
047,11,flashbaseline,-0.5289668014192225,NA,8,0,8,0,TRUE
047,11,petal,3.527446635983942,249.87841600211965,12,12,12,0,TRUE
047,11,fugal,1.6795942946036686,118.90611523911194,12,12,12,0,TRUE
047,12,flashbaseline,0.40823584856241973,NA,8,0,8,0,TRUE
047,12,petal,3.8920288032312316,270.61078633151294,12,12,12,0,TRUE
047,12,fugal,1.5665594636495233,106.81305762322849,12,12,12,0,TRUE
048,1,flashbaseline,-0.06669852916343619,NA,8,0,8,0,TRUE
048,1,petal,2.1215880664742466,153.17120761775973,12,12,12,0,TRUE
048,1,fugal,-0.24081082396455267,-18.907828202096656,12,12,12,0,TRUE
048,2,flashbaseline,-0.3695495944684565,NA,8,0,8,0,TRUE
048,2,petal,2.3727852954943556,168.8307618798561,12,12,12,0,TRUE
048,2,fugal,-0.18860891351713038,-21.4093147417264,12,12,12,0,TRUE
048,3,flashbaseline,-0.12869898035169855,NA,8,0,8,0,TRUE
048,3,petal,1.3938892320404508,84.38799238127086,12,12,12,0,TRUE
048,3,fugal,0.010420036025906965,-11.954443887585246,12,12,12,0,TRUE
048,4,flashbaseline,0.2051888629511109,NA,8,0,8,0,TRUE
048,4,petal,1.8385605725550362,124.83558067112642,12,12,12,0,TRUE
048,4,fugal,-0.2830127244228133,-20.381251251046383,12,12,12,0,TRUE
048,5,flashbaseline,0.026501765328116933,NA,8,0,8,0,TRUE
048,5,petal,1.6087057518479337,105.09490666049479,12,12,12,0,TRUE
048,5,fugal,0.018980341035617743,-11.496204831231765,12,12,12,0,TRUE
048,6,flashbaseline,0.24485258406671256,NA,8,0,8,0,TRUE
048,6,petal,1.0718557845224137,93.35129196355962,12,12,12,0,TRUE
048,6,fugal,0.011362975146911461,-14.178401114845755,12,12,12,0,TRUE
048,7,flashbaseline,-0.02844338966972043,NA,8,0,8,0,TRUE
048,7,petal,1.2923970897795802,89.8744811298371,12,12,12,0,TRUE
048,7,fugal,-0.3345714152919318,-22.30014929504213,12,12,12,0,TRUE
048,8,flashbaseline,-0.5966244310248358,NA,8,0,8,0,TRUE
048,8,petal,1.3100359942482063,92.07250515726987,12,12,12,0,TRUE
048,8,fugal,-0.28740298649672064,-24.314783911821845,12,12,12,0,TRUE
048,9,flashbaseline,-0.43330564090922036,NA,8,0,8,0,TRUE
048,9,petal,1.1165336622861626,75.27461158652922,12,12,12,0,TRUE
048,9,fugal,-0.3577241066371182,-27.862417924862807,12,12,12,0,TRUE
048,10,flashbaseline,-0.42220545981720103,NA,8,0,8,0,TRUE
048,10,petal,0.6574588767669314,46.92003159153806,12,12,12,0,TRUE
048,10,fugal,-0.7065935805851646,-50.65688811802468,12,12,12,0,TRUE
048,11,flashbaseline,0.013326770217977735,NA,8,0,8,0,TRUE
048,11,petal,1.2139636891799575,63.56539661357742,12,12,12,0,TRUE
048,11,fugal,-0.3058680741323784,-28.55108454625333,12,12,12,0,TRUE
048,12,flashbaseline,0.678829602350435,NA,8,0,8,0,TRUE
048,12,petal,1.2877730421617077,89.71349660784017,12,12,12,0,TRUE
048,12,fugal,-0.37320327958125166,-28.40218676256726,12,12,12,0,TRUE
049,1,flashbaseline,0.2788005757687788,NA,8,0,8,0,TRUE
049,1,petal,3.5817803389090876,244.04646245260466,12,12,12,0,TRUE
049,1,fugal,-3.071615691614066,-201.2522896296169,12,12,12,0,TRUE
049,2,flashbaseline,0.03801896627368373,NA,8,0,8,0,TRUE
049,2,petal,3.55646123738948,248.9238409852957,12,12,12,0,TRUE
049,2,fugal,-3.3420078147466126,-235.97221516772916,12,12,12,0,TRUE
049,3,flashbaseline,0.005007543302961159,NA,8,0,8,0,TRUE
049,3,petal,3.697828754983328,263.21304142426806,12,12,12,0,TRUE
049,3,fugal,-3.991931034627364,-279.6715902830617,12,12,12,0,TRUE
049,4,flashbaseline,0.05073412993587523,NA,8,0,8,0,TRUE
049,4,petal,3.426154464412826,243.00146241534586,12,12,12,0,TRUE
049,4,fugal,-4.2286048420731825,-295.3331253159678,12,12,12,0,TRUE
049,5,flashbaseline,-0.018950896702859044,NA,8,0,8,0,TRUE
049,5,petal,3.0519694150541667,222.38570274303544,12,12,12,0,TRUE
049,5,fugal,-4.000636232158036,-288.8081814568082,12,12,12,0,TRUE
049,6,flashbaseline,0.3212332780541439,NA,8,0,8,0,TRUE
049,6,petal,2.1637927615228283,154.7753748762397,12,12,12,0,TRUE
049,6,fugal,-3.7576070160983783,-265.5396017763781,12,12,12,0,TRUE
049,7,flashbaseline,-0.18254660055166252,NA,8,0,8,0,TRUE
049,7,petal,2.1011498263189217,153.7711573019809,12,12,12,0,TRUE
049,7,fugal,-4.340708805062229,-297.9816172629611,12,12,12,0,TRUE
049,8,flashbaseline,-0.35072714186374504,NA,8,0,8,0,TRUE
049,8,petal,1.9738443972317457,160.07679494362566,12,12,12,0,TRUE
049,8,fugal,-3.8135772914612516,-268.5430876270664,12,12,12,0,TRUE
049,9,flashbaseline,0.47198064001548684,NA,8,0,8,0,TRUE
049,9,petal,2.2477014256556735,154.1322696134771,12,12,12,0,TRUE
049,9,fugal,-4.224571645601662,-307.6841485719488,12,12,12,0,TRUE
049,10,flashbaseline,-0.256836958278543,NA,8,0,8,0,TRUE
049,10,petal,1.9324124436372958,143.1711780887211,12,12,12,0,TRUE
049,10,fugal,-4.1032550210780645,-283.6036160143327,12,12,12,0,TRUE
049,11,flashbaseline,-0.08973792713751497,NA,8,0,8,0,TRUE
049,11,petal,1.51402392875466,117.7832322833774,12,12,12,0,TRUE
049,11,fugal,-5.249777388650585,-365.67162855725167,12,12,12,0,TRUE
049,12,flashbaseline,0.14260358752348118,NA,8,0,8,0,TRUE
049,12,petal,1.867250228146015,150.23973041967946,12,12,12,0,TRUE
049,12,fugal,-5.5053710308643105,-394.1973093598635,12,12,12,0,TRUE
050,1,flashbaseline,-0.2982429878199,NA,8,0,8,0,TRUE
050,1,petal,3.2102986319588784,203.15834344132912,12,12,12,0,TRUE
050,1,fugal,4.270262920821823,281.53782567518675,12,12,12,0,TRUE
050,2,flashbaseline,-0.07857518327859653,NA,8,0,8,0,TRUE
050,2,petal,4.300795698194784,295.49792998106,12,12,12,0,TRUE
050,2,fugal,3.363741162266776,221.01142806211993,12,12,12,0,TRUE
050,3,flashbaseline,-0.47770384981511715,NA,8,0,8,0,TRUE
050,3,petal,3.7818338622568435,253.49377500974626,11,11,12,1,FALSE
050,3,fugal,2.7755721870255057,196.32057801758663,12,12,12,0,TRUE
050,4,flashbaseline,-0.47658221034536374,NA,8,0,8,0,TRUE
050,4,petal,4.756478012170261,329.7397026297507,12,12,12,0,TRUE
050,4,fugal,3.116096411064618,219.34330881912976,12,12,12,0,TRUE
050,5,flashbaseline,0.4263609002852545,NA,8,0,8,0,TRUE
050,5,petal,4.4065889847748325,318.17616195833244,11,11,12,1,FALSE
050,5,fugal,2.205456670834128,148.2497559225977,12,12,12,0,TRUE
050,6,flashbaseline,-0.08855836088390998,NA,8,0,8,0,TRUE
050,6,petal,4.208217061349975,291.301637757361,12,12,12,0,TRUE
050,6,fugal,2.6750973919190173,177.00514167069187,12,12,12,0,TRUE
050,7,flashbaseline,-0.2934291833570015,NA,7,0,8,1,FALSE
050,7,petal,4.094841107476315,277.4640099987247,11,11,12,1,FALSE
050,7,fugal,2.472483584626461,156.16442992050804,12,12,12,0,TRUE
050,8,flashbaseline,0.5130623290746943,NA,8,0,8,0,TRUE
050,8,petal,4.535741132813102,322.6954864718316,12,12,12,0,TRUE
050,8,fugal,2.5542835524813747,184.88004655004667,12,12,12,0,TRUE
050,9,flashbaseline,0.9381930060806906,NA,8,0,8,0,TRUE
050,9,petal,3.876214634524976,274.3604023747365,12,12,12,0,TRUE
050,9,fugal,0.9511797128084885,48.929672968236474,11,11,12,1,FALSE
050,10,flashbaseline,0.15981072474696115,NA,8,0,8,0,TRUE
050,10,petal,4.093557585633926,289.9225899990033,12,12,12,0,TRUE
050,10,fugal,2.1331664893278055,154.7467271242445,12,12,12,0,TRUE
050,11,flashbaseline,0.17832036892974862,NA,8,0,8,0,TRUE
050,11,petal,4.134706516391866,268.10871169583703,12,12,12,0,TRUE
050,11,fugal,1.36041747264278,89.6368487479139,12,12,12,0,TRUE
050,12,flashbaseline,0.1580166961134727,NA,8,0,8,0,TRUE
050,12,petal,3.2654554229676354,207.3885882622267,12,12,12,0,TRUE
050,12,fugal,0.7719856574885519,60.09097694637453,12,12,12,0,TRUE
051,1,flashbaseline,-0.07132830948819355,NA,8,0,8,0,TRUE
051,1,petal,1.255112369398209,83.6790756209374,12,12,12,0,TRUE
051,1,fugal,1.110131220576233,76.78886168716923,12,12,12,0,TRUE
051,2,flashbaseline,0.7690963919836227,NA,8,0,8,0,TRUE
051,2,petal,1.7437865379411137,128.71746025196785,12,12,12,0,TRUE
051,2,fugal,1.492995955866237,101.95640105069653,12,12,12,0,TRUE
051,3,flashbaseline,0.04981096405625231,NA,8,0,8,0,TRUE
051,3,petal,0.5784034419964744,52.70220011509803,12,12,12,0,TRUE
051,3,fugal,-0.392279430342694,-33.65811862146009,12,12,12,0,TRUE
051,4,flashbaseline,-0.3114474488988848,NA,8,0,8,0,TRUE
051,4,petal,0.5961962949326172,43.82240593304004,12,12,12,0,TRUE
051,4,fugal,0.6977391224886962,53.98709264698564,12,12,12,0,TRUE
051,5,flashbaseline,0.6369810163759458,NA,8,0,8,0,TRUE
051,5,petal,1.6602455022551645,115.43241628917409,12,12,12,0,TRUE
051,5,fugal,0.6701257355415902,50.41361827002755,12,12,12,0,TRUE
051,6,flashbaseline,0.03169141132497222,NA,8,0,8,0,TRUE
051,6,petal,0.7227094340121455,48.59278184507705,12,12,12,0,TRUE
051,6,fugal,-0.11531460504992254,1.0673009116231875,12,12,12,0,TRUE
051,7,flashbaseline,0.16057413655816183,NA,8,0,8,0,TRUE
051,7,petal,1.3575262404153308,110.11821864474275,12,12,12,0,TRUE
051,7,fugal,0.05017431200204588,-0.15552672052535738,12,12,12,0,TRUE
051,8,flashbaseline,-0.3438519647218278,NA,8,0,8,0,TRUE
051,8,petal,1.400270260488267,90.29836469309262,12,12,12,0,TRUE
051,8,fugal,-0.7936121129309165,-64.74043712196902,12,12,12,0,TRUE
051,9,flashbaseline,-0.23785649043442642,NA,8,0,8,0,TRUE
051,9,petal,1.0108642093095,76.92250183799631,12,12,12,0,TRUE
051,9,fugal,-0.0244067192421418,-7.250183183030956,12,12,12,0,TRUE
051,10,flashbaseline,-0.019322522162322886,NA,8,0,8,0,TRUE
051,10,petal,1.3392922109426304,88.25957948510259,12,12,12,0,TRUE
051,10,fugal,0.7132050731701253,56.22459771650602,12,12,12,0,TRUE
051,11,flashbaseline,0.26186985032195054,NA,8,0,8,0,TRUE
051,11,petal,1.7182053776038044,120.83955752443346,12,12,12,0,TRUE
051,11,fugal,-1.0432875643419108,-70.67952173474843,12,12,12,0,TRUE
051,12,flashbaseline,0.18116805561213212,NA,8,0,8,0,TRUE
051,12,petal,1.1110951984720603,93.58993712509023,12,12,12,0,TRUE
051,12,fugal,-0.3096998550739323,-13.81390025245495,12,12,12,0,TRUE
052,1,flashbaseline,0.4582548479715064,NA,8,0,8,0,TRUE
052,1,petal,4.050021169927591,282.8165416298703,12,12,12,0,TRUE
052,1,fugal,3.4826269972814616,209.9057905835046,11,11,12,1,FALSE
053,1,flashbaseline,-0.27786164850137773,NA,8,0,8,0,TRUE
053,1,petal,1.8667580236263062,136.82242460627893,12,12,12,0,TRUE
053,1,fugal,1.3257883312187944,62.328777818317214,12,12,12,0,TRUE
053,2,flashbaseline,-0.4394777450922375,NA,8,0,8,0,TRUE
053,2,petal,1.4830110573907398,90.05258650346248,12,12,12,0,TRUE
053,2,fugal,1.6179169019499728,98.51681209289227,12,12,12,0,TRUE
053,3,flashbaseline,0.39748541432698964,NA,8,0,8,0,TRUE
053,3,petal,2.4138939079117008,169.25422155513888,12,12,12,0,TRUE
053,3,fugal,1.479285933614016,119.37077406000509,12,12,12,0,TRUE
053,4,flashbaseline,0.41333272452921055,NA,8,0,8,0,TRUE
053,4,petal,3.6008875422429516,249.9193959524312,12,12,12,0,TRUE
053,4,fugal,1.5773495818954053,106.44908168771208,12,12,12,0,TRUE
053,5,flashbaseline,-0.24132833956035413,NA,8,0,8,0,TRUE
053,5,petal,1.3352712863417668,95.85575773716204,12,12,12,0,TRUE
053,5,fugal,1.1298622207993407,79.73722642393108,12,12,12,0,TRUE
053,6,flashbaseline,-0.3109501006832508,NA,8,0,8,0,TRUE
053,6,petal,1.7244702695127752,128.76803531997749,12,12,12,0,TRUE
053,6,fugal,0.9786785194583069,76.5789285027414,12,12,12,0,TRUE
053,7,flashbaseline,0.3274125676408347,NA,8,0,8,0,TRUE
053,7,petal,1.9554586758132806,123.84417583584603,12,12,12,0,TRUE
053,7,fugal,0.5706782191043567,56.45994231900003,12,12,12,0,TRUE
053,8,flashbaseline,-0.37636017327424054,NA,8,0,8,0,TRUE
053,8,petal,1.3296167944153237,102.71471890317817,12,12,12,0,TRUE
053,8,fugal,1.6967013909535702,112.87333441416104,12,12,12,0,TRUE
053,9,flashbaseline,-0.9030920144125669,NA,8,0,8,0,TRUE
053,9,petal,2.9178505776346317,203.10595595258926,12,12,12,0,TRUE
053,9,fugal,2.2175733567463407,158.6895786521603,12,12,12,0,TRUE
053,10,flashbaseline,-0.4472491251867899,NA,8,0,8,0,TRUE
053,10,petal,0.779072205387108,70.57239284749224,12,12,12,0,TRUE
053,10,fugal,1.5085288979201572,121.86410848117626,12,12,12,0,TRUE
053,11,flashbaseline,-0.43382881530708794,NA,8,0,8,0,TRUE
053,11,petal,2.6633637284420284,176.75455343787868,12,12,12,0,TRUE
053,11,fugal,1.1969008284038662,106.82138575340855,12,12,12,0,TRUE
053,12,flashbaseline,0.6866248447247545,NA,8,0,8,0,TRUE
053,12,petal,1.153249720021898,53.30426981855709,12,12,12,0,TRUE
053,12,fugal,1.5046147572897337,115.39062124772566,12,12,12,0,TRUE
054,1,flashbaseline,-0.17688901864466064,NA,8,0,8,0,TRUE
054,1,petal,1.8413094987077554,115.15344580929248,12,12,12,0,TRUE
054,1,fugal,-0.5063602662037446,-36.248355044589566,12,12,12,0,TRUE
054,2,flashbaseline,-0.31369973871781487,NA,8,0,8,0,TRUE
054,2,petal,2.5194880491803198,169.29607994198253,12,12,12,0,TRUE
054,2,fugal,-1.0978589619118244,-86.10268030244025,12,12,12,0,TRUE
054,3,flashbaseline,0.044973678603792366,NA,8,0,8,0,TRUE
054,3,petal,2.6705540948217545,192.15015773411517,12,12,12,0,TRUE
054,3,fugal,-0.9293479873525446,-68.27583408950913,12,12,12,0,TRUE
054,4,flashbaseline,0.7791069190581101,NA,8,0,8,0,TRUE
054,4,petal,0.9580870840139359,59.84686681681892,12,12,12,0,TRUE
054,4,fugal,-0.9692786103854754,-78.75164786278717,12,12,12,0,TRUE
054,5,flashbaseline,-0.7718977753533506,NA,8,0,8,0,TRUE
054,5,petal,1.8068274555853123,139.42000149251732,12,12,12,0,TRUE
054,5,fugal,-1.3364380982725534,-106.15562719526,12,12,12,0,TRUE
054,6,flashbaseline,-0.8322210174110937,NA,8,0,8,0,TRUE
054,6,petal,1.365121821409448,80.87091552374062,12,12,12,0,TRUE
054,6,fugal,-0.8406503391069696,-61.56524053833489,12,12,12,0,TRUE
054,7,flashbaseline,0.27817739347266335,NA,8,0,8,0,TRUE
054,7,petal,1.8007228569219595,126.65285099353814,12,12,12,0,TRUE
054,7,fugal,-0.7126946278031432,-38.121973367537954,12,12,12,0,TRUE
054,8,flashbaseline,0.09124994219202845,NA,8,0,8,0,TRUE
054,8,petal,1.9276219988975234,136.43757817268784,12,12,12,0,TRUE
054,8,fugal,-0.5290314152199844,-47.84661450928976,12,12,12,0,TRUE
054,9,flashbaseline,0.6722691538832639,NA,8,0,8,0,TRUE
054,9,petal,1.8664084597005794,135.76973236557524,12,12,12,0,TRUE
054,9,fugal,-0.7306047319179186,-60.1123025443689,12,12,12,0,TRUE
054,10,flashbaseline,-0.3767773411657803,NA,8,0,8,0,TRUE
054,10,petal,2.635863286396198,187.29440816825604,12,12,12,0,TRUE
054,10,fugal,0.08752885007976847,-5.499334008700572,12,12,12,0,TRUE
054,11,flashbaseline,-0.0640358440413327,NA,8,0,8,0,TRUE
054,11,petal,1.9690184579580436,151.58917228961906,12,12,12,0,TRUE
054,11,fugal,-1.4089983566583364,-94.12326878034939,12,12,12,0,TRUE
054,12,flashbaseline,0.3541335211208004,NA,8,0,8,0,TRUE
054,12,petal,1.6007771186599487,117.75978412831331,12,12,12,0,TRUE
054,12,fugal,-1.1312025853379621,-69.67185848538199,12,12,12,0,TRUE
055,1,flashbaseline,0.32246991762546207,NA,8,0,8,0,TRUE
055,1,petal,2.567903883049659,179.87015302972625,12,12,12,0,TRUE
055,1,fugal,1.029055943650679,73.2671909378053,12,12,12,0,TRUE
055,2,flashbaseline,0.46386554859724505,NA,8,0,8,0,TRUE
055,2,petal,2.5898401709686594,183.37453677381487,12,12,12,0,TRUE
055,2,fugal,-0.9667671800114557,-79.39625643544878,12,12,12,0,TRUE
055,3,flashbaseline,-0.0963104584966804,NA,8,0,8,0,TRUE
055,3,petal,1.2024457283158219,84.76165923098262,12,12,12,0,TRUE
055,3,fugal,-0.9003372616104242,-72.9809383411016,12,12,12,0,TRUE
055,4,flashbaseline,-0.0023323455542006988,NA,8,0,8,0,TRUE
055,4,petal,1.7034609122362259,121.20273390090473,12,12,12,0,TRUE
055,4,fugal,0.16260044306572388,17.977303554632293,12,12,12,0,TRUE
055,5,flashbaseline,-0.16775154835619124,NA,8,0,8,0,TRUE
055,5,petal,1.168679131657393,86.29183482492358,12,12,12,0,TRUE
055,5,fugal,0.06788262228988735,6.4219425100492815,12,12,12,0,TRUE
055,6,flashbaseline,-0.10589025508049833,NA,8,0,8,0,TRUE
055,6,petal,1.6970350730545762,124.88033757310068,12,12,12,0,TRUE
055,6,fugal,-0.9671137973736015,-55.422641651833786,12,12,12,0,TRUE
055,7,flashbaseline,-0.3993198193954087,NA,8,0,8,0,TRUE
055,7,petal,2.500138052079586,194.33409232830394,12,12,12,0,TRUE
055,7,fugal,-0.5626441973912933,-26.19093075346038,12,12,12,0,TRUE
055,8,flashbaseline,-0.2598543808517151,NA,8,0,8,0,TRUE
055,8,petal,1.2785339972638627,74.23264816099228,12,12,12,0,TRUE
055,8,fugal,-1.187075484266674,-69.77752687511615,12,12,12,0,TRUE
055,9,flashbaseline,-0.5164591245407683,NA,8,0,8,0,TRUE
055,9,petal,1.7401771947417537,122.11753942843778,11,11,12,1,FALSE
055,9,fugal,-0.5762237973714521,-36.744667591365534,12,12,12,0,TRUE
055,10,flashbaseline,-1.0939880617628146,NA,8,0,8,0,TRUE
055,10,petal,1.892784308331349,141.84642443300825,12,12,12,0,TRUE
055,10,fugal,0.024682566335449897,3.4916547244458815,12,12,12,0,TRUE
055,11,flashbaseline,0.43094195714841604,NA,8,0,8,0,TRUE
055,11,petal,1.837320203518548,143.04584437259962,12,12,12,0,TRUE
055,11,fugal,-1.0894915233251226,-85.61189802142363,12,12,12,0,TRUE
055,12,flashbaseline,0.3200257542925077,NA,8,0,8,0,TRUE
055,12,petal,1.7945808733459234,123.66442145917686,12,12,12,0,TRUE
055,12,fugal,-0.7374016883221418,-32.54828432104036,12,12,12,0,TRUE
056,1,flashbaseline,0.20222224025650393,NA,8,0,8,0,TRUE
056,1,petal,4.462180797981859,303.9968286469159,12,12,12,0,TRUE
056,1,fugal,1.0514919829266696,71.66438559723613,12,12,12,0,TRUE
056,2,flashbaseline,-0.15796084490307616,NA,8,0,8,0,TRUE
056,2,petal,4.713827363097565,328.5522021517823,12,12,12,0,TRUE
056,2,fugal,2.0431196464173604,146.45420228301643,12,12,12,0,TRUE
056,3,flashbaseline,0.006540323650847446,NA,8,0,8,0,TRUE
056,3,petal,3.679633653624699,248.3784376305297,12,12,12,0,TRUE
056,3,fugal,2.2145937956152117,136.67281746244407,12,12,12,0,TRUE
056,4,flashbaseline,-0.3273809518431323,NA,8,0,8,0,TRUE
056,4,petal,4.4464654782343285,314.84917876166037,12,12,12,0,TRUE
056,4,fugal,2.352211174865956,149.36552268134332,12,12,12,0,TRUE
056,5,flashbaseline,-0.07392168656942294,NA,8,0,8,0,TRUE
056,5,petal,3.386574115057159,227.3723285764542,12,12,12,0,TRUE
056,5,fugal,1.7846349695631485,117.06398930684823,12,12,12,0,TRUE
056,6,flashbaseline,0.10191919343529748,NA,8,0,8,0,TRUE
056,6,petal,4.018355708001604,282.07442383901827,12,12,12,0,TRUE
056,6,fugal,2.1433989431028615,141.96726231992506,12,12,12,0,TRUE
056,7,flashbaseline,-0.22689478568149762,NA,8,0,8,0,TRUE
056,7,petal,3.959387478091449,269.4964856341183,12,12,12,0,TRUE
056,7,fugal,2.287239237528279,160.72774396318675,12,12,12,0,TRUE
056,8,flashbaseline,-0.9343698592298908,NA,8,0,8,0,TRUE
056,8,petal,4.208339677588386,287.42749063857,12,12,12,0,TRUE
056,8,fugal,2.647455859409678,184.12519390120912,12,12,12,0,TRUE
056,9,flashbaseline,-0.3126539872067067,NA,8,0,8,0,TRUE
056,9,petal,3.7331861903524404,266.7622319328897,12,12,12,0,TRUE
056,9,fugal,1.6838826496852606,108.5557362960137,12,12,12,0,TRUE
056,10,flashbaseline,-0.36327187202832045,NA,8,0,8,0,TRUE
056,10,petal,4.348189568803716,309.24124169487453,12,12,12,0,TRUE
056,10,fugal,1.5443044738673564,94.63280447858297,12,12,12,0,TRUE
056,11,flashbaseline,0.42333428039929877,NA,8,0,8,0,TRUE
056,11,petal,4.342927392490362,298.6379896810445,12,12,12,0,TRUE
056,11,fugal,2.3959806384079876,173.57637523485937,12,12,12,0,TRUE
056,12,flashbaseline,1.0410930544310593,NA,8,0,8,0,TRUE
056,12,petal,4.126977836015394,283.8671342891538,12,12,12,0,TRUE
056,12,fugal,1.4966814199716,100.08899526653285,12,12,12,0,TRUE
057,1,flashbaseline,0.144918968972524,NA,8,0,8,0,TRUE
057,1,petal,3.0712950551228193,219.66619747058223,12,12,12,0,TRUE
057,1,fugal,-0.4530018793002235,-9.73437806721626,12,12,12,0,TRUE
057,2,flashbaseline,0.45780644729053044,NA,8,0,8,0,TRUE
057,2,petal,2.8558208610911167,210.19377465620477,12,12,12,0,TRUE
057,2,fugal,-0.22118787802823725,-28.45874461661037,12,12,12,0,TRUE
057,3,flashbaseline,-1.474284225587103,NA,8,0,8,0,TRUE
057,3,petal,3.0244757865290883,197.67191577216244,12,12,12,0,TRUE
057,3,fugal,-1.112433445186785,-104.11232080289604,12,12,12,0,TRUE
057,4,flashbaseline,0.43467502774711647,NA,8,0,8,0,TRUE
057,4,petal,2.3928454600627562,172.9694108255919,12,12,12,0,TRUE
057,4,fugal,-0.20687962650273684,-20.403004632469262,12,12,12,0,TRUE
057,5,flashbaseline,-0.7998919057621633,NA,8,0,8,0,TRUE
057,5,petal,2.6727718574099764,180.47916770563455,12,12,12,0,TRUE
057,5,fugal,0.4566092055468775,27.283717625448748,12,12,12,0,TRUE
057,6,flashbaseline,-1.2184348728427623,NA,8,0,8,0,TRUE
057,6,petal,2.350505981597707,159.33037424656797,12,12,12,0,TRUE
057,6,fugal,-0.9872780830633812,-57.18389622814028,12,12,12,0,TRUE
057,7,flashbaseline,-0.34174669376567135,NA,8,0,8,0,TRUE
057,7,petal,3.3719252393993546,240.1975972289971,12,12,12,0,TRUE
057,7,fugal,0.4424005293727316,30.078625043565005,12,12,12,0,TRUE
057,8,flashbaseline,-0.5322124717696214,NA,8,0,8,0,TRUE
057,8,petal,3.564142392814383,242.19888618644427,12,12,12,0,TRUE
057,8,fugal,0.05916721131501697,4.467518799533609,12,12,12,0,TRUE
057,9,flashbaseline,0.21544121249648582,NA,8,0,8,0,TRUE
057,9,petal,3.187558939499895,231.2589333594739,12,12,12,0,TRUE
057,9,fugal,-0.08262942153781627,-8.585192696873648,12,12,12,0,TRUE
057,10,flashbaseline,-1.233612841360138,NA,8,0,8,0,TRUE
057,10,petal,3.6083576971559568,262.770619483583,12,12,12,0,TRUE
057,10,fugal,-0.8307242960118053,-65.2656140747461,12,12,12,0,TRUE
057,11,flashbaseline,0.47508020060521644,NA,8,0,8,0,TRUE
057,11,petal,3.0275947365123503,205.80696163871676,12,12,12,0,TRUE
057,11,fugal,-0.07556246580414079,5.493375837772874e-6,12,12,12,0,TRUE
057,12,flashbaseline,0.23643746250589237,NA,8,0,8,0,TRUE
057,12,petal,2.964548607132922,208.0023815393663,12,12,12,0,TRUE
057,12,fugal,-1.732093177346402,-119.46312530750428,12,12,12,0,TRUE
058,1,flashbaseline,0.33352841167264713,NA,8,0,8,0,TRUE
058,1,petal,2.402556223395924,157.78569427342572,12,12,12,0,TRUE
058,1,fugal,0.6647309977178144,39.687576922332966,12,12,12,0,TRUE
058,2,flashbaseline,0.8105383249281995,NA,8,0,8,0,TRUE
058,2,petal,2.3076664547042993,153.2605523785877,12,12,12,0,TRUE
058,2,fugal,0.7246198432220973,70.49089055354037,12,12,12,0,TRUE
058,3,flashbaseline,0.4082419016954831,NA,8,0,8,0,TRUE
058,3,petal,1.880242810933091,131.06434830435762,12,12,12,0,TRUE
058,3,fugal,1.5846171212321547,97.17962731001332,12,12,12,0,TRUE
058,4,flashbaseline,0.19548796180527866,NA,8,0,8,0,TRUE
058,4,petal,3.036839239567372,197.56958758369595,12,12,12,0,TRUE
058,4,fugal,1.311467612218869,80.27774114411235,12,12,12,0,TRUE
058,5,flashbaseline,0.2921738025150477,NA,8,0,8,0,TRUE
058,5,petal,2.7925134359298793,178.9896151172553,12,12,12,0,TRUE
058,5,fugal,0.7808768173952486,60.36003724191056,12,12,12,0,TRUE
058,6,flashbaseline,-1.2410626066601478,NA,8,0,8,0,TRUE
058,6,petal,1.9130138632804528,137.39699488190527,12,12,12,0,TRUE
058,6,fugal,0.9213932245993561,61.39975356070509,12,12,12,0,TRUE
058,7,flashbaseline,0.18924179269005578,NA,8,0,8,0,TRUE
058,7,petal,2.654160863075823,173.90887752177048,12,12,12,0,TRUE
058,7,fugal,1.704312208078288,118.78286661315522,12,12,12,0,TRUE
058,8,flashbaseline,0.21774950947263738,NA,8,0,8,0,TRUE
058,8,petal,3.1751800143675775,223.09989052330224,12,12,12,0,TRUE
058,8,fugal,0.6319614539871794,30.41761099206851,12,12,12,0,TRUE
058,9,flashbaseline,0.007057281594273726,NA,8,0,8,0,TRUE
058,9,petal,2.6634657996419926,173.39374343316547,12,12,12,0,TRUE
058,9,fugal,1.9423065088678186,143.3603160255513,12,12,12,0,TRUE
058,10,flashbaseline,-0.558608056237829,NA,8,0,8,0,TRUE
058,10,petal,1.8402757677157013,121.17546584782868,12,12,12,0,TRUE
058,10,fugal,1.8355969716186982,124.4706192069795,12,12,12,0,TRUE
058,11,flashbaseline,0.3279303317270615,NA,8,0,8,0,TRUE
058,11,petal,1.4799994143512127,115.11540115936796,12,12,12,0,TRUE
058,11,fugal,1.1668943596926595,82.92675788421666,12,12,12,0,TRUE
058,12,flashbaseline,-0.041237615486005755,NA,8,0,8,0,TRUE
058,12,petal,1.6239113885093164,102.47473135962342,12,12,12,0,TRUE
058,12,fugal,1.382125558101909,101.94387920447642,12,12,12,0,TRUE
059,1,flashbaseline,4.8245899267435055e-4,NA,8,0,8,0,TRUE
059,1,petal,0.626300140650297,57.36154347991726,12,12,12,0,TRUE
059,1,fugal,0.34379464401930404,-3.0897521009166224,12,12,12,0,TRUE
059,2,flashbaseline,-0.3924571295133126,NA,8,0,8,0,TRUE
059,2,petal,1.161919195063688,82.45762682020583,12,12,12,0,TRUE
059,2,fugal,1.110448036137909,73.06166402369821,12,12,12,0,TRUE
059,3,flashbaseline,0.334568722553844,NA,8,0,8,0,TRUE
059,3,petal,1.3893525901388695,108.21946751645184,12,12,12,0,TRUE
059,3,fugal,-0.00783012803678925,-4.786008271632023,12,12,12,0,TRUE
059,4,flashbaseline,0.22954954227877977,NA,8,0,8,0,TRUE
059,4,petal,0.41062451881027506,33.397979133384204,12,12,12,0,TRUE
059,4,fugal,-0.5176045865540143,-32.979843976489796,12,12,12,0,TRUE
059,5,flashbaseline,0.4116558019127146,NA,8,0,8,0,TRUE
059,5,petal,0.9932884437150874,75.85844268561503,12,12,12,0,TRUE
059,5,fugal,0.6803464578098375,32.61604163525525,12,12,12,0,TRUE
059,6,flashbaseline,-0.38951906106630646,NA,8,0,8,0,TRUE
059,6,petal,1.0930374405967915,77.44253307534811,12,12,12,0,TRUE
059,6,fugal,1.049116113963979,79.9924535329579,12,12,12,0,TRUE
059,7,flashbaseline,0.418161528540451,NA,8,0,8,0,TRUE
059,7,petal,0.701468169111983,63.712804143083,12,12,12,0,TRUE
059,7,fugal,0.08677261715737121,-4.068878671596788,12,12,12,0,TRUE
059,8,flashbaseline,-0.45696755755014673,NA,8,0,8,0,TRUE
059,8,petal,1.7094243975853065,122.40478326838395,12,12,12,0,TRUE
059,8,fugal,0.19230969658937047,14.39076975887863,12,12,12,0,TRUE
059,9,flashbaseline,0.09788975071304692,NA,8,0,8,0,TRUE
059,9,petal,1.7692632915265158,124.40389853252155,12,12,12,0,TRUE
059,9,fugal,-0.3196847609339915,-30.587774924890553,12,12,12,0,TRUE
059,10,flashbaseline,0.03423453660759762,NA,8,0,8,0,TRUE
059,10,petal,1.42629042277427,115.78663607582999,12,12,12,0,TRUE
059,10,fugal,-0.2940321053507351,-7.528485449583019,12,12,12,0,TRUE
059,11,flashbaseline,0.7206353200726239,NA,8,0,8,0,TRUE
059,11,petal,1.4605787683743883,109.09909133341773,12,12,12,0,TRUE
059,11,fugal,1.1781959370762445,77.63785166981245,12,12,12,0,TRUE
059,12,flashbaseline,-0.13191244941097346,NA,8,0,8,0,TRUE
059,12,petal,2.3198023024623327,162.77423254135846,12,12,12,0,TRUE
059,12,fugal,-0.0982371790173878,-16.63081161320802,12,12,12,0,TRUE
060,1,flashbaseline,0.08859459216665647,NA,8,0,8,0,TRUE
060,1,petal,2.3821936197505695,159.23522188346433,12,12,12,0,TRUE
060,1,fugal,-1.691433601304424,-138.44520099160962,12,12,12,0,TRUE
060,2,flashbaseline,-0.9779383323778355,NA,8,0,8,0,TRUE
060,2,petal,2.8267494738583787,199.9992733635967,12,12,12,0,TRUE
060,2,fugal,-0.7815084854420868,-54.47250417152257,12,12,12,0,TRUE
060,3,flashbaseline,1.782729982750706,NA,8,0,8,0,TRUE
060,3,petal,3.2439304175564643,225.45745110844433,12,12,12,0,TRUE
060,3,fugal,-1.1606296709018833,-70.52757702572006,12,12,12,0,TRUE
060,4,flashbaseline,-0.12783508188301962,NA,8,0,8,0,TRUE
060,4,petal,2.712852077664699,178.85891962128463,12,12,12,0,TRUE
060,4,fugal,-0.9920721051090166,-87.00554742330424,12,12,12,0,TRUE
060,5,flashbaseline,0.34927701748983325,NA,8,0,8,0,TRUE
060,5,petal,2.2312018493079013,156.6777319940642,12,12,12,0,TRUE
060,5,fugal,0.5730167632648235,65.05823185793818,12,12,12,0,TRUE
060,6,flashbaseline,0.7487621897734341,NA,8,0,8,0,TRUE
060,6,petal,2.764254330627936,207.0783921356219,12,12,12,0,TRUE
060,6,fugal,-0.4425229639586774,-38.03147428433768,12,12,12,0,TRUE
060,7,flashbaseline,0.09396085607487908,NA,8,0,8,0,TRUE
060,7,petal,1.3822061286782352,113.19605924003316,12,12,12,0,TRUE
060,7,fugal,0.33556860795205695,20.82327247536589,12,12,12,0,TRUE
060,8,flashbaseline,0.8710836939705671,NA,8,0,8,0,TRUE
060,8,petal,1.4632855314857824,97.41296631778175,12,12,12,0,TRUE
060,8,fugal,-0.42495830073491747,-29.911886667374322,12,12,12,0,TRUE
060,9,flashbaseline,-0.2917344764078864,NA,8,0,8,0,TRUE
060,9,petal,2.498824768524613,168.0713608878261,12,12,12,0,TRUE
060,9,fugal,0.10755340391502721,20.080451657693185,12,12,12,0,TRUE
060,10,flashbaseline,0.48086912532951,NA,8,0,8,0,TRUE
060,10,petal,2.3381307128625872,169.46909571106423,12,12,12,0,TRUE
060,10,fugal,1.0896875606948184,73.14849506444793,12,12,12,0,TRUE
060,11,flashbaseline,0.6969821409341657,NA,8,0,8,0,TRUE
060,11,petal,2.14190513503162,176.09036024957646,12,12,12,0,TRUE
060,11,fugal,-0.28574006021133097,-34.26222155684129,12,12,12,0,TRUE
060,12,flashbaseline,0.7623270477415378,NA,8,0,8,0,TRUE
060,12,petal,3.2860205587305082,221.57542287977415,12,12,12,0,TRUE
060,12,fugal,-0.09931627504880604,-16.594683035679658,12,12,12,0,TRUE
061,1,flashbaseline,0.3889621657331045,NA,8,0,8,0,TRUE
061,1,petal,3.1218355270384865,205.89687700531573,12,12,12,0,TRUE
061,1,fugal,0.9972750451498161,92.49652604914746,12,12,12,0,TRUE
061,2,flashbaseline,-0.17829542150465547,NA,8,0,8,0,TRUE
061,2,petal,3.6951503412155366,259.23388543163327,12,12,12,0,TRUE
061,2,fugal,1.9709080125499399,122.03636185027663,12,12,12,0,TRUE
061,3,flashbaseline,0.229738489774321,NA,8,0,8,0,TRUE
061,3,petal,4.034278630462026,270.8836923399091,12,12,12,0,TRUE
061,3,fugal,1.9849261454019986,128.26191120212786,12,12,12,0,TRUE
061,4,flashbaseline,0.20246635556627562,NA,8,0,8,0,TRUE
061,4,petal,3.611823761369914,244.2210661383492,12,12,12,0,TRUE
061,4,fugal,1.9112855288990729,113.93754522189676,12,12,12,0,TRUE
061,5,flashbaseline,-1.3947172233606642,NA,7,0,8,1,FALSE
061,5,petal,3.907169204860839,277.39175735697893,12,12,12,0,TRUE
061,5,fugal,1.0423526601707416,68.72600108202272,12,12,12,0,TRUE
061,6,flashbaseline,0.12741020921862722,NA,8,0,8,0,TRUE
061,6,petal,3.764274891986488,275.69565391778224,12,12,12,0,TRUE
061,6,fugal,1.6515861877256055,99.6724903028226,11,11,12,1,FALSE
061,7,flashbaseline,1.3027691373311536,NA,8,0,8,0,TRUE
061,7,petal,3.5071536591635106,248.4737943402529,12,12,12,0,TRUE
061,7,fugal,2.1096273288033065,149.3993351600886,12,12,12,0,TRUE
061,8,flashbaseline,-0.9210840265455893,NA,8,0,8,0,TRUE
061,8,petal,4.026318848310454,288.23304429737993,12,12,12,0,TRUE
061,8,fugal,1.384215059251663,97.76384215587919,11,11,12,1,FALSE
061,9,flashbaseline,0.1522822162391023,NA,8,0,8,0,TRUE
061,9,petal,4.134326821775453,267.01774086056884,12,12,12,0,TRUE
061,9,fugal,1.7703410273052282,116.85138530150743,12,12,12,0,TRUE
061,10,flashbaseline,-0.21047605292399688,NA,8,0,8,0,TRUE
061,10,petal,4.212296354549149,311.54250933158403,12,12,12,0,TRUE
061,10,fugal,2.377536768061227,164.58017255754922,11,11,12,1,FALSE
061,11,flashbaseline,-1.0370421858269592,NA,8,0,8,0,TRUE
061,11,petal,3.960789755760254,263.8256485860803,12,12,12,0,TRUE
061,11,fugal,1.4552239590066047,82.06279031060093,12,12,12,0,TRUE
061,12,flashbaseline,-1.2543286760970087,NA,8,0,8,0,TRUE
061,12,petal,5.306291467094686,364.34726814782925,12,12,12,0,TRUE
061,12,fugal,2.0441593667687905,134.19673396283545,12,12,12,0,TRUE
062,1,flashbaseline,-0.84280215394424,NA,8,0,8,0,TRUE
062,1,petal,3.0953292841515676,221.28835020876517,12,12,12,0,TRUE
062,1,fugal,-1.8829669875046577,-146.62519356451568,12,12,12,0,TRUE
062,2,flashbaseline,-0.007443477949529598,NA,8,0,8,0,TRUE
062,2,petal,3.2174400520443425,225.1595423440276,12,12,12,0,TRUE
062,2,fugal,-0.9781280058188765,-74.87245163173345,12,12,12,0,TRUE
062,3,flashbaseline,-0.22636216217592042,NA,8,0,8,0,TRUE
062,3,petal,2.591362118525114,183.30942209463015,12,12,12,0,TRUE
062,3,fugal,-1.1778688048418646,-90.79973465053646,12,12,12,0,TRUE
062,4,flashbaseline,0.7288522369120521,NA,8,0,8,0,TRUE
062,4,petal,3.1464516234505036,215.72553653112558,12,12,12,0,TRUE
062,4,fugal,-1.482141323140505,-109.96389707543625,12,12,12,0,TRUE
062,5,flashbaseline,0.3380949949337105,NA,8,0,8,0,TRUE
062,5,petal,3.3585405226521865,232.7890545882732,12,12,12,0,TRUE
062,5,fugal,-1.0359782538843845,-65.5641639166339,12,12,12,0,TRUE
062,6,flashbaseline,-0.06139835848229658,NA,8,0,8,0,TRUE
062,6,petal,2.6439197686044857,174.7199013412405,12,12,12,0,TRUE
062,6,fugal,-1.0380705311151686,-66.8828556064316,12,12,12,0,TRUE
062,7,flashbaseline,-0.2791228068340512,NA,8,0,8,0,TRUE
062,7,petal,3.0966389813093533,221.57476741861922,12,12,12,0,TRUE
062,7,fugal,-1.3594422463897446,-94.36627245095183,12,12,12,0,TRUE
062,8,flashbaseline,0.2286655190921002,NA,8,0,8,0,TRUE
062,8,petal,2.754621361426573,193.60999017538526,12,12,12,0,TRUE
062,8,fugal,-0.8280690130560299,-79.03464838104131,11,11,12,1,FALSE
062,9,flashbaseline,0.21822029304682622,NA,8,0,8,0,TRUE
062,9,petal,3.1203949416881067,223.77151658548013,12,12,12,0,TRUE
062,9,fugal,-1.7975482400608656,-131.65457409221486,12,12,12,0,TRUE
062,10,flashbaseline,-0.28994972480997505,NA,8,0,8,0,TRUE
062,10,petal,3.2985386193747206,234.9912993940765,12,12,12,0,TRUE
062,10,fugal,-1.01864232077209,-87.17410585275661,12,12,12,0,TRUE
062,11,flashbaseline,-0.513299795147076,NA,8,0,8,0,TRUE
062,11,petal,2.7893405294191687,196.71874600974385,12,12,12,0,TRUE
062,11,fugal,-1.0380352438514306,-81.19270120945713,12,12,12,0,TRUE
062,12,flashbaseline,0.21524390345411468,NA,8,0,8,0,TRUE
062,12,petal,2.4971267861347495,183.80148636689404,12,12,12,0,TRUE
062,12,fugal,-1.8466626364700824,-138.5602544284258,12,12,12,0,TRUE
063,1,flashbaseline,0.8343382058484787,NA,8,0,8,0,TRUE
063,1,petal,1.2859910934723935,71.71285789584915,12,12,12,0,TRUE
063,1,fugal,2.2522920594285756,157.46557652804697,12,12,12,0,TRUE
063,2,flashbaseline,0.4035481516934413,NA,8,0,8,0,TRUE
063,2,petal,2.5359977536260176,167.8335235223406,12,12,12,0,TRUE
063,2,fugal,1.5605034961087403,129.75446420646415,12,12,12,0,TRUE
063,3,flashbaseline,-0.49192602568865457,NA,8,0,8,0,TRUE
063,3,petal,2.9602015078265365,207.4858782350448,12,12,12,0,TRUE
063,3,fugal,2.08050896195596,158.6402817117909,12,12,12,0,TRUE
063,4,flashbaseline,-0.7848622872589421,NA,8,0,8,0,TRUE
063,4,petal,0.8392327064185781,61.3230071387991,12,12,12,0,TRUE
063,4,fugal,1.5714673294065789,125.7971926663442,12,12,12,0,TRUE
063,5,flashbaseline,0.030866651495934334,NA,8,0,8,0,TRUE
063,5,petal,2.0752326232550278,153.4712141785402,12,12,12,0,TRUE
063,5,fugal,1.442456780467084,104.00367098865371,12,12,12,0,TRUE
063,6,flashbaseline,0.06727862097502685,NA,8,0,8,0,TRUE
063,6,petal,3.871626529529721,258.66199893647627,12,12,12,0,TRUE
063,6,fugal,0.9684810373684146,64.26855270106638,12,12,12,0,TRUE
063,7,flashbaseline,-0.95790406097512,NA,8,0,8,0,TRUE
063,7,petal,2.0457910967885486,142.71691855577814,12,12,12,0,TRUE
063,7,fugal,1.1798020672978131,65.36264068510893,12,12,12,0,TRUE
063,8,flashbaseline,-0.4270994108445142,NA,8,0,8,0,TRUE
063,8,petal,1.2983367030812298,67.18797104301747,12,12,12,0,TRUE
063,8,fugal,0.31819777279125017,19.44110606397627,12,12,12,0,TRUE
063,9,flashbaseline,-0.11408900711266834,NA,8,0,8,0,TRUE
063,9,petal,2.7564590810351284,200.32251964390437,12,12,12,0,TRUE
063,9,fugal,1.2271071050225193,100.17079098450935,12,12,12,0,TRUE
063,10,flashbaseline,-0.24266904804977368,NA,8,0,8,0,TRUE
063,10,petal,1.8602842143071912,116.91545644093395,12,12,12,0,TRUE
063,10,fugal,0.4833243779179661,20.58775680218822,11,11,12,1,FALSE
063,11,flashbaseline,-1.3798115024354893,NA,8,0,8,0,TRUE
063,11,petal,1.2642033849181864,88.47275443312591,12,12,12,0,TRUE
063,11,fugal,1.2708421811515345,83.65355569577646,12,12,12,0,TRUE
063,12,flashbaseline,-0.540819237735322,NA,8,0,8,0,TRUE
063,12,petal,1.0474057708596958,42.87631474574696,12,12,12,0,TRUE
063,12,fugal,1.0599224510809544,73.23763870099589,12,12,12,0,TRUE
064,1,flashbaseline,-0.21896239384832117,NA,8,0,8,0,TRUE
064,1,petal,0.5901564015901792,48.169390102532425,12,12,12,0,TRUE
064,1,fugal,-1.8449643840446563,-139.4282205105307,12,12,12,0,TRUE
064,2,flashbaseline,0.17379920842094765,NA,8,0,8,0,TRUE
064,2,petal,1.128197026575543,78.64172711159279,12,12,12,0,TRUE
064,2,fugal,-1.5165803670411584,-101.56749844851494,12,12,12,0,TRUE
064,3,flashbaseline,0.27160393234370356,NA,8,0,8,0,TRUE
064,3,petal,1.830916626417217,120.11991640834768,12,12,12,0,TRUE
064,3,fugal,-1.4277385302679073,-103.34942611802427,12,12,12,0,TRUE
064,4,flashbaseline,-0.22605871101007805,NA,8,0,8,0,TRUE
064,4,petal,1.4084524950190813,97.34562460321084,12,12,12,0,TRUE
064,4,fugal,-1.4497079399383301,-102.78720324569119,12,12,12,0,TRUE
064,5,flashbaseline,-0.4488542401361866,NA,8,0,8,0,TRUE
064,5,petal,1.3705181964313844,99.6595553623235,12,12,12,0,TRUE
064,5,fugal,-1.1515639739635073,-88.24160267268941,12,12,12,0,TRUE
064,6,flashbaseline,-0.4628982340489475,NA,8,0,8,0,TRUE
064,6,petal,1.5128275294837632,116.3302175664726,12,12,12,0,TRUE
064,6,fugal,-0.8363024648842833,-68.7810060805914,12,12,12,0,TRUE
064,7,flashbaseline,-0.5737063255005761,NA,8,0,8,0,TRUE
064,7,petal,1.9923800363697577,141.7176737036188,12,12,12,0,TRUE
064,7,fugal,-1.7157728774341363,-120.21942302436952,12,12,12,0,TRUE
064,8,flashbaseline,-0.278315812887932,NA,8,0,8,0,TRUE
064,8,petal,0.5016561605602903,26.139934185162094,12,12,12,0,TRUE
064,8,fugal,-1.5988247400196842,-104.3766471948523,12,12,12,0,TRUE
064,9,flashbaseline,0.12228837898717584,NA,8,0,8,0,TRUE
064,9,petal,1.4574397572555409,115.60469774261453,12,12,12,0,TRUE
064,9,fugal,-1.5213530868451235,-110.3731880668116,12,12,12,0,TRUE
064,10,flashbaseline,-0.5609537467116847,NA,8,0,8,0,TRUE
064,10,petal,1.760280085163901,130.89857468890733,12,12,12,0,TRUE
064,10,fugal,-1.2324078009362394,-98.93467777882275,12,12,12,0,TRUE
064,11,flashbaseline,0.027105414964122387,NA,8,0,8,0,TRUE
064,11,petal,1.2850037074907614,85.30836592959848,12,12,12,0,TRUE
064,11,fugal,-1.472114969919694,-107.01013344595496,12,12,12,0,TRUE
064,12,flashbaseline,-0.13488875843627382,NA,8,0,8,0,TRUE
064,12,petal,1.2729595476280942,93.85620463273874,12,12,12,0,TRUE
064,12,fugal,-1.0782960481565287,-74.36840367422425,12,12,12,0,TRUE
065,1,flashbaseline,-0.3064433093404334,NA,8,0,8,0,TRUE
065,1,petal,2.580416679404162,171.99394783542388,12,12,12,0,TRUE
065,1,fugal,0.7696740294011444,47.847511843839555,12,12,12,0,TRUE
065,2,flashbaseline,0.06222285613644303,NA,8,0,8,0,TRUE
065,2,petal,3.9287495967758415,282.058903173093,12,12,12,0,TRUE
065,2,fugal,1.6154266906612653,91.90700017144977,12,12,12,0,TRUE
065,3,flashbaseline,-0.5364307957413216,NA,8,0,8,0,TRUE
065,3,petal,2.7151537654792044,181.5920392604161,12,12,12,0,TRUE
065,3,fugal,0.5034601242361875,28.63210930383857,12,12,12,0,TRUE
065,4,flashbaseline,-0.00764995442413291,NA,8,0,8,0,TRUE
065,4,petal,2.910507586275731,202.79567328157393,12,12,12,0,TRUE
065,4,fugal,1.4733431953054954,109.14588149093535,12,12,12,0,TRUE
065,5,flashbaseline,1.4346887405172017,NA,8,0,8,0,TRUE
065,5,petal,3.8292907877328117,273.31399262208873,12,12,12,0,TRUE
065,5,fugal,0.2209806207924056,-3.439037718330077,12,12,12,0,TRUE
065,6,flashbaseline,-0.42157637776949264,NA,8,0,8,0,TRUE
065,6,petal,4.443299953699468,311.598080544598,12,12,12,0,TRUE
065,6,fugal,-0.8492311587772388,-66.25872893054876,12,12,12,0,TRUE
065,7,flashbaseline,-0.5095450856965917,NA,8,0,8,0,TRUE
065,7,petal,3.287101618354698,214.46041852462452,11,11,12,1,FALSE
065,7,fugal,0.9817325730645995,86.66130024853872,12,12,12,0,TRUE
065,8,flashbaseline,0.45778478026729824,NA,8,0,8,0,TRUE
065,8,petal,4.064204130929841,277.59555595861303,12,12,12,0,TRUE
065,8,fugal,0.09642172110186069,-1.6808152909734728,12,12,12,0,TRUE
065,9,flashbaseline,-0.7323681635259385,NA,8,0,8,0,TRUE
065,9,petal,3.451932094999021,247.04490515735898,12,12,12,0,TRUE
065,9,fugal,-0.07709267607112999,-15.613384100786556,12,12,12,0,TRUE
065,10,flashbaseline,-1.26447436547434,NA,8,0,8,0,TRUE
065,10,petal,4.303732512867804,304.44819245050275,12,12,12,0,TRUE
065,10,fugal,1.179162872681516,58.57028357512219,12,12,12,0,TRUE
065,11,flashbaseline,-0.32002726354125305,NA,8,0,8,0,TRUE
065,11,petal,3.8895762002614136,270.46908417303774,12,12,12,0,TRUE
065,11,fugal,0.3563709927231011,25.23968706601541,12,12,12,0,TRUE
065,12,flashbaseline,-0.6644261254509745,NA,8,0,8,0,TRUE
065,12,petal,4.005327029204871,275.61572869773255,12,12,12,0,TRUE
065,12,fugal,-0.33899396034906876,-52.16081627805474,12,12,12,0,TRUE
066,1,flashbaseline,0.19618856035501495,NA,8,0,8,0,TRUE
066,1,petal,3.9024500725199056,273.47030143780455,12,12,12,0,TRUE
066,1,fugal,0.5076689151542931,15.930445139717317,12,12,12,0,TRUE
066,2,flashbaseline,0.39962760882577064,NA,8,0,8,0,TRUE
066,2,petal,3.2135220756305483,222.9734820898489,12,12,12,0,TRUE
066,2,fugal,-0.5391307585453683,-41.535709504043005,12,12,12,0,TRUE
066,3,flashbaseline,-0.125875587087855,NA,8,0,8,0,TRUE
066,3,petal,3.6158934739272133,249.85700869272458,12,12,12,0,TRUE
066,3,fugal,0.34518436237425554,20.116717251805653,12,12,12,0,TRUE
066,4,flashbaseline,-0.1976741064043303,NA,8,0,8,0,TRUE
066,4,petal,3.3269884986229155,233.1147899961031,12,12,12,0,TRUE
066,4,fugal,-0.5074440044028752,-47.90948885417547,12,12,12,0,TRUE
066,5,flashbaseline,-0.3711968843722537,NA,8,0,8,0,TRUE
066,5,petal,3.3310301710785417,242.4552900157462,12,12,12,0,TRUE
066,5,fugal,-0.5765976733635527,-37.80964275954784,12,12,12,0,TRUE
066,6,flashbaseline,-0.40166096945382335,NA,8,0,8,0,TRUE
066,6,petal,3.0009130858022677,211.85762790339442,12,12,12,0,TRUE
066,6,fugal,-0.35000406688031027,-17.205695493619714,12,12,12,0,TRUE
066,7,flashbaseline,0.26816212007258156,NA,8,0,8,0,TRUE
066,7,petal,3.066447669138669,215.12211338453093,12,12,12,0,TRUE
066,7,fugal,0.1967088923292088,2.3822200715965507,12,12,12,0,TRUE
066,8,flashbaseline,0.4877134478091233,NA,8,0,8,0,TRUE
066,8,petal,3.1940064451482,219.53282841577746,12,12,12,0,TRUE
066,8,fugal,-0.9617692180648968,-69.37391145803343,12,12,12,0,TRUE
066,9,flashbaseline,-0.3200256040977806,NA,8,0,8,0,TRUE
066,9,petal,3.6805052619607967,261.91684222213144,12,12,12,0,TRUE
066,9,fugal,-0.4755829231273323,-46.5938370964174,12,12,12,0,TRUE
066,10,flashbaseline,0.15451043659639963,NA,8,0,8,0,TRUE
066,10,petal,3.6998894820901063,261.65873648267376,12,12,12,0,TRUE
066,10,fugal,-0.5492789162352684,-43.125528145329895,12,12,12,0,TRUE
066,11,flashbaseline,-0.3205380768144347,NA,8,0,8,0,TRUE
066,11,petal,3.4018437969806503,224.04152281526098,12,12,12,0,TRUE
066,11,fugal,-0.027381952325326347,-13.182567660859206,12,12,12,0,TRUE
066,12,flashbaseline,-0.32300884800924967,NA,8,0,8,0,TRUE
066,12,petal,3.1464439814119207,213.5207719048231,12,12,12,0,TRUE
066,12,fugal,-0.8760489655998815,-56.66243310259866,12,12,12,0,TRUE
067,1,flashbaseline,-0.5119516169005975,NA,8,0,8,0,TRUE
067,1,petal,3.6695228044401884,245.3383181064675,12,12,12,0,TRUE
067,1,fugal,0.38438627947077414,12.390698279320322,12,12,12,0,TRUE
067,2,flashbaseline,-0.283721345530086,NA,8,0,8,0,TRUE
067,2,petal,3.4457073940285685,229.8075794322576,12,12,12,0,TRUE
067,2,fugal,0.8955154992503689,49.032936190149606,12,12,12,0,TRUE
067,3,flashbaseline,-0.05815958127157443,NA,8,0,8,0,TRUE
067,3,petal,1.7266362936486621,123.70654025272128,12,12,12,0,TRUE
067,3,fugal,-0.43681211741601805,-30.65380994358654,12,12,12,0,TRUE
067,4,flashbaseline,0.14392198026074765,NA,8,0,8,0,TRUE
067,4,petal,1.8392712006945149,125.7780632407123,12,12,12,0,TRUE
067,4,fugal,-0.009668957338271444,-4.2465399773748755,12,12,12,0,TRUE
067,5,flashbaseline,-0.6705239733987727,NA,8,0,8,0,TRUE
067,5,petal,2.118984612735691,167.88906452992663,12,12,12,0,TRUE
067,5,fugal,-0.8667685771179958,-60.78651575963936,12,12,12,0,TRUE
067,6,flashbaseline,-0.47364238643385603,NA,8,0,8,0,TRUE
067,6,petal,2.366275728058656,181.3532950458284,12,12,12,0,TRUE
067,6,fugal,-1.458604334264682,-102.90930026808077,12,12,12,0,TRUE
067,7,flashbaseline,-0.1668395016590435,NA,8,0,8,0,TRUE
067,7,petal,2.957873193994515,229.07959877293058,12,12,12,0,TRUE
067,7,fugal,-1.4749716365268868,-110.61796972242263,12,12,12,0,TRUE
067,8,flashbaseline,-0.35466695667522774,NA,8,0,8,0,TRUE
067,8,petal,3.060453860397005,217.77855654928902,12,12,12,0,TRUE
067,8,fugal,-2.333724723026504,-157.46531419975153,12,12,12,0,TRUE
067,9,flashbaseline,0.0025401515260935204,NA,8,0,8,0,TRUE
067,9,petal,2.3823661363965445,174.02796636290347,12,12,12,0,TRUE
067,9,fugal,-2.313263998623761,-173.41566971412146,12,12,12,0,TRUE
067,10,flashbaseline,-0.29786202595520306,NA,8,0,8,0,TRUE
067,10,petal,2.7075628349286878,191.84886326536954,12,12,12,0,TRUE
067,10,fugal,-1.483203888862414,-109.23334697314404,12,12,12,0,TRUE
067,11,flashbaseline,0.9645467815668035,NA,8,0,8,0,TRUE
067,11,petal,2.0160489215576836,131.6257250192861,12,12,12,0,TRUE
067,11,fugal,-2.1577650860547486,-144.18342028718033,12,12,12,0,TRUE
067,12,flashbaseline,0.03606506133646605,NA,8,0,8,0,TRUE
067,12,petal,0.7776311539394304,51.78384936114116,12,12,12,0,TRUE
067,12,fugal,-3.383090584735216,-234.71118804350684,12,12,12,0,TRUE
068,1,flashbaseline,0.16776710150839935,NA,8,0,8,0,TRUE
068,1,petal,4.168645411638381,292.25474192451105,12,12,12,0,TRUE
068,1,fugal,-0.5020570145615225,-74.69079014492661,11,11,12,1,FALSE
068,2,flashbaseline,-0.4115207863573034,NA,8,0,8,0,TRUE
068,2,petal,4.55713128683977,312.1447994836441,12,12,12,0,TRUE
068,2,fugal,0.5140707122362966,31.28214315752516,12,12,12,0,TRUE
068,3,flashbaseline,0.240385756735712,NA,8,0,8,0,TRUE
068,3,petal,4.983143828554064,337.4382093209742,12,12,12,0,TRUE
068,3,fugal,0.8656421042680497,53.821691993823706,12,12,12,0,TRUE
068,4,flashbaseline,0.48504079979343506,NA,8,0,8,0,TRUE
068,4,petal,4.454158626797202,300.73235055644665,12,12,12,0,TRUE
068,4,fugal,1.0504457638917784,71.51027212691551,12,12,12,0,TRUE
068,5,flashbaseline,-0.010298182602528794,NA,8,0,8,0,TRUE
068,5,petal,4.5788190306695675,314.3097790051354,12,12,12,0,TRUE
068,5,fugal,0.843084004927605,52.83763844339008,12,12,12,0,TRUE
068,6,flashbaseline,0.16128018940346253,NA,8,0,8,0,TRUE
068,6,petal,5.1386916594807905,355.0949451701551,12,12,12,0,TRUE
068,6,fugal,0.5595859821820984,37.968923030614704,12,12,12,0,TRUE
068,7,flashbaseline,0.4342648742682722,NA,8,0,8,0,TRUE
068,7,petal,4.957941227898371,343.9720266056776,12,12,12,0,TRUE
068,7,fugal,0.6979450178730621,46.696253992871995,12,12,12,0,TRUE
068,8,flashbaseline,-0.06773594190551241,NA,8,0,8,0,TRUE
068,8,petal,4.855675261066861,330.5162428217096,12,12,12,0,TRUE
068,8,fugal,0.9053579938011521,53.57618864947959,12,12,12,0,TRUE
068,9,flashbaseline,-0.21684795817804128,NA,8,0,8,0,TRUE
068,9,petal,5.00316933571409,342.53747602722575,12,12,12,0,TRUE
068,9,fugal,0.7097345455393276,35.91423293716357,12,12,12,0,TRUE
068,10,flashbaseline,-0.1926876127474994,NA,8,0,8,0,TRUE
068,10,petal,4.471317055646532,300.78664160590256,12,12,12,0,TRUE
068,10,fugal,0.8973691848637567,63.199021363095405,12,12,12,0,TRUE
068,11,flashbaseline,0.27859442020571756,NA,8,0,8,0,TRUE
068,11,petal,4.939815176637657,337.78509530063883,12,12,12,0,TRUE
068,11,fugal,1.2124164177409806,82.66800410430479,12,12,12,0,TRUE
068,12,flashbaseline,-0.10638109399552248,NA,8,0,8,0,TRUE
068,12,petal,4.710535289361527,323.8928102325169,12,12,12,0,TRUE
068,12,fugal,1.2557557477319716,75.68163197514222,12,12,12,0,TRUE
069,1,flashbaseline,-0.5504348570641499,NA,8,0,8,0,TRUE
069,1,petal,4.354980503775713,305.89489455449984,12,12,12,0,TRUE
069,1,fugal,3.1441623782633474,213.62141708623182,12,12,12,0,TRUE
069,2,flashbaseline,-0.21675441369398468,NA,8,0,8,0,TRUE
069,2,petal,4.366113297895574,295.2817678677136,12,12,12,0,TRUE
069,2,fugal,2.8320895394626295,179.7323912568741,12,12,12,0,TRUE
069,3,flashbaseline,0.03911774895687589,NA,8,0,8,0,TRUE
069,3,petal,4.539063104703239,314.1249257662432,12,12,12,0,TRUE
069,3,fugal,3.2581273848360643,213.35552180529194,12,12,12,0,TRUE
069,4,flashbaseline,-0.24308289895122023,NA,7,0,8,1,FALSE
069,4,petal,4.2187004995150605,280.79823810737776,12,12,12,0,TRUE
069,4,fugal,3.3582586810708306,216.00923511044186,11,11,12,1,FALSE
069,5,flashbaseline,0.4055951885898511,NA,8,0,8,0,TRUE
069,5,petal,4.234697398223556,279.7481279840056,12,12,12,0,TRUE
069,5,fugal,3.362340988121244,234.59074529761685,12,12,12,0,TRUE
069,6,flashbaseline,-0.11179572799361387,NA,8,0,8,0,TRUE
069,6,petal,4.093032823035155,273.6736207987048,11,11,12,1,FALSE
069,6,fugal,2.89600049248723,198.47560993657484,11,11,12,1,FALSE
069,7,flashbaseline,-0.10052317847194724,NA,8,0,8,0,TRUE
069,7,petal,4.331008463864107,287.391409873472,11,11,12,1,FALSE
069,7,fugal,2.998508290728043,207.8779172579781,12,12,12,0,TRUE
069,8,flashbaseline,-0.09362165184028623,NA,8,0,8,0,TRUE
069,8,petal,4.205142064142708,283.8851430402078,12,12,12,0,TRUE
069,8,fugal,3.6794786719406885,255.29431193548035,12,12,12,0,TRUE
069,9,flashbaseline,0.016487440945122916,NA,8,0,8,0,TRUE
069,9,petal,4.065619383097072,272.06595713019544,11,11,12,1,FALSE
069,9,fugal,3.02609181400013,208.62464745194217,12,12,12,0,TRUE
069,10,flashbaseline,-0.04744634597589019,NA,8,0,8,0,TRUE
069,10,petal,4.33061657690844,292.0953966197722,12,12,12,0,TRUE
069,10,fugal,2.8174008760791653,191.75569705148456,12,12,12,0,TRUE
069,11,flashbaseline,0.678708851386033,NA,8,0,8,0,TRUE
069,11,petal,4.2571291476944335,289.1926188629411,12,12,12,0,TRUE
069,11,fugal,3.090435661756436,189.865556482158,11,11,12,1,FALSE
069,12,flashbaseline,-0.7725763960937168,NA,8,0,8,0,TRUE
069,12,petal,3.91603735307975,261.4631482779221,12,12,12,0,TRUE
069,12,fugal,3.2956450579601295,220.08621214269826,12,12,12,0,TRUE
070,1,flashbaseline,0.17522315501656255,NA,8,0,8,0,TRUE
070,1,petal,2.1368399815181727,137.51562859888367,12,12,12,0,TRUE
070,1,fugal,-0.5447181412356212,-58.67544130830238,12,12,12,0,TRUE
070,2,flashbaseline,0.32071006936641777,NA,8,0,8,0,TRUE
070,2,petal,3.3634015806200237,234.34866993904265,12,12,12,0,TRUE
070,2,fugal,-0.69456180909423,-65.71857335147428,12,12,12,0,TRUE
070,3,flashbaseline,-0.23778812017696005,NA,8,0,8,0,TRUE
070,3,petal,3.4101540353359714,230.74476186362998,12,12,12,0,TRUE
070,3,fugal,-1.0864504578618632,-79.66164591027534,12,12,12,0,TRUE
070,4,flashbaseline,-0.05376873801550394,NA,8,0,8,0,TRUE
070,4,petal,2.466478643342115,167.30899613162515,12,12,12,0,TRUE
070,4,fugal,-0.10066079059393158,-12.144311015707997,12,12,12,0,TRUE
070,5,flashbaseline,-0.33869267900093675,NA,8,0,8,0,TRUE
070,5,petal,2.5415619936611376,176.6223282102104,12,12,12,0,TRUE
070,5,fugal,-0.9833565901227836,-78.39159675386168,12,12,12,0,TRUE
070,6,flashbaseline,-0.48615153439388514,NA,8,0,8,0,TRUE
070,6,petal,2.485251685799217,192.07725797025293,12,12,12,0,TRUE
070,6,fugal,-0.7353525732329225,-45.61309396868745,12,12,12,0,TRUE
070,7,flashbaseline,-0.031186040640590384,NA,8,0,8,0,TRUE
070,7,petal,2.7593906562333097,198.67880123097055,12,12,12,0,TRUE
070,7,fugal,0.141123488555022,0.9735991507392077,12,12,12,0,TRUE
070,8,flashbaseline,-0.32335947667847004,NA,8,0,8,0,TRUE
070,8,petal,4.035895883293815,290.4167539466719,12,12,12,0,TRUE
070,8,fugal,-0.8002779126182963,-58.47550355038664,12,12,12,0,TRUE
070,9,flashbaseline,-0.04297267075429634,NA,8,0,8,0,TRUE
070,9,petal,2.822588791293169,185.35155008056458,12,12,12,0,TRUE
070,9,fugal,0.25127166552206703,14.828045589649836,12,12,12,0,TRUE
070,10,flashbaseline,-0.22332279567561497,NA,8,0,8,0,TRUE
070,10,petal,2.5066386332540254,174.38591580604927,12,12,12,0,TRUE
070,10,fugal,-0.46564979462831757,-20.817497034340086,12,12,12,0,TRUE
070,11,flashbaseline,0.019519020976277668,NA,8,0,8,0,TRUE
070,11,petal,2.8399247811375083,189.72762848862476,12,12,12,0,TRUE
070,11,fugal,0.3271107931646148,30.840097019483185,12,12,12,0,TRUE
070,12,flashbaseline,-0.15554486386432476,NA,8,0,8,0,TRUE
070,12,petal,3.0836386874621717,205.3810956470727,12,12,12,0,TRUE
070,12,fugal,0.23064586155216743,10.221125842039404,12,12,12,0,TRUE
071,1,flashbaseline,0.40863606159884813,NA,8,0,8,0,TRUE
071,1,petal,2.9082862226341715,204.4489144959213,12,12,12,0,TRUE
071,1,fugal,-0.8440025409375397,-56.79125642845704,12,12,12,0,TRUE
071,2,flashbaseline,-0.02460221820465658,NA,8,0,8,0,TRUE
071,2,petal,2.6774745290352193,188.24589656152443,12,12,12,0,TRUE
071,2,fugal,-0.8860607590135734,-58.57539939096538,12,12,12,0,TRUE
071,3,flashbaseline,-0.013855795279682781,NA,8,0,8,0,TRUE
071,3,petal,2.5819964559856072,184.06234449943395,12,12,12,0,TRUE
071,3,fugal,0.10252908632175058,12.763493278169037,12,12,12,0,TRUE
071,4,flashbaseline,-0.39839138963178944,NA,8,0,8,0,TRUE
071,4,petal,2.4565172887450024,175.6061070412094,12,12,12,0,TRUE
071,4,fugal,0.36695502817329445,30.54870774618607,12,12,12,0,TRUE
071,5,flashbaseline,0.7263552859681974,NA,8,0,8,0,TRUE
071,5,petal,3.3960753898480673,244.61731295239045,12,12,12,0,TRUE
071,5,fugal,-0.15310478460881405,-23.871059625222127,12,12,12,0,TRUE
071,6,flashbaseline,0.30882630928249466,NA,8,0,8,0,TRUE
071,6,petal,2.590388016899996,181.22752069712726,12,12,12,0,TRUE
071,6,fugal,-0.6618166269788291,-49.0569928264489,12,12,12,0,TRUE
071,7,flashbaseline,-0.0018741440192034386,NA,8,0,8,0,TRUE
071,7,petal,2.4925655605203616,171.39125473389095,12,12,12,0,TRUE
071,7,fugal,-0.15960410682613863,-17.729169508377804,12,12,12,0,TRUE
071,8,flashbaseline,0.3680929377542756,NA,8,0,8,0,TRUE
071,8,petal,2.536083175534888,172.6681500188388,12,12,12,0,TRUE
071,8,fugal,-1.0210187318737876,-74.69194651637532,12,12,12,0,TRUE
071,9,flashbaseline,-0.38414376361012914,NA,8,0,8,0,TRUE
071,9,petal,2.4113345854851147,174.17485184561218,12,12,12,0,TRUE
071,9,fugal,-1.0844688659890718,-83.39365201219235,12,12,12,0,TRUE
071,10,flashbaseline,0.055358420744840764,NA,8,0,8,0,TRUE
071,10,petal,2.2723485927160407,143.30343276872432,12,12,12,0,TRUE
071,10,fugal,-0.538906594553921,-49.76641937497943,12,12,12,0,TRUE
071,11,flashbaseline,-0.08584097965702067,NA,8,0,8,0,TRUE
071,11,petal,2.565161138138977,186.94331488569998,12,12,12,0,TRUE
071,11,fugal,-0.35185524455242123,-24.34853319255448,12,12,12,0,TRUE
071,12,flashbaseline,0.21473199666620502,NA,8,0,8,0,TRUE
071,12,petal,1.7923676615420872,120.22446078336763,12,12,12,0,TRUE
071,12,fugal,-0.7637488734096098,-55.71468512778752,12,12,12,0,TRUE
072,1,flashbaseline,0.18339052120107258,NA,8,0,8,0,TRUE
072,1,petal,3.2050855679198165,221.32747839466765,12,12,12,0,TRUE
072,1,fugal,0.8558927137144078,49.377822737759075,12,12,12,0,TRUE
072,2,flashbaseline,0.804225736496522,NA,8,0,8,0,TRUE
072,2,petal,1.1644743596888643,55.553286677148215,12,12,12,0,TRUE
072,2,fugal,1.2110940245511788,61.16037179829988,12,12,12,0,TRUE
072,3,flashbaseline,0.6266949125434054,NA,8,0,8,0,TRUE
072,3,petal,2.753263396140296,165.2648484624255,12,12,12,0,TRUE
072,3,fugal,0.04083278398542569,8.726024057421247,12,12,12,0,TRUE
072,4,flashbaseline,-0.7462954067954436,NA,8,0,8,0,TRUE
072,4,petal,2.6820135299528993,164.43559996592225,12,12,12,0,TRUE
072,4,fugal,-0.49938479394508695,-54.2028877018232,12,12,12,0,TRUE
072,5,flashbaseline,-0.008136765347286357,NA,8,0,8,0,TRUE
072,5,petal,2.906485078409214,182.9042520841318,12,12,12,0,TRUE
072,5,fugal,0.20938292220049592,9.737916570776958,12,12,12,0,TRUE
072,6,flashbaseline,0.25207952162969666,NA,8,0,8,0,TRUE
072,6,petal,4.162953376091091,290.93575529414335,12,12,12,0,TRUE
072,6,fugal,-0.14978524122179115,23.992379335734377,12,12,12,0,TRUE
072,7,flashbaseline,-0.8313696341489534,NA,8,0,8,0,TRUE
072,7,petal,3.25883954583991,215.83185323162124,12,12,12,0,TRUE
072,7,fugal,-0.04984124463042257,3.3323628985329607,12,12,12,0,TRUE
072,8,flashbaseline,0.36254880194899536,NA,8,0,8,0,TRUE
072,8,petal,3.451584672994549,232.7326726395242,12,12,12,0,TRUE
072,8,fugal,0.902714536612453,45.55058817489081,12,12,12,0,TRUE
072,9,flashbaseline,-0.37092112048975895,NA,8,0,8,0,TRUE
072,9,petal,2.933929290365676,171.48782356399244,12,12,12,0,TRUE
072,9,fugal,-0.32561739792983035,-21.102622565687987,12,12,12,0,TRUE
072,10,flashbaseline,-0.6761684464449906,NA,8,0,8,0,TRUE
072,10,petal,2.3092957871185606,148.10947948159603,12,12,12,0,TRUE
072,10,fugal,0.2578126997028177,30.560041603687164,12,12,12,0,TRUE
072,11,flashbaseline,-0.11162072706416352,NA,8,0,8,0,TRUE
072,11,petal,2.803251569149832,167.02595851374167,12,12,12,0,TRUE
072,11,fugal,-0.2881094895071014,-45.55794326760186,12,12,12,0,TRUE
072,12,flashbaseline,0.5398492107170666,NA,8,0,8,0,TRUE
072,12,petal,2.259282241260059,161.4338359746075,12,12,12,0,TRUE
072,12,fugal,0.5396504363302581,33.5250801026397,12,12,12,0,TRUE
073,1,flashbaseline,0.343514143072457,NA,8,0,8,0,TRUE
073,1,petal,2.7562431301166295,207.97693243967643,12,12,12,0,TRUE
073,1,fugal,0.8271395514391451,58.37369458117161,11,11,12,1,FALSE
073,2,flashbaseline,-0.8203125092481081,NA,8,0,8,0,TRUE
073,2,petal,3.102314335996715,192.672885512279,12,12,12,0,TRUE
073,2,fugal,1.920446735886512,138.99239223099437,12,12,12,0,TRUE
073,3,flashbaseline,0.671703563961862,NA,8,0,8,0,TRUE
073,3,petal,2.4868592211405405,182.20076192189669,12,12,12,0,TRUE
073,3,fugal,1.737598541136465,90.98742958774396,12,12,12,0,TRUE
073,4,flashbaseline,-0.42552779688781883,NA,8,0,8,0,TRUE
073,4,petal,2.0474536236359855,148.4411253036139,12,12,12,0,TRUE
073,4,fugal,0.548239835409435,41.155949509677086,12,12,12,0,TRUE
073,5,flashbaseline,0.447923195296369,NA,8,0,8,0,TRUE
073,5,petal,2.4397874242870667,145.13565623091856,12,12,12,0,TRUE
073,5,fugal,0.8360283529689245,50.71573474954566,12,12,12,0,TRUE
073,6,flashbaseline,0.5280658013850632,NA,8,0,8,0,TRUE
073,6,petal,1.584937248195408,105.01761114497486,12,12,12,0,TRUE
073,6,fugal,0.4782240600762952,30.461711203299654,12,12,12,0,TRUE
073,7,flashbaseline,0.20290008930839493,NA,8,0,8,0,TRUE
073,7,petal,3.0599111250773294,240.1604541221164,12,12,12,0,TRUE
073,7,fugal,-0.07269512789925973,-5.1044161052999515,12,12,12,0,TRUE
073,8,flashbaseline,0.9536207887808968,NA,8,0,8,0,TRUE
073,8,petal,3.8029915528213385,237.0092022035866,12,12,12,0,TRUE
073,8,fugal,0.7219998372351143,33.1828550506427,12,12,12,0,TRUE
073,9,flashbaseline,0.042993989417709655,NA,8,0,8,0,TRUE
073,9,petal,2.4086673545809383,155.7091601101431,12,12,12,0,TRUE
073,9,fugal,0.8908055919203617,55.95507386076602,12,12,12,0,TRUE
073,10,flashbaseline,-1.3882001238419976,NA,8,0,8,0,TRUE
073,10,petal,3.284954802925024,224.73990403401106,12,12,12,0,TRUE
073,10,fugal,1.4182768911073302,101.89483137672612,12,12,12,0,TRUE
073,11,flashbaseline,0.7911691838136738,NA,8,0,8,0,TRUE
073,11,petal,2.0652613862231393,151.22004229256413,12,12,12,0,TRUE
073,11,fugal,-0.5264029968279201,-26.0730451487508,12,12,12,0,TRUE
073,12,flashbaseline,-0.3621848671122785,NA,8,0,8,0,TRUE
073,12,petal,2.6893100790541684,194.16207164208996,12,12,12,0,TRUE
073,12,fugal,0.770004467466292,68.08923146832501,12,12,12,0,TRUE
074,1,flashbaseline,0.40349218199573855,NA,8,0,8,0,TRUE
074,1,petal,4.103796262215041,279.99331237680644,12,12,12,0,TRUE
074,1,fugal,2.4600669127935526,174.9513796083575,12,12,12,0,TRUE
074,2,flashbaseline,0.2540596935432106,NA,8,0,8,0,TRUE
074,2,petal,4.289124389035031,292.9738446210593,12,12,12,0,TRUE
074,2,fugal,-0.09839148283824417,-25.08112529929068,12,12,12,0,TRUE
074,3,flashbaseline,-0.2692514912162234,NA,8,0,8,0,TRUE
074,3,petal,3.3418098061567765,223.64420647908236,12,12,12,0,TRUE
074,3,fugal,0.20254206391600166,12.386816615106085,12,12,12,0,TRUE
074,4,flashbaseline,-0.22110541735648692,NA,8,0,8,0,TRUE
074,4,petal,4.623381882282725,331.9132600483228,12,12,12,0,TRUE
074,4,fugal,0.5007029971338159,21.735524385303354,12,12,12,0,TRUE
074,5,flashbaseline,0.08024382058649143,NA,8,0,8,0,TRUE
074,5,petal,4.680660679655426,333.11557061993904,12,12,12,0,TRUE
074,5,fugal,0.19991587264597893,15.182352818662325,12,12,12,0,TRUE
074,6,flashbaseline,-0.16859648876321243,NA,8,0,8,0,TRUE
074,6,petal,3.846555893074908,269.2210797279073,12,12,12,0,TRUE
074,6,fugal,0.744170905129662,27.914211869268758,12,12,12,0,TRUE
074,7,flashbaseline,0.49299830906469577,NA,8,0,8,0,TRUE
074,7,petal,5.00883932216976,332.8375690203332,12,12,12,0,TRUE
074,7,fugal,-0.17849341038992217,-28.328627127390185,12,12,12,0,TRUE
074,8,flashbaseline,0.20396836292848503,NA,8,0,8,0,TRUE
074,8,petal,4.545126791583341,308.1286078416304,12,12,12,0,TRUE
074,8,fugal,-0.2799415948729379,-26.66659968410181,12,12,12,0,TRUE
074,9,flashbaseline,0.7411466701000401,NA,8,0,8,0,TRUE
074,9,petal,5.368101537292602,369.5558033078666,12,12,12,0,TRUE
074,9,fugal,-0.7031866540594205,-57.568924097581245,12,12,12,0,TRUE
074,10,flashbaseline,0.05715942089101164,NA,8,0,8,0,TRUE
074,10,petal,4.7433573062633405,328.5949730919076,12,12,12,0,TRUE
074,10,fugal,-0.26345365294419587,-17.73321515170027,12,12,12,0,TRUE
074,11,flashbaseline,-0.29332968723092223,NA,8,0,8,0,TRUE
074,11,petal,4.538065456972214,302.80527338563445,12,12,12,0,TRUE
074,11,fugal,-0.21448325182624853,-43.93220361126687,12,12,12,0,TRUE
074,12,flashbaseline,0.13023209337472333,NA,8,0,8,0,TRUE
074,12,petal,4.3041061462488575,299.29822393388275,12,12,12,0,TRUE
074,12,fugal,-0.22725916370463428,-11.083028507603625,12,12,12,0,TRUE
075,1,flashbaseline,-0.5452682555781948,NA,8,0,8,0,TRUE
075,1,petal,1.599029257608529,106.01725073840737,12,12,12,0,TRUE
075,1,fugal,2.6411100038865856,165.61942737706946,12,12,12,0,TRUE
075,2,flashbaseline,0.3685099410494027,NA,8,0,8,0,TRUE
075,2,petal,-1.1257343451458135,-80.64222488049484,12,12,12,0,TRUE
075,2,fugal,-0.2150916615650782,-31.187720849831745,12,12,12,0,TRUE
075,3,flashbaseline,-0.03668105168042661,NA,8,0,8,0,TRUE
075,3,petal,-3.382973193390576,-261.2706615043854,12,12,12,0,TRUE
075,3,fugal,-0.7795560743659649,-56.683117689740534,12,12,12,0,TRUE
075,4,flashbaseline,-0.43013546735663466,NA,8,0,8,0,TRUE
075,4,petal,-1.9599788539674763,-179.777084777714,12,12,12,0,TRUE
075,4,fugal,-2.763961856745477,-185.17743608712618,12,12,12,0,TRUE
075,5,flashbaseline,0.48430615171920627,NA,8,0,8,0,TRUE
075,5,petal,-1.7873804988731332,-154.3613459057422,12,12,12,0,TRUE
075,5,fugal,-0.20497807851402997,-11.458725236177708,12,12,12,0,TRUE
075,6,flashbaseline,0.5956691116474395,NA,8,0,8,0,TRUE
075,6,petal,-0.24108958451054696,-37.75431169619791,12,12,12,0,TRUE
075,6,fugal,-0.7926788372786117,-60.39756528349782,12,12,12,0,TRUE
075,7,flashbaseline,0.5532549154203974,NA,8,0,8,0,TRUE
075,7,petal,-2.8111452081107333,-209.50990827121524,12,12,12,0,TRUE
075,7,fugal,-1.7024780495843883,-122.76945192670263,12,12,12,0,TRUE
075,8,flashbaseline,-0.6607652889482307,NA,8,0,8,0,TRUE
075,8,petal,-4.577419652644155,-319.14314332464767,12,12,12,0,TRUE
075,8,fugal,-1.4039430717757395,-100.01612445148659,12,12,12,0,TRUE
075,9,flashbaseline,-1.5841453019613596,NA,8,0,8,0,TRUE
075,9,petal,-3.515984061930277,-255.09301506316092,12,12,12,0,TRUE
075,9,fugal,-2.4837162825669563,-170.29698295593226,12,12,12,0,TRUE
075,10,flashbaseline,1.0639833564980863,NA,8,0,8,0,TRUE
075,10,petal,-4.438549403715219,-327.8482539030547,12,12,12,0,TRUE
075,10,fugal,-2.8997086746393714,-217.1347112915388,12,12,12,0,TRUE
075,11,flashbaseline,-0.07578067174752896,NA,8,0,8,0,TRUE
075,11,petal,-4.03883273200479,-299.84207170393074,12,12,12,0,TRUE
075,11,fugal,-0.838420772466488,-82.33293837015215,12,12,12,0,TRUE
075,12,flashbaseline,-0.11417224007829835,NA,8,0,8,0,TRUE
075,12,petal,-2.2243465399633267,-183.63025270886516,12,12,12,0,TRUE
075,12,fugal,0.2463376434467322,7.615993427337564,12,12,12,0,TRUE
076,1,flashbaseline,0.2796680588873456,NA,8,0,8,0,TRUE
076,1,petal,4.2322787340952255,296.55499924659455,12,12,12,0,TRUE
076,1,fugal,1.5873038850577215,92.76465674980057,12,12,12,0,TRUE
076,2,flashbaseline,0.09515780765236365,NA,7,0,8,1,FALSE
076,2,petal,3.776755296760994,248.81297671554847,12,12,12,0,TRUE
076,2,fugal,0.19108743835448236,-3.2209938768014736,12,12,12,0,TRUE
076,3,flashbaseline,0.11241552306507885,NA,8,0,8,0,TRUE
076,3,petal,3.939970672925806,271.97371687168146,12,12,12,0,TRUE
076,3,fugal,-0.4221909672158376,-17.608269336219625,11,11,12,1,FALSE
076,4,flashbaseline,0.4018030818487632,NA,8,0,8,0,TRUE
076,4,petal,3.7120268465608337,268.95776036339294,11,11,12,1,FALSE
076,4,fugal,-0.5768642303575529,-40.315968309729065,12,12,12,0,TRUE
076,5,flashbaseline,0.060369739296839975,NA,8,0,8,0,TRUE
076,5,petal,3.4891761762493774,243.8340330762785,12,12,12,0,TRUE
076,5,fugal,-0.5848064443759164,-36.171001800664406,11,11,12,1,FALSE
076,6,flashbaseline,-0.48634776939819196,NA,8,0,8,0,TRUE
076,6,petal,4.358200597896777,296.55072117370526,12,12,12,0,TRUE
076,6,fugal,-1.2919046797735623,-80.11084807608495,12,12,12,0,TRUE
076,7,flashbaseline,0.034008113380540744,NA,8,0,8,0,TRUE
076,7,petal,4.226391017113981,303.5969480888265,11,11,12,1,FALSE
076,7,fugal,-0.8194067120416062,-53.865810887203864,12,12,12,0,TRUE
076,8,flashbaseline,-0.6661735197992278,NA,8,0,8,0,TRUE
076,8,petal,3.478531033251173,240.66142270590996,12,12,12,0,TRUE
076,8,fugal,-0.9238660342114554,-73.88822689779623,12,12,12,0,TRUE
076,9,flashbaseline,0.3877136193055744,NA,8,0,8,0,TRUE
076,9,petal,3.5855072199519964,244.35512676604927,12,12,12,0,TRUE
076,9,fugal,-0.361819934441693,-39.202038045344274,12,12,12,0,TRUE
076,10,flashbaseline,0.2698595633877472,NA,8,0,8,0,TRUE
076,10,petal,4.287544152021937,287.4747045689825,12,12,12,0,TRUE
076,10,fugal,0.36631819524781656,29.813458657396772,12,12,12,0,TRUE
076,11,flashbaseline,-0.11875947553823285,NA,8,0,8,0,TRUE
076,11,petal,4.065793791772593,288.98481296238367,12,12,12,0,TRUE
076,11,fugal,-0.5914782949036441,-33.137690662665904,9,9,12,3,FALSE
076,12,flashbaseline,0.11974898232454961,NA,8,0,8,0,TRUE
076,12,petal,3.943958056818426,257.15102971842316,12,12,12,0,TRUE
076,12,fugal,-1.2189366176722547,-62.74322804041457,12,12,12,0,TRUE
077,1,flashbaseline,0.5292809228064494,NA,8,0,8,0,TRUE
077,1,petal,2.582784948347258,167.20292316334334,11,11,12,1,FALSE
077,1,fugal,1.3090481622165806,92.05808072969934,12,12,12,0,TRUE
077,2,flashbaseline,0.7920631585131158,NA,8,0,8,0,TRUE
077,2,petal,2.4198135925811126,161.47766730814294,12,12,12,0,TRUE
077,2,fugal,1.0941926020302695,67.80596188455408,12,12,12,0,TRUE
077,3,flashbaseline,0.1641708381564805,NA,8,0,8,0,TRUE
077,3,petal,1.3309287098492173,96.86855413660086,12,12,12,0,TRUE
077,3,fugal,1.73156361634373,126.69023994018781,12,12,12,0,TRUE
077,4,flashbaseline,-0.45646071627739154,NA,8,0,8,0,TRUE
077,4,petal,2.7215617926549487,193.8437746657675,12,12,12,0,TRUE
077,4,fugal,1.2884794062655989,87.89788575220946,12,12,12,0,TRUE
077,5,flashbaseline,0.3070682905887716,NA,7,0,8,1,FALSE
077,5,petal,3.0421115242743118,202.78335356825272,11,11,12,1,FALSE
077,5,fugal,0.7743584772004145,54.275497781894046,12,12,12,0,TRUE
077,6,flashbaseline,-0.3603034773532301,NA,8,0,8,0,TRUE
077,6,petal,2.8065966682826784,187.76458936417316,12,12,12,0,TRUE
077,6,fugal,0.9191387778818839,60.69835858641109,12,12,12,0,TRUE
077,7,flashbaseline,0.06334129081234635,NA,8,0,8,0,TRUE
077,7,petal,2.0587773722205966,150.3493546170104,12,12,12,0,TRUE
077,7,fugal,0.04946790424262325,5.953751633672968,12,12,12,0,TRUE
077,8,flashbaseline,0.4929809723409847,NA,8,0,8,0,TRUE
077,8,petal,2.5714839877656823,181.38938809976148,12,12,12,0,TRUE
077,8,fugal,1.510186995145371,104.89573035231533,12,12,12,0,TRUE
077,9,flashbaseline,-0.8405606891113216,NA,8,0,8,0,TRUE
077,9,petal,2.7005991415917476,188.4592158332647,12,12,12,0,TRUE
077,9,fugal,0.8084920988870719,50.98008145617513,12,12,12,0,TRUE
077,10,flashbaseline,-0.174791069213393,NA,8,0,8,0,TRUE
077,10,petal,2.549816096322472,170.74118489003348,12,12,12,0,TRUE
077,10,fugal,0.3828383023208601,17.219940497317754,12,12,12,0,TRUE
077,11,flashbaseline,-0.08438144899233879,NA,8,0,8,0,TRUE
077,11,petal,2.91590725981577,203.66765440218217,11,11,12,1,FALSE
077,11,fugal,0.6063835604147272,34.92615432137849,12,12,12,0,TRUE
077,12,flashbaseline,-0.45566640701242345,NA,8,0,8,0,TRUE
077,12,petal,2.043156697501085,130.21009763381127,11,11,12,1,FALSE
077,12,fugal,0.8432975669858905,65.84857514099531,12,12,12,0,TRUE
078,1,flashbaseline,-0.7432740647370458,NA,8,0,8,0,TRUE
078,1,petal,2.6900837911970052,177.94683860048457,12,12,12,0,TRUE
078,1,fugal,1.5053813961262386,132.57585526946042,12,12,12,0,TRUE
078,2,flashbaseline,0.48672906099860525,NA,8,0,8,0,TRUE
078,2,petal,3.1723800698510596,216.3202053450136,11,11,12,1,FALSE
078,2,fugal,0.3119899415509977,35.579326692939475,11,11,12,1,FALSE
078,3,flashbaseline,0.05436020323080348,NA,8,0,8,0,TRUE
078,3,petal,3.125525828800912,198.88622343523735,12,12,12,0,TRUE
078,3,fugal,0.7384526471396796,58.12255981619984,11,11,12,1,FALSE
078,4,flashbaseline,0.3981251990874948,NA,8,0,8,0,TRUE
078,4,petal,3.2970500034913908,212.76406673911058,12,12,12,0,TRUE
078,4,fugal,1.4273853997638382,110.08284836300705,12,12,12,0,TRUE
078,5,flashbaseline,0.6350390080840413,NA,8,0,8,0,TRUE
078,5,petal,2.9700396179147943,196.74098286585962,12,12,12,0,TRUE
078,5,fugal,1.1258794044472231,81.77842406778385,12,12,12,0,TRUE
078,6,flashbaseline,-0.3490210377180592,NA,8,0,8,0,TRUE
078,6,petal,3.3417492657544434,212.15288707274718,12,12,12,0,TRUE
078,6,fugal,1.1928383196094516,66.6001619311144,12,12,12,0,TRUE
078,7,flashbaseline,-0.383882054483758,NA,8,0,8,0,TRUE
078,7,petal,3.825421161011604,257.9819288066567,12,12,12,0,TRUE
078,7,fugal,-0.499325439913033,-9.528137164592536,12,12,12,0,TRUE
078,8,flashbaseline,-1.3316938761951522,NA,8,0,8,0,TRUE
078,8,petal,3.653526557464675,234.80564337710854,12,12,12,0,TRUE
078,8,fugal,1.4410823997061568,114.99208498866454,12,12,12,0,TRUE
078,9,flashbaseline,-0.9423515107660264,NA,8,0,8,0,TRUE
078,9,petal,3.2040036018822646,208.8867487543153,12,12,12,0,TRUE
078,9,fugal,0.928972328903235,65.4443649974181,12,12,12,0,TRUE
078,10,flashbaseline,0.9357465543555668,NA,8,0,8,0,TRUE
078,10,petal,3.491521043694736,234.97862820078842,12,12,12,0,TRUE
078,10,fugal,0.36367908856402165,52.143301677279,12,12,12,0,TRUE
078,11,flashbaseline,0.4576302708144892,NA,8,0,8,0,TRUE
078,11,petal,4.016115722115504,273.4754332782008,12,12,12,0,TRUE
078,11,fugal,0.42982354157284125,25.89988270849267,12,12,12,0,TRUE
078,12,flashbaseline,0.2598835916311918,NA,8,0,8,0,TRUE
078,12,petal,3.367338073247476,227.44271054568136,12,12,12,0,TRUE
078,12,fugal,-0.7515977847637212,-62.18709629052088,12,12,12,0,TRUE
079,1,flashbaseline,0.044156349720220915,NA,8,0,8,0,TRUE
079,1,petal,3.7002290341675232,243.49027433828326,12,12,12,0,TRUE
079,1,fugal,2.9576674147433066,202.5830082402214,12,12,12,0,TRUE
079,2,flashbaseline,-0.3346081843821355,NA,8,0,8,0,TRUE
079,2,petal,3.9455501853407693,267.7953106729104,12,12,12,0,TRUE
079,2,fugal,2.8088058697979728,175.79819320893893,11,11,12,1,FALSE
079,3,flashbaseline,0.2760236135866738,NA,8,0,8,0,TRUE
079,3,petal,3.4201021239193676,218.93904887794784,12,12,12,0,TRUE
079,3,fugal,3.312596549974398,225.69612693467104,12,12,12,0,TRUE
079,4,flashbaseline,0.6262688013063379,NA,8,0,8,0,TRUE
079,4,petal,3.315468078680935,210.2194966912541,12,12,12,0,TRUE
079,4,fugal,3.591141138726153,248.04610995784188,12,12,12,0,TRUE
079,5,flashbaseline,0.4931733641039733,NA,8,0,8,0,TRUE
079,5,petal,3.314834280920214,218.69643805066036,12,12,12,0,TRUE
079,5,fugal,3.7440100285086726,255.2506223074681,12,12,12,0,TRUE
079,6,flashbaseline,0.6010943902180852,NA,8,0,8,0,TRUE
079,6,petal,3.9261067843522834,267.1120986528858,12,12,12,0,TRUE
079,6,fugal,3.6889568062953066,259.0301188311514,12,12,12,0,TRUE
079,7,flashbaseline,0.2608208585225874,NA,8,0,8,0,TRUE
079,7,petal,3.895034853203463,264.9179450992346,11,11,12,1,FALSE
079,7,fugal,3.8897814801848507,272.88807229761466,12,12,12,0,TRUE
079,8,flashbaseline,-0.5373418192989987,NA,8,0,8,0,TRUE
079,8,petal,3.6352873090003732,243.93737544419838,12,12,12,0,TRUE
079,8,fugal,4.045960032749397,279.5314045415928,12,12,12,0,TRUE
079,9,flashbaseline,0.07421032565002872,NA,8,0,8,0,TRUE
079,9,petal,4.13237399383081,282.51805582872254,12,12,12,0,TRUE
079,9,fugal,3.3817673097166816,236.353402267523,12,12,12,0,TRUE
079,10,flashbaseline,-0.7245562390989161,NA,8,0,8,0,TRUE
079,10,petal,3.3638361306831697,214.65786683910068,12,12,12,0,TRUE
079,10,fugal,3.8181919865821583,266.9969653525952,12,12,12,0,TRUE
079,11,flashbaseline,-1.2575867450339449,NA,8,0,8,0,TRUE
079,11,petal,4.088369092204415,279.26022144588273,12,12,12,0,TRUE
079,11,fugal,3.4639586882110596,238.62668872577973,12,12,12,0,TRUE
079,12,flashbaseline,0.21810178069604136,NA,8,0,8,0,TRUE
079,12,petal,4.3903036259849575,290.2418593130928,12,12,12,0,TRUE
079,12,fugal,3.773421395552619,258.41577362454296,12,12,12,0,TRUE
080,1,flashbaseline,0.1480531083692738,NA,8,0,8,0,TRUE
080,1,petal,-0.3517520392839309,-17.506062224105335,12,12,12,0,TRUE
080,1,fugal,-2.955220498628619,-205.8622889335207,12,12,12,0,TRUE
080,2,flashbaseline,0.40483566707058893,NA,8,0,8,0,TRUE
080,2,petal,0.05205249366726383,7.190273701518088,12,12,12,0,TRUE
080,2,fugal,-1.459820639426118,-90.6877959688544,12,12,12,0,TRUE
080,3,flashbaseline,-0.0767210481954479,NA,8,0,8,0,TRUE
080,3,petal,-0.7136992221784959,-75.15845984333897,12,12,12,0,TRUE
080,3,fugal,-3.05385265587204,-217.55760257355968,12,12,12,0,TRUE
080,4,flashbaseline,0.0994164161831903,NA,7,0,8,1,FALSE
080,4,petal,-0.05126498846522565,10.516518627131369,12,12,12,0,TRUE
080,4,fugal,-1.821344208908528,-120.86558122073222,12,12,12,0,TRUE
080,5,flashbaseline,0.3253898706588027,NA,8,0,8,0,TRUE
080,5,petal,-0.19904675636155392,-3.8983571344149937,12,12,12,0,TRUE
080,5,fugal,-2.5773870994940764,-180.80857454110446,12,12,12,0,TRUE
080,6,flashbaseline,0.17528588030557601,NA,8,0,8,0,TRUE
080,6,petal,-1.1410558727370639,-67.26935938735004,12,12,12,0,TRUE
080,6,fugal,-2.347336212183339,-166.33865512400095,12,12,12,0,TRUE
080,7,flashbaseline,0.24473974995004283,NA,8,0,8,0,TRUE
080,7,petal,-1.4031178087799363,-86.87703522976624,12,12,12,0,TRUE
080,7,fugal,-3.2249865744771946,-217.3092724770158,12,12,12,0,TRUE
080,8,flashbaseline,-0.5124798564896401,NA,7,0,8,1,FALSE
080,8,petal,-2.224472500723181,-153.64636637122175,12,12,12,0,TRUE
080,8,fugal,-3.050941243406736,-229.25363702355537,12,12,12,0,TRUE
080,9,flashbaseline,-0.1703900244365484,NA,8,0,8,0,TRUE
080,9,petal,-0.2006458172499136,-22.082102657285652,11,11,12,1,FALSE
080,9,fugal,-2.8273579155171427,-201.37432726918152,12,12,12,0,TRUE
080,10,flashbaseline,-0.520233998347366,NA,8,0,8,0,TRUE
080,10,petal,-0.9068186697217787,-74.79411898170727,12,12,12,0,TRUE
080,10,fugal,-2.4679650066740075,-156.83042808348358,12,12,12,0,TRUE
080,11,flashbaseline,0.4377968044483386,NA,8,0,8,0,TRUE
080,11,petal,-2.06321296685759,-129.46954909676145,12,12,12,0,TRUE
080,11,fugal,-3.1295798271585307,-216.81219542535263,12,12,12,0,TRUE
080,12,flashbaseline,0.12887338621361144,NA,8,0,8,0,TRUE
080,12,petal,-1.6831843620200955,-120.0467582295984,12,12,12,0,TRUE
080,12,fugal,-3.021605180734262,-215.84750029338335,12,12,12,0,TRUE
081,1,flashbaseline,0.29637899870215784,NA,8,0,8,0,TRUE
081,1,petal,0.5012878905094891,32.21892846812692,12,12,12,0,TRUE
081,1,fugal,-0.8094228736044178,-64.93923121375936,12,12,12,0,TRUE
081,2,flashbaseline,-0.7925884769329719,NA,8,0,8,0,TRUE
081,2,petal,0.31897332774637244,17.522736363067235,12,12,12,0,TRUE
081,2,fugal,-0.2092056433666295,-13.631251408195062,12,12,12,0,TRUE
081,3,flashbaseline,-0.4465613952273172,NA,8,0,8,0,TRUE
081,3,petal,1.1284266219130923,85.73245661540076,12,12,12,0,TRUE
081,3,fugal,-0.5006818935321916,-25.095311159042417,12,12,12,0,TRUE
081,4,flashbaseline,0.19010982128720572,NA,8,0,8,0,TRUE
081,4,petal,0.7797589666286706,60.82859028490357,12,12,12,0,TRUE
081,4,fugal,-0.26086600557123873,-29.37761893951897,12,12,12,0,TRUE
081,5,flashbaseline,-0.29407257561613076,NA,8,0,8,0,TRUE
081,5,petal,0.09240105432185247,19.616708784980386,12,12,12,0,TRUE
081,5,fugal,-0.45972311213033734,-19.70954251831415,12,12,12,0,TRUE
081,6,flashbaseline,0.19693094841159975,NA,8,0,8,0,TRUE
081,6,petal,1.4048220946490604,104.08157446788292,12,12,12,0,TRUE
081,6,fugal,-1.1027059072885186,-76.55282775581718,12,12,12,0,TRUE
081,7,flashbaseline,-0.2716264768722271,NA,8,0,8,0,TRUE
081,7,petal,-0.20915423867464492,0.3278784601002419,12,12,12,0,TRUE
081,7,fugal,-1.1734464665931614,-91.47243716985933,12,12,12,0,TRUE
081,8,flashbaseline,-0.3914519408246614,NA,8,0,8,0,TRUE
081,8,petal,0.518494281576775,45.473934705298625,12,12,12,0,TRUE
081,8,fugal,-0.6786627123254557,-51.60254784445747,12,12,12,0,TRUE
081,9,flashbaseline,0.4947905326867297,NA,8,0,8,0,TRUE
081,9,petal,0.20983375616086605,21.092499816293884,12,12,12,0,TRUE
081,9,fugal,-0.9855814973592748,-62.85508772761521,12,12,12,0,TRUE
081,10,flashbaseline,-0.1306860213336008,NA,8,0,8,0,TRUE
081,10,petal,0.14173215545399157,12.770304386998918,12,12,12,0,TRUE
081,10,fugal,-0.72070569471319,-41.5583837160512,11,11,12,1,FALSE
081,11,flashbaseline,0.3493358275949259,NA,8,0,8,0,TRUE
081,11,petal,0.8643482881775444,57.48949624073252,12,12,12,0,TRUE
081,11,fugal,-0.9389013777979935,-51.12714944294241,12,12,12,0,TRUE
081,12,flashbaseline,0.28861172491580533,NA,8,0,8,0,TRUE
081,12,petal,0.14398140429186937,14.83734768564264,12,12,12,0,TRUE
081,12,fugal,-0.7126871559202486,-39.137279753433994,12,12,12,0,TRUE
082,1,flashbaseline,0.6742693963115209,NA,8,0,8,0,TRUE
082,1,petal,0.7390251878489629,57.37354206512534,12,12,12,0,TRUE
082,1,fugal,0.6620431586064237,39.05030047824341,12,12,12,0,TRUE
082,2,flashbaseline,0.21160278652263897,NA,8,0,8,0,TRUE
082,2,petal,0.6849714379364881,38.07487621075994,12,12,12,0,TRUE
082,2,fugal,0.6797371954759142,45.93315579176503,12,12,12,0,TRUE
082,3,flashbaseline,-0.719042177040763,NA,8,0,8,0,TRUE
082,3,petal,0.7051891857991739,47.54160870229012,12,12,12,0,TRUE
082,3,fugal,0.991606141438083,63.39458405070415,11,11,12,1,FALSE
082,4,flashbaseline,-0.5534034399896639,NA,8,0,8,0,TRUE
082,4,petal,0.6144431053120922,57.182531099992616,12,12,12,0,TRUE
082,4,fugal,1.4335704175647426,107.03349834485522,11,11,12,1,FALSE
082,5,flashbaseline,0.7189103740451032,NA,8,0,8,0,TRUE
082,5,petal,-0.7661935272398314,-32.67644448658995,12,12,12,0,TRUE
082,5,fugal,0.6902043237804111,50.86802268800982,11,11,12,1,FALSE
082,6,flashbaseline,-0.43415871488516383,NA,8,0,8,0,TRUE
082,6,petal,0.03859774227383309,15.239792097585376,12,12,12,0,TRUE
082,6,fugal,0.7339854525245889,32.67002472467414,11,11,12,1,FALSE
082,7,flashbaseline,-0.33149541710983776,NA,8,0,8,0,TRUE
082,7,petal,-0.2194276358970934,-10.375243987736757,12,12,12,0,TRUE
082,7,fugal,1.2978409948015643,82.22005791149387,12,12,12,0,TRUE
082,8,flashbaseline,0.47158499887518784,NA,8,0,8,0,TRUE
082,8,petal,-0.3398731037574751,-27.344561316840068,12,12,12,0,TRUE
082,8,fugal,0.24188229087673266,22.206015125057867,12,12,12,0,TRUE
082,9,flashbaseline,0.22784197036730264,NA,8,0,8,0,TRUE
082,9,petal,-0.22838762373465002,-8.11346159666925,12,12,12,0,TRUE
082,9,fugal,1.509205828023369,106.20742800483058,12,12,12,0,TRUE
082,10,flashbaseline,-0.4563530445499857,NA,8,0,8,0,TRUE
082,10,petal,-0.4507200881443913,-19.36196668067062,12,12,12,0,TRUE
082,10,fugal,0.6652887834005952,30.165859678662766,12,12,12,0,TRUE
082,11,flashbaseline,0.5656511226790532,NA,8,0,8,0,TRUE
082,11,petal,0.6223964085337853,23.44652686830442,12,12,12,0,TRUE
082,11,fugal,2.477262250084777,153.07434776492013,12,12,12,0,TRUE
082,12,flashbaseline,0.983506356408654,NA,8,0,8,0,TRUE
082,12,petal,0.07843696356466692,18.730349806238173,12,12,12,0,TRUE
082,12,fugal,0.31041323026512496,33.88786282628419,12,12,12,0,TRUE
083,1,flashbaseline,0.18845803123336605,NA,8,0,8,0,TRUE
083,1,petal,1.9470700832924257,131.79521417568012,12,12,12,0,TRUE
083,1,fugal,-1.0099734756381598,-69.91549328413012,11,11,12,1,FALSE
083,2,flashbaseline,-0.2156808471585248,NA,8,0,8,0,TRUE
083,2,petal,2.4750641871731878,183.97493758243823,11,11,12,1,FALSE
083,2,fugal,0.2440110968983974,-0.96016062764721255,12,12,12,0,TRUE
083,3,flashbaseline,-0.3710875037267488,NA,8,0,8,0,TRUE
083,3,petal,2.4526994209237265,176.3764801978113,12,12,12,0,TRUE
083,3,fugal,-0.07870642381817809,-10.783120388407918,12,12,12,0,TRUE
083,4,flashbaseline,-0.5664072133230779,NA,8,0,8,0,TRUE
083,4,petal,2.605807767355033,177.87850057157445,11,11,12,1,FALSE
083,4,fugal,-0.2019207594926136,-12.388344991786811,12,12,12,0,TRUE
083,5,flashbaseline,0.172334329610619,NA,7,0,8,1,FALSE
083,5,petal,2.4868892505177396,179.97050503954037,12,12,12,0,TRUE
083,5,fugal,-0.8537872641374548,-64.62338273517118,12,12,12,0,TRUE
083,6,flashbaseline,0.1400030951533299,NA,8,0,8,0,TRUE
083,6,petal,2.1671291593954978,143.46626126695304,12,12,12,0,TRUE
083,6,fugal,-1.7836637048371113,-116.44604304839993,12,12,12,0,TRUE
083,7,flashbaseline,0.24358157649772746,NA,8,0,8,0,TRUE
083,7,petal,2.774257586466891,186.77871675396202,11,11,12,1,FALSE
083,7,fugal,0.22817556623406682,17.978789557419418,12,12,12,0,TRUE
083,8,flashbaseline,0.22583187578065303,NA,8,0,8,0,TRUE
083,8,petal,2.603459061026779,183.3173584353873,12,12,12,0,TRUE
083,8,fugal,-1.6033834404447915,-115.51666073593213,12,12,12,0,TRUE
083,9,flashbaseline,-0.4282060166301863,NA,8,0,8,0,TRUE
083,9,petal,2.9408891121592466,195.56970557020503,10,10,12,2,FALSE
083,9,fugal,-0.5961294320060678,-59.26706040928842,12,12,12,0,TRUE
084,1,flashbaseline,0.09342779850735505,NA,8,0,8,0,TRUE
084,1,petal,3.9251161128060366,263.1790954353703,12,12,12,0,TRUE
084,1,fugal,-0.7181169884367791,-36.360286721161565,12,12,12,0,TRUE
084,2,flashbaseline,-0.03062936899986196,NA,8,0,8,0,TRUE
084,2,petal,3.4905743365929376,242.35685838883944,12,12,12,0,TRUE
084,2,fugal,-0.8818794340334171,-66.74451059977659,12,12,12,0,TRUE
084,3,flashbaseline,0.15836702773277883,NA,8,0,8,0,TRUE
084,3,petal,4.698184266291889,319.79233274323366,12,12,12,0,TRUE
084,3,fugal,-0.2706588337400708,-24.746761458867358,12,12,12,0,TRUE
084,4,flashbaseline,-0.02961948277539475,NA,8,0,8,0,TRUE
084,4,petal,3.951916702549484,263.7413204212139,12,12,12,0,TRUE
084,4,fugal,-0.18454355506857825,-14.181362288480468,12,12,12,0,TRUE
084,5,flashbaseline,0.3656521410968473,NA,7,0,8,1,FALSE
084,5,petal,2.6168372518483407,175.72072701177765,12,12,12,0,TRUE
084,5,fugal,-0.452152343907656,-22.159219626723946,12,12,12,0,TRUE
084,6,flashbaseline,1.001425080629471,NA,8,0,8,0,TRUE
084,6,petal,4.263077935276695,294.85962700326735,12,12,12,0,TRUE
084,6,fugal,1.114139286630609,72.33738553154677,12,12,12,0,TRUE
084,7,flashbaseline,-0.04106417799273754,NA,8,0,8,0,TRUE
084,7,petal,3.558422198657175,231.03627681967427,12,12,12,0,TRUE
084,7,fugal,0.38419563335135626,20.532509866733214,12,12,12,0,TRUE
084,8,flashbaseline,0.19734574121084197,NA,8,0,8,0,TRUE
084,8,petal,3.203614719071772,223.34664986958612,12,12,12,0,TRUE
084,8,fugal,-0.19936050698232183,-9.387322017322198,12,12,12,0,TRUE
084,9,flashbaseline,0.3494170085475676,NA,8,0,8,0,TRUE
084,9,petal,3.7195759272605415,248.61799132441254,12,12,12,0,TRUE
084,9,fugal,-0.0030249886764938208,2.321665543647572,12,12,12,0,TRUE
084,10,flashbaseline,0.06686571402079403,NA,8,0,8,0,TRUE
084,10,petal,3.5633538074414597,232.26533186223435,12,12,12,0,TRUE
084,10,fugal,-0.21039776175695638,-11.052735312086002,12,12,12,0,TRUE
084,11,flashbaseline,0.17635772972481747,NA,8,0,8,0,TRUE
084,11,petal,3.999093860166419,275.06237171177435,12,12,12,0,TRUE
084,11,fugal,0.0075818404564116735,6.631974276128162,12,12,12,0,TRUE
084,12,flashbaseline,-0.9239067333409015,NA,8,0,8,0,TRUE
084,12,petal,3.213069236399473,195.56547373012395,12,12,12,0,TRUE
084,12,fugal,1.0729079397161607,65.82518869007968,12,12,12,0,TRUE
085,1,flashbaseline,-0.33741319516340723,NA,8,0,8,0,TRUE
085,1,petal,4.401496473529511,293.74458965046745,12,12,12,0,TRUE
085,1,fugal,2.264976835468907,150.44595882465447,12,12,12,0,TRUE
085,2,flashbaseline,0.19455189901280495,NA,8,0,8,0,TRUE
085,2,petal,4.728820157574407,324.0266290057697,12,12,12,0,TRUE
085,2,fugal,0.7860105869708424,56.25895746891162,12,12,12,0,TRUE
085,3,flashbaseline,-0.24185632967829884,NA,8,0,8,0,TRUE
085,3,petal,4.25239618290541,280.10128128041066,12,12,12,0,TRUE
085,3,fugal,-0.4398594309799739,-22.892084461334463,12,12,12,0,TRUE
085,4,flashbaseline,0.7880377113621274,NA,6,0,8,2,FALSE
085,4,petal,5.051272745181992,354.97917425864347,12,12,12,0,TRUE
085,4,fugal,0.5499685685852169,13.70323650799232,12,12,12,0,TRUE
085,5,flashbaseline,0.5340409318733339,NA,8,0,8,0,TRUE
085,5,petal,3.3449779476494723,233.61576703107028,12,12,12,0,TRUE
085,5,fugal,0.024627204072905178,-7.02270841294081,11,11,12,1,FALSE
085,6,flashbaseline,-0.020315788367777587,NA,8,0,8,0,TRUE
085,6,petal,4.608814452078657,315.0084850843433,12,12,12,0,TRUE
085,6,fugal,0.35548030949550224,22.620144840715493,12,12,12,0,TRUE
085,7,flashbaseline,0.41324802159143004,NA,8,0,8,0,TRUE
085,7,petal,5.376058635018602,365.39158078562787,12,12,12,0,TRUE
085,7,fugal,0.08099626964774424,27.10601906222019,12,12,12,0,TRUE
085,8,flashbaseline,-0.22555918737464592,NA,8,0,8,0,TRUE
085,8,petal,4.10282911542107,292.8330476587689,12,12,12,0,TRUE
085,8,fugal,0.25366279309474643,14.88965290088392,12,12,12,0,TRUE
085,9,flashbaseline,0.13817346596645555,NA,8,0,8,0,TRUE
085,9,petal,4.49805870288541,308.4577200207162,12,12,12,0,TRUE
085,9,fugal,0.1639250606382034,2.2483291004712656,12,12,12,0,TRUE
085,10,flashbaseline,-0.5923726374989473,NA,8,0,8,0,TRUE
085,10,petal,4.2224412464783745,299.6449917685418,12,12,12,0,TRUE
085,10,fugal,-0.16801023790635825,-18.861249713434045,12,12,12,0,TRUE
085,11,flashbaseline,0.7476372032639074,NA,7,0,8,1,FALSE
085,11,petal,4.651106450774088,324.09540726087465,12,12,12,0,TRUE
085,11,fugal,-0.9858422625204243,-75.55717032369672,12,12,12,0,TRUE
085,12,flashbaseline,0.3904009818040458,NA,8,0,8,0,TRUE
085,12,petal,5.048119047280277,353.31438229581806,12,12,12,0,TRUE
085,12,fugal,0.08491561823417032,0.9491033146442026,12,12,12,0,TRUE
086,1,flashbaseline,-0.6124382014384532,NA,8,0,8,0,TRUE
086,1,petal,4.190135769695514,292.2502760848054,11,11,12,1,FALSE
086,1,fugal,1.5113412229158152,103.00888330843753,12,12,12,0,TRUE
086,2,flashbaseline,0.0445790581427018,NA,8,0,8,0,TRUE
086,2,petal,4.263538704917591,288.84329737224243,12,12,12,0,TRUE
086,2,fugal,1.7143513630281366,109.35604223036002,12,12,12,0,TRUE
086,3,flashbaseline,0.3017374472630776,NA,8,0,8,0,TRUE
086,3,petal,4.8734713486976045,336.55243147768704,12,12,12,0,TRUE
086,3,fugal,-0.018879835568537163,2.002690009612238,12,12,12,0,TRUE
086,4,flashbaseline,0.07816012321040253,NA,8,0,8,0,TRUE
086,4,petal,3.9588942257457034,266.8404965196425,12,12,12,0,TRUE
086,4,fugal,0.2666480286290583,9.195277898967213,11,11,12,1,FALSE
086,5,flashbaseline,-0.34295081649845527,NA,8,0,8,0,TRUE
086,5,petal,4.110118136070316,280.8063460504279,11,11,12,1,FALSE
086,5,fugal,-0.4693522203926739,-33.8325406391951,12,12,12,0,TRUE
086,6,flashbaseline,0.5178429736629575,NA,8,0,8,0,TRUE
086,6,petal,3.704789401885341,245.26438300140674,12,12,12,0,TRUE
086,6,fugal,-0.22620540026886543,-23.58591527030385,12,12,12,0,TRUE
086,7,flashbaseline,-0.11573335961030023,NA,8,0,8,0,TRUE
086,7,petal,3.8456832909431125,255.22842621621615,12,12,12,0,TRUE
086,7,fugal,-0.18967514839581529,-20.580612078039724,12,12,12,0,TRUE
086,8,flashbaseline,0.16582116603793196,NA,8,0,8,0,TRUE
086,8,petal,4.070153180056398,299.6284665901939,12,12,12,0,TRUE
086,8,fugal,0.34003074584201143,17.429968827821277,12,12,12,0,TRUE
086,9,flashbaseline,0.14552754956804595,NA,8,0,8,0,TRUE
086,9,petal,3.799319061839503,246.86552862003708,12,12,12,0,TRUE
086,9,fugal,-0.3580997791047863,-28.21092626413556,12,12,12,0,TRUE
086,10,flashbaseline,-0.6893159176505534,NA,8,0,8,0,TRUE
086,10,petal,4.16351755046608,288.013992120926,12,12,12,0,TRUE
086,10,fugal,-0.10098933588753058,-2.989111027176482,12,12,12,0,TRUE
086,11,flashbaseline,-0.34713785493800514,NA,8,0,8,0,TRUE
086,11,petal,4.212214779864677,283.290573703565,12,12,12,0,TRUE
086,11,fugal,-0.12066531577700979,-9.548792420451155,12,12,12,0,TRUE
086,12,flashbaseline,-0.3890848695232142,NA,8,0,8,0,TRUE
086,12,petal,3.9523937514082284,273.9372454120047,12,12,12,0,TRUE
086,12,fugal,-0.2995738054719588,-15.804466826405871,12,12,12,0,TRUE
087,1,flashbaseline,0.30337013286646797,NA,8,0,8,0,TRUE
087,1,petal,3.6493053795172994,252.69259085077294,12,12,12,0,TRUE
087,1,fugal,1.922162482622947,127.57142334901033,12,12,12,0,TRUE
087,2,flashbaseline,0.04961452113236109,NA,8,0,8,0,TRUE
087,2,petal,4.135023809447608,276.01726805913216,12,12,12,0,TRUE
087,2,fugal,1.2038517562457165,71.43166609804778,12,12,12,0,TRUE
087,3,flashbaseline,-0.41960609100195007,NA,8,0,8,0,TRUE
087,3,petal,4.310781825456655,288.09732375315537,12,12,12,0,TRUE
087,3,fugal,2.3913875235887403,168.71612914942358,12,12,12,0,TRUE
087,4,flashbaseline,0.4870415955794616,NA,8,0,8,0,TRUE
087,4,petal,3.950347097278483,256.28174699864576,12,12,12,0,TRUE
087,4,fugal,2.419069206938232,159.365852059061,12,12,12,0,TRUE
087,5,flashbaseline,-0.42938195128157564,NA,8,0,8,0,TRUE
087,5,petal,2.6610169869430558,186.24617796245292,12,12,12,0,TRUE
087,5,fugal,1.2689946998191828,68.13113935081682,12,12,12,0,TRUE
087,6,flashbaseline,-0.23068356577403631,NA,8,0,8,0,TRUE
087,6,petal,3.9063937694864252,271.19322053597017,12,12,12,0,TRUE
087,6,fugal,1.6385636622462123,107.55334813743679,12,12,12,0,TRUE
087,7,flashbaseline,0.33607243128821,NA,8,0,8,0,TRUE
087,7,petal,3.9189407005095203,257.8392972003928,12,12,12,0,TRUE
087,7,fugal,1.7858662281429387,128.6059846929296,12,12,12,0,TRUE
087,8,flashbaseline,0.20298459459419171,NA,8,0,8,0,TRUE
087,8,petal,4.039583254836808,289.1620597060319,12,12,12,0,TRUE
087,8,fugal,1.9063361550833247,111.4656508261515,12,12,12,0,TRUE
087,9,flashbaseline,0.7536620530332407,NA,8,0,8,0,TRUE
087,9,petal,3.6616392177654915,248.10110946730617,12,12,12,0,TRUE
087,9,fugal,1.3129148377346682,82.91727882080605,12,12,12,0,TRUE
087,10,flashbaseline,0.18399019441026943,NA,8,0,8,0,TRUE
087,10,petal,3.293432055811463,226.23035211615252,12,12,12,0,TRUE
087,10,fugal,1.076359707558953,77.77678171783025,12,12,12,0,TRUE
087,11,flashbaseline,0.29927818986363014,NA,7,0,8,1,FALSE
087,11,petal,3.517053575684261,238.7733563190264,11,11,12,1,FALSE
087,11,fugal,1.464635481174047,98.8000274723035,11,11,12,1,FALSE
087,12,flashbaseline,-0.462623903279513,NA,7,0,8,1,FALSE
087,12,petal,3.704801725076721,249.69677105862166,12,12,12,0,TRUE
087,12,fugal,1.4347751784305445,97.49569449473192,12,12,12,0,TRUE
088,1,flashbaseline,-0.11769070325766673,NA,8,0,8,0,TRUE
088,1,petal,3.056005575258274,194.98973382477047,12,12,12,0,TRUE
088,1,fugal,3.0732972173716884,209.58541477146377,12,12,12,0,TRUE
088,2,flashbaseline,-0.2575805528845897,NA,8,0,8,0,TRUE
088,2,petal,3.210008436245459,205.59429498214237,12,12,12,0,TRUE
088,2,fugal,3.010304408260254,202.04752272600163,12,12,12,0,TRUE
088,3,flashbaseline,0.7082022835953807,NA,8,0,8,0,TRUE
088,3,petal,3.8601901132622705,253.5791014089766,12,12,12,0,TRUE
088,3,fugal,4.897431393487198,335.01094734332884,12,12,12,0,TRUE
088,4,flashbaseline,0.47633695661596615,NA,8,0,8,0,TRUE
088,4,petal,2.589882860596201,166.75388650611046,12,12,12,0,TRUE
088,4,fugal,3.960129377218934,284.80333175582075,12,12,12,0,TRUE
088,5,flashbaseline,0.01612502929601345,NA,8,0,8,0,TRUE
088,5,petal,3.7512829647954735,256.5755927505019,12,12,12,0,TRUE
088,5,fugal,3.224941815386535,207.31885617606548,12,12,12,0,TRUE
088,6,flashbaseline,0.12160303039293119,NA,6,0,8,2,FALSE
088,6,petal,3.9536273374193387,256.4480246421164,12,12,12,0,TRUE
088,6,fugal,3.661916993304546,265.2311268972055,12,12,12,0,TRUE
088,7,flashbaseline,-0.582428784174868,NA,8,0,8,0,TRUE
088,7,petal,3.816401226986852,264.96089799099377,10,10,12,2,FALSE
088,7,fugal,3.643545768829323,235.22561886571478,10,10,12,2,FALSE
088,8,flashbaseline,-1.5520008652432427,NA,8,0,8,0,TRUE
088,8,petal,3.373422014486722,219.7348153592487,12,12,12,0,TRUE
088,8,fugal,3.7906542006251174,273.45447757444055,12,12,12,0,TRUE
088,9,flashbaseline,-0.5885763501849949,NA,8,0,8,0,TRUE
088,9,petal,4.106644470593833,277.44682683070545,12,12,12,0,TRUE
088,9,fugal,3.6607960009500937,261.32710903018835,12,12,12,0,TRUE
088,10,flashbaseline,0.42278799675063594,NA,8,0,8,0,TRUE
088,10,petal,4.054472201574699,287.7050504901908,12,12,12,0,TRUE
088,10,fugal,2.6296133173288245,175.128407429203,12,12,12,0,TRUE
088,11,flashbaseline,0.3593871276171669,NA,8,0,8,0,TRUE
088,11,petal,3.3001305197039343,223.35630567162968,12,12,12,0,TRUE
088,11,fugal,3.3750921551797672,229.66188358254138,12,12,12,0,TRUE
088,12,flashbaseline,0.6942542236701714,NA,8,0,8,0,TRUE
088,12,petal,3.910178832433929,267.0675205179219,12,12,12,0,TRUE
088,12,fugal,2.718819648641191,192.50017363654743,12,12,12,0,TRUE
